id,filename,relative_path,raw_timestamp,timestamp,depth,gain,frequency,bpp,image_width,image_height,micropixel,test_name,test_id,mask_status,mask_path
0,0000_1753176200174_T_1.png,data\phantom_taobao\images\0000_1753176200174_T_1.png,670211299690,1753176200174,4,50,8/10.0,4.0,528,557,72.34590065828846,phantom_taobao,1,negative,data\phantom_taobao\masks\0000_1753176200174_T_1_mask.png
1,0001_1753176203081_T_1.png,data\phantom_taobao\images\0001_1753176203081_T_1.png,672928345260,1753176203081,4,50,8/10.0,4.0,528,557,72.34590065828846,phantom_taobao,1,negative,data\phantom_taobao\masks\0001_1753176203081_T_1_mask.png
2,0002_1753176205250_T_1.png,data\phantom_taobao\images\0002_1753176205250_T_1.png,675190125160,1753176205250,4,50,8/10.0,4.0,528,557,72.34590065828846,phantom_taobao,1,negative,data\phantom_taobao\masks\0002_1753176205250_T_1_mask.png
3,0003_1753176220083_T_1.png,data\phantom_taobao\images\0003_1753176220083_T_1.png,690141683640,1753176220083,4,50,8/10.0,4.0,528,557,72.34590065828846,phantom_taobao,1,positive,data\phantom_taobao\masks\0003_1753176220083_T_1_mask.png
4,0004_1753176228033_T_1.png,data\phantom_taobao\images\0004_1753176228033_T_1.png,698067147610,1753176228033,4,50,8/10.0,4.0,528,557,72.34590065828846,phantom_taobao,1,positive,data\phantom_taobao\masks\0004_1753176228033_T_1_mask.png
5,0005_1753176231161_T_1.png,data\phantom_taobao\images\0005_1753176231161_T_1.png,701214533900,1753176231161,4,50,8/10.0,4.0,528,557,72.34590065828846,phantom_taobao,1,positive,data\phantom_taobao\masks\0005_1753176231161_T_1_mask.png
6,0006_1753176235203_T_1.png,data\phantom_taobao\images\0006_1753176235203_T_1.png,705283705070,1753176235203,4,50,8/10.0,4.0,528,557,72.34590065828846,phantom_taobao,1,positive,data\phantom_taobao\masks\0006_1753176235203_T_1_mask.png
7,0007_1753176238032_T_1.png,data\phantom_taobao\images\0007_1753176238032_T_1.png,708104711980,1753176238032,4,50,8/10.0,4.0,528,557,72.34590065828846,phantom_taobao,1,positive,data\phantom_taobao\masks\0007_1753176238032_T_1_mask.png
8,0008_1753176240248_T_1.png,data\phantom_taobao\images\0008_1753176240248_T_1.png,710329729710,1753176240248,4,50,8/10.0,4.0,528,557,72.34590065828846,phantom_taobao,1,positive,data\phantom_taobao\masks\0008_1753176240248_T_1_mask.png
9,0009_1753176242747_T_1.png,data\phantom_taobao\images\0009_1753176242747_T_1.png,712826035430,1753176242747,4,50,8/10.0,4.0,528,557,72.34590065828846,phantom_taobao,1,positive,data\phantom_taobao\masks\0009_1753176242747_T_1_mask.png
10,0010_1753176245318_T_1.png,data\phantom_taobao\images\0010_1753176245318_T_1.png,715377771190,1753176245318,4,50,8/10.0,4.0,528,557,72.34590065828846,phantom_taobao,1,positive,data\phantom_taobao\masks\0010_1753176245318_T_1_mask.png
11,0011_1753176253441_T_1.png,data\phantom_taobao\images\0011_1753176253441_T_1.png,723518559160,1753176253441,4,50,8/10.0,4.0,528,557,72.34590065828846,phantom_taobao,1,positive,data\phantom_taobao\masks\0011_1753176253441_T_1_mask.png
12,0012_1753176256475_T_1.png,data\phantom_taobao\images\0012_1753176256475_T_1.png,726557688190,1753176256475,4,50,8/10.0,4.0,528,557,72.34590065828846,phantom_taobao,1,positive,data\phantom_taobao\masks\0012_1753176256475_T_1_mask.png
13,0013_1753176260225_T_1.png,data\phantom_taobao\images\0013_1753176260225_T_1.png,730303534330,1753176260225,4,50,8/10.0,4.0,528,557,72.34590065828846,phantom_taobao,1,positive,data\phantom_taobao\masks\0013_1753176260225_T_1_mask.png
14,0014_1753176269257_T_1.png,data\phantom_taobao\images\0014_1753176269257_T_1.png,739313456870,1753176269257,4,50,8/10.0,4.0,528,557,72.34590065828846,phantom_taobao,1,positive,data\phantom_taobao\masks\0014_1753176269257_T_1_mask.png
15,0015_1753176273782_T_1.png,data\phantom_taobao\images\0015_1753176273782_T_1.png,743816926750,1753176273782,4,50,8/10.0,4.0,528,557,72.34590065828846,phantom_taobao,1,positive,data\phantom_taobao\masks\0015_1753176273782_T_1_mask.png
16,0016_1753176278565_T_1.png,data\phantom_taobao\images\0016_1753176278565_T_1.png,748647320620,1753176278565,4,50,8/10.0,4.0,528,557,72.34590065828846,phantom_taobao,1,positive,data\phantom_taobao\masks\0016_1753176278565_T_1_mask.png
17,0017_1753176285630_T_1.png,data\phantom_taobao\images\0017_1753176285630_T_1.png,755710479070,1753176285630,4,50,8/10.0,4.0,528,557,72.34590065828846,phantom_taobao,1,positive,data\phantom_taobao\masks\0017_1753176285630_T_1_mask.png
18,0018_1753176292176_T_1.png,data\phantom_taobao\images\0018_1753176292176_T_1.png,762232180150,1753176292176,4,50,8/10.0,4.0,528,557,72.34590065828846,phantom_taobao,1,positive,data\phantom_taobao\masks\0018_1753176292176_T_1_mask.png
19,0019_1753176295188_T_1.png,data\phantom_taobao\images\0019_1753176295188_T_1.png,765272847230,1753176295188,4,50,8/10.0,4.0,528,557,72.34590065828846,phantom_taobao,1,positive,data\phantom_taobao\masks\0019_1753176295188_T_1_mask.png
20,0020_1753176301274_T_1.png,data\phantom_taobao\images\0020_1753176301274_T_1.png,771354265950,1753176301274,4,50,8/10.0,4.0,528,557,72.34590065828846,phantom_taobao,1,positive,data\phantom_taobao\masks\0020_1753176301274_T_1_mask.png
21,0021_1753176304755_T_1.png,data\phantom_taobao\images\0021_1753176304755_T_1.png,774826544660,1753176304755,4,50,8/10.0,4.0,528,557,72.34590065828846,phantom_taobao,1,positive,data\phantom_taobao\masks\0021_1753176304755_T_1_mask.png
22,0022_1753176309746_T_1.png,data\phantom_taobao\images\0022_1753176309746_T_1.png,779817503960,1753176309746,4,50,8/10.0,4.0,528,557,72.34590065828846,phantom_taobao,1,positive,data\phantom_taobao\masks\0022_1753176309746_T_1_mask.png
23,0023_1753176313451_T_1.png,data\phantom_taobao\images\0023_1753176313451_T_1.png,783508875480,1753176313451,4,50,8/10.0,4.0,528,557,72.34590065828846,phantom_taobao,1,positive,data\phantom_taobao\masks\0023_1753176313451_T_1_mask.png
24,0024_1753176316701_T_1.png,data\phantom_taobao\images\0024_1753176316701_T_1.png,786766367910,1753176316701,4,50,8/10.0,4.0,528,557,72.34590065828846,phantom_taobao,1,positive,data\phantom_taobao\masks\0024_1753176316701_T_1_mask.png
25,0025_1753176322008_T_1.png,data\phantom_taobao\images\0025_1753176322008_T_1.png,792087498380,1753176322008,4,50,8/10.0,4.0,528,557,72.34590065828846,phantom_taobao,1,pass,
26,0026_1753176325069_T_1.png,data\phantom_taobao\images\0026_1753176325069_T_1.png,795126851260,1753176325069,4,50,8/10.0,4.0,528,557,72.34590065828846,phantom_taobao,1,pass,
27,0027_1753176328595_T_1.png,data\phantom_taobao\images\0027_1753176328595_T_1.png,798656277660,1753176328595,4,50,8/10.0,4.0,528,557,72.34590065828846,phantom_taobao,1,pass,
28,0028_1753176335418_T_1.png,data\phantom_taobao\images\0028_1753176335418_T_1.png,805497769480,1753176335418,4,50,8/10.0,4.0,528,557,72.34590065828846,phantom_taobao,1,positive,data\phantom_taobao\masks\0028_1753176335418_T_1_mask.png
29,0029_1753176338236_T_1.png,data\phantom_taobao\images\0029_1753176338236_T_1.png,808320459980,1753176338236,4,50,8/10.0,4.0,528,557,72.34590065828846,phantom_taobao,1,positive,data\phantom_taobao\masks\0029_1753176338236_T_1_mask.png
30,0030_1753176348426_T_1.png,data\phantom_taobao\images\0030_1753176348426_T_1.png,818504345600,1753176348426,4,50,8/10.0,4.0,528,557,72.34590065828846,phantom_taobao,1,positive,data\phantom_taobao\masks\0030_1753176348426_T_1_mask.png
31,0031_1753176351289_T_1.png,data\phantom_taobao\images\0031_1753176351289_T_1.png,821364252810,1753176351289,4,50,8/10.0,4.0,528,557,72.34590065828846,phantom_taobao,1,positive,data\phantom_taobao\masks\0031_1753176351289_T_1_mask.png
32,0032_1753176364749_T_1.png,data\phantom_taobao\images\0032_1753176364749_T_1.png,834810379860,1753176364749,4,50,8/10.0,4.0,528,557,72.34590065828846,phantom_taobao,1,positive,data\phantom_taobao\masks\0032_1753176364749_T_1_mask.png
33,0033_1753176369432_T_1.png,data\phantom_taobao\images\0033_1753176369432_T_1.png,839508786340,1753176369432,4,50,8/10.0,4.0,528,557,72.34590065828846,phantom_taobao,1,positive,data\phantom_taobao\masks\0033_1753176369432_T_1_mask.png
34,0034_1753176371857_T_1.png,data\phantom_taobao\images\0034_1753176371857_T_1.png,841937909380,1753176371857,4,50,8/10.0,4.0,528,557,72.34590065828846,phantom_taobao,1,positive,data\phantom_taobao\masks\0034_1753176371857_T_1_mask.png
35,0035_1753178525350_T_1.png,data\phantom_taobao\images\0035_1753178525350_T_1.png,223303975130,1753178525350,4,50,8/10.0,4.0,532,557,71.79293836026332,phantom_taobao,1,positive,data\phantom_taobao\masks\0035_1753178525350_T_1_mask.png
36,0036_1753178534829_T_1.png,data\phantom_taobao\images\0036_1753178534829_T_1.png,232762775940,1753178534829,4,50,8/10.0,4.0,532,557,71.79293836026332,phantom_taobao,1,positive,data\phantom_taobao\masks\0036_1753178534829_T_1_mask.png
37,0037_1753178612999_T_1.png,data\phantom_taobao\images\0037_1753178612999_T_1.png,310978290400,1753178612999,5,70,8/10.0,4.0,426,557,89.71813285457812,phantom_taobao,1,pass,
38,0038_1753178789243_T_1.png,data\phantom_taobao\images\0038_1753178789243_T_1.png,487224544750,1753178789243,5,70,8/10.0,4.0,424,557,90.13285457809695,phantom_taobao,1,positive,data\phantom_taobao\masks\0038_1753178789243_T_1_mask.png
39,0039_1753178794167_T_1.png,data\phantom_taobao\images\0039_1753178794167_T_1.png,492146144130,1753178794167,5,70,8/10.0,4.0,424,557,90.13285457809695,phantom_taobao,1,positive,data\phantom_taobao\masks\0039_1753178794167_T_1_mask.png
40,0040_1753178796800_T_1.png,data\phantom_taobao\images\0040_1753178796800_T_1.png,494775074810,1753178796800,5,70,8/10.0,4.0,424,557,90.13285457809695,phantom_taobao,1,positive,data\phantom_taobao\masks\0040_1753178796800_T_1_mask.png
41,0041_1753178803543_T_1.png,data\phantom_taobao\images\0041_1753178803543_T_1.png,501540427680,1753178803543,5,70,8/10.0,4.0,424,557,90.13285457809695,phantom_taobao,1,positive,data\phantom_taobao\masks\0041_1753178803543_T_1_mask.png
42,0042_1753178806006_T_1.png,data\phantom_taobao\images\0042_1753178806006_T_1.png,504000898430,1753178806006,5,70,8/10.0,4.0,424,557,90.13285457809695,phantom_taobao,1,positive,data\phantom_taobao\masks\0042_1753178806006_T_1_mask.png
43,0043_1753178808313_T_1.png,data\phantom_taobao\images\0043_1753178808313_T_1.png,506292790580,1753178808313,5,70,8/10.0,4.0,424,557,90.13285457809695,phantom_taobao,1,positive,data\phantom_taobao\masks\0043_1753178808313_T_1_mask.png
44,0044_1753178811655_T_1.png,data\phantom_taobao\images\0044_1753178811655_T_1.png,509647926980,1753178811655,5,70,8/10.0,4.0,424,557,90.13285457809695,phantom_taobao,1,positive,data\phantom_taobao\masks\0044_1753178811655_T_1_mask.png
45,0045_1753178814138_T_1.png,data\phantom_taobao\images\0045_1753178814138_T_1.png,512107941320,1753178814138,5,70,8/10.0,4.0,424,557,90.13285457809695,phantom_taobao,1,positive,data\phantom_taobao\masks\0045_1753178814138_T_1_mask.png
46,0046_1753178818351_T_1.png,data\phantom_taobao\images\0046_1753178818351_T_1.png,516303605030,1753178818351,5,70,8/10.0,4.0,424,557,90.13285457809695,phantom_taobao,1,positive,data\phantom_taobao\masks\0046_1753178818351_T_1_mask.png
47,0047_1753178864670_T_1.png,data\phantom_taobao\images\0047_1753178864670_T_1.png,562662040410,1753178864670,5,70,8/10.0,4.0,424,557,89.99461400359066,phantom_taobao,1,positive,data\phantom_taobao\masks\0047_1753178864670_T_1_mask.png
48,0048_1753178869365_T_1.png,data\phantom_taobao\images\0048_1753178869365_T_1.png,567362216580,1753178869365,5,70,8/10.0,4.0,424,557,89.99461400359066,phantom_taobao,1,pass,
49,0049_1753178872957_T_1.png,data\phantom_taobao\images\0049_1753178872957_T_1.png,570944017310,1753178872957,5,70,8/10.0,4.0,424,557,89.99461400359066,phantom_taobao,1,pass,
50,0050_1753178880948_T_1.png,data\phantom_taobao\images\0050_1753178880948_T_1.png,578945313800,1753178880948,5,70,8/10.0,4.0,424,557,89.99461400359066,phantom_taobao,1,positive,data\phantom_taobao\masks\0050_1753178880948_T_1_mask.png
51,0051_1753178884862_T_1.png,data\phantom_taobao\images\0051_1753178884862_T_1.png,582863083050,1753178884862,5,70,8/10.0,4.0,424,557,89.99461400359066,phantom_taobao,1,positive,data\phantom_taobao\masks\0051_1753178884862_T_1_mask.png
52,0052_1753178888375_T_1.png,data\phantom_taobao\images\0052_1753178888375_T_1.png,586330952630,1753178888375,5,70,8/10.0,4.0,424,557,89.99461400359066,phantom_taobao,1,pass,
53,0053_1753178896278_T_1.png,data\phantom_taobao\images\0053_1753178896278_T_1.png,594276081010,1753178896278,5,70,8/10.0,4.0,424,557,89.99461400359066,phantom_taobao,1,positive,data\phantom_taobao\masks\0053_1753178896278_T_1_mask.png
54,0054_1753178899557_T_1.png,data\phantom_taobao\images\0054_1753178899557_T_1.png,597521304490,1753178899557,5,70,8/10.0,4.0,424,557,89.99461400359066,phantom_taobao,1,positive,data\phantom_taobao\masks\0054_1753178899557_T_1_mask.png
55,0055_1753178913394_T_1.png,data\phantom_taobao\images\0055_1753178913394_T_1.png,611394638910,1753178913394,5,70,8/10.0,4.0,424,557,89.99461400359066,phantom_taobao,1,positive,data\phantom_taobao\masks\0055_1753178913394_T_1_mask.png
56,0056_1753178916873_T_1.png,data\phantom_taobao\images\0056_1753178916873_T_1.png,614862022390,1753178916873,5,70,8/10.0,4.0,424,557,89.99461400359066,phantom_taobao,1,positive,data\phantom_taobao\masks\0056_1753178916873_T_1_mask.png
57,0057_1753178940385_T_1.png,data\phantom_taobao\images\0057_1753178940385_T_1.png,638361021960,1753178940385,5,70,8/10.0,4.0,424,557,89.99461400359066,phantom_taobao,1,positive,data\phantom_taobao\masks\0057_1753178940385_T_1_mask.png
58,0058_1753178944302_T_1.png,data\phantom_taobao\images\0058_1753178944302_T_1.png,642230740410,1753178944302,4,70,8/10.0,4.0,530,557,71.97725912627169,phantom_taobao,1,positive,data\phantom_taobao\masks\0058_1753178944302_T_1_mask.png
59,0059_1753178946850_T_1.png,data\phantom_taobao\images\0059_1753178946850_T_1.png,644778042980,1753178946850,4,70,8/10.0,4.0,530,557,71.97725912627169,phantom_taobao,1,positive,data\phantom_taobao\masks\0059_1753178946850_T_1_mask.png
60,0060_1753178949735_T_1.png,data\phantom_taobao\images\0060_1753178949735_T_1.png,647725932270,1753178949735,4,70,8/10.0,4.0,530,557,71.97725912627169,phantom_taobao,1,positive,data\phantom_taobao\masks\0060_1753178949735_T_1_mask.png
61,0061_1753178960115_T_1.png,data\phantom_taobao\images\0061_1753178960115_T_1.png,658046476440,1753178960115,4,70,8/10.0,4.0,530,557,71.97725912627169,phantom_taobao,1,positive,data\phantom_taobao\masks\0061_1753178960115_T_1_mask.png
62,0062_1753178977751_T_1.png,data\phantom_taobao\images\0062_1753178977751_T_1.png,675743444690,1753178977751,4,70,8/10.0,4.0,530,557,71.97725912627169,phantom_taobao,1,positive,data\phantom_taobao\masks\0062_1753178977751_T_1_mask.png
63,0063_1753178980357_T_1.png,data\phantom_taobao\images\0063_1753178980357_T_1.png,678290470810,1753178980357,4,70,8/10.0,4.0,530,557,71.97725912627169,phantom_taobao,1,positive,data\phantom_taobao\masks\0063_1753178980357_T_1_mask.png
64,0064_1753178983718_T_1.png,data\phantom_taobao\images\0064_1753178983718_T_1.png,681709054100,1753178983718,4,70,8/10.0,4.0,530,557,71.97725912627169,phantom_taobao,1,positive,data\phantom_taobao\masks\0064_1753178983718_T_1_mask.png
65,0065_1753178986537_T_1.png,data\phantom_taobao\images\0065_1753178986537_T_1.png,684523775860,1753178986537,4,70,8/10.0,4.0,530,557,71.97725912627169,phantom_taobao,1,positive,data\phantom_taobao\masks\0065_1753178986537_T_1_mask.png
66,0066_1753178989147_T_1.png,data\phantom_taobao\images\0066_1753178989147_T_1.png,687070277830,1753178989147,4,70,8/10.0,4.0,530,557,71.97725912627169,phantom_taobao,1,positive,data\phantom_taobao\masks\0066_1753178989147_T_1_mask.png
67,0067_1753178991712_T_1.png,data\phantom_taobao\images\0067_1753178991712_T_1.png,689683095200,1753178991712,4,70,8/10.0,4.0,530,557,71.97725912627169,phantom_taobao,1,positive,data\phantom_taobao\masks\0067_1753178991712_T_1_mask.png
68,0068_1753179008970_T_1.png,data\phantom_taobao\images\0068_1753179008970_T_1.png,706911749870,1753179008970,4,70,8/10.0,4.0,530,557,71.97725912627169,phantom_taobao,1,positive,data\phantom_taobao\masks\0068_1753179008970_T_1_mask.png
69,0069_1753179018525_T_1.png,data\phantom_taobao\images\0069_1753179018525_T_1.png,716495336710,1753179018525,4,70,8/10.0,4.0,530,557,71.97725912627169,phantom_taobao,1,positive,data\phantom_taobao\masks\0069_1753179018525_T_1_mask.png
70,0070_1753179028968_T_1.png,data\phantom_taobao\images\0070_1753179028968_T_1.png,726947491510,1753179028968,4,70,8/10.0,4.0,530,557,71.97725912627169,phantom_taobao,1,positive,data\phantom_taobao\masks\0070_1753179028968_T_1_mask.png
71,0071_1753179040081_T_1.png,data\phantom_taobao\images\0071_1753179040081_T_1.png,738070296250,1753179040081,4,70,8/10.0,4.0,530,557,71.97725912627169,phantom_taobao,1,positive,data\phantom_taobao\masks\0071_1753179040081_T_1_mask.png
72,0072_1753179069224_T_1.png,data\phantom_taobao\images\0072_1753179069224_T_1.png,767178579440,1753179069224,4,70,8/10.0,4.0,530,557,71.97725912627169,phantom_taobao,1,positive,data\phantom_taobao\masks\0072_1753179069224_T_1_mask.png
73,0073_1753179072164_T_1.png,data\phantom_taobao\images\0073_1753179072164_T_1.png,770126894180,1753179072164,4,70,8/10.0,4.0,530,557,71.97725912627169,phantom_taobao,1,positive,data\phantom_taobao\masks\0073_1753179072164_T_1_mask.png
74,0074_1753179098969_T_1.png,data\phantom_taobao\images\0074_1753179098969_T_1.png,796895811790,1753179098969,4,70,8/10.0,4.0,530,557,71.97725912627169,phantom_taobao,1,positive,data\phantom_taobao\masks\0074_1753179098969_T_1_mask.png
75,0075_1753179105530_T_1.png,data\phantom_taobao\images\0075_1753179105530_T_1.png,803265577150,1753179105530,4,70,8/10.0,4.0,530,557,71.97725912627169,phantom_taobao,1,positive,data\phantom_taobao\masks\0075_1753179105530_T_1_mask.png
76,0076_1753179111315_T_1.png,data\phantom_taobao\images\0076_1753179111315_T_1.png,809298140260,1753179111315,4,70,8/10.0,4.0,530,557,71.97725912627169,phantom_taobao,1,positive,data\phantom_taobao\masks\0076_1753179111315_T_1_mask.png
77,0077_1753179114443_T_1.png,data\phantom_taobao\images\0077_1753179114443_T_1.png,812381802190,1753179114443,4,70,8/10.0,4.0,530,557,71.97725912627169,phantom_taobao,1,positive,data\phantom_taobao\masks\0077_1753179114443_T_1_mask.png
78,0078_1753179118051_T_1.png,data\phantom_taobao\images\0078_1753179118051_T_1.png,816002615740,1753179118051,4,70,8/10.0,4.0,530,557,71.97725912627169,phantom_taobao,1,positive,data\phantom_taobao\masks\0078_1753179118051_T_1_mask.png
79,0079_1753179125782_T_1.png,data\phantom_taobao\images\0079_1753179125782_T_1.png,823777242840,1753179125782,4,70,8/10.0,4.0,530,557,71.97725912627169,phantom_taobao,1,positive,data\phantom_taobao\masks\0079_1753179125782_T_1_mask.png
80,0080_1753179128060_T_1.png,data\phantom_taobao\images\0080_1753179128060_T_1.png,825990391890,1753179128060,4,70,8/10.0,4.0,530,557,71.97725912627169,phantom_taobao,1,positive,data\phantom_taobao\masks\0080_1753179128060_T_1_mask.png
81,0081_1753179145784_T_1.png,data\phantom_taobao\images\0081_1753179145784_T_1.png,843717383200,1753179145784,4,70,8/10.0,4.0,530,557,71.97725912627169,phantom_taobao,1,positive,data\phantom_taobao\masks\0081_1753179145784_T_1_mask.png
82,0082_1753179155590_T_1.png,data\phantom_taobao\images\0082_1753179155590_T_1.png,853565941910,1753179155590,4,70,8/10.0,4.0,530,557,71.97725912627169,phantom_taobao,1,positive,data\phantom_taobao\masks\0082_1753179155590_T_1_mask.png
85,0085_1753179174534_T_1.png,data\phantom_taobao\images\0085_1753179174534_T_1.png,872465142970,1753179174534,4,70,8/10.0,4.0,530,557,71.97725912627169,phantom_taobao,1,positive,data\phantom_taobao\masks\0085_1753179174534_T_1_mask.png
86,0086_1753179226442_T_1.png,data\phantom_taobao\images\0086_1753179226442_T_1.png,924375544510,1753179226442,4,70,8/10.0,4.0,530,557,71.97725912627169,phantom_taobao,1,positive,data\phantom_taobao\masks\0086_1753179226442_T_1_mask.png
87,0087_1753179234900_T_1.png,data\phantom_taobao\images\0087_1753179234900_T_1.png,932889422560,1753179234900,4,70,8/10.0,4.0,530,557,71.97725912627169,phantom_taobao,1,positive,data\phantom_taobao\masks\0087_1753179234900_T_1_mask.png
88,0088_1753179238187_T_1.png,data\phantom_taobao\images\0088_1753179238187_T_1.png,936172956380,1753179238187,4,70,8/10.0,4.0,530,557,71.97725912627169,phantom_taobao,1,positive,data\phantom_taobao\masks\0088_1753179238187_T_1_mask.png
87,0087_1753179394731_T_1.png,data\phantom_taobao\images\0087_1753179394731_T_1.png,1092718438170,1753179394731,4,70,8/10.0,4.0,530,557,71.97725912627169,phantom_taobao,1,positive,data\phantom_taobao\masks\0087_1753179394731_T_1_mask.png
88,0088_1753179397169_T_1.png,data\phantom_taobao\images\0088_1753179397169_T_1.png,1095129259390,1753179397169,4,70,8/10.0,4.0,530,557,71.97725912627169,phantom_taobao,1,positive,data\phantom_taobao\masks\0088_1753179397169_T_1_mask.png
89,0089_1753179400042_T_1.png,data\phantom_taobao\images\0089_1753179400042_T_1.png,1098009441030,1753179400042,4,70,8/10.0,4.0,530,557,71.97725912627169,phantom_taobao,1,positive,data\phantom_taobao\masks\0089_1753179400042_T_1_mask.png
90,0090_1753179414451_T_1.png,data\phantom_taobao\images\0090_1753179414451_T_1.png,1112419990490,1753179414451,4,70,8/10.0,4.0,530,557,71.97725912627169,phantom_taobao,1,positive,data\phantom_taobao\masks\0090_1753179414451_T_1_mask.png
91,0091_1753179416847_T_1.png,data\phantom_taobao\images\0091_1753179416847_T_1.png,1114833733400,1753179416847,4,70,8/10.0,4.0,530,557,71.97725912627169,phantom_taobao,1,positive,data\phantom_taobao\masks\0091_1753179416847_T_1_mask.png
92,0092_1753179419267_T_1.png,data\phantom_taobao\images\0092_1753179419267_T_1.png,1117247437660,1753179419267,4,70,8/10.0,4.0,530,557,71.97725912627169,phantom_taobao,1,positive,data\phantom_taobao\masks\0092_1753179419267_T_1_mask.png
93,0093_1753179434124_T_1.png,data\phantom_taobao\images\0093_1753179434124_T_1.png,1132059277500,1753179434124,4,70,8/10.0,4.0,530,557,71.97725912627169,phantom_taobao,1,positive,data\phantom_taobao\masks\0093_1753179434124_T_1_mask.png
94,0094_1753179439006_T_1.png,data\phantom_taobao\images\0094_1753179439006_T_1.png,1136954073280,1753179439006,4,70,8/10.0,4.0,530,557,71.97725912627169,phantom_taobao,1,positive,data\phantom_taobao\masks\0094_1753179439006_T_1_mask.png
95,0095_1753179442644_T_1.png,data\phantom_taobao\images\0095_1753179442644_T_1.png,1140640087580,1753179442644,4,70,8/10.0,4.0,530,557,71.97725912627169,phantom_taobao,1,positive,data\phantom_taobao\masks\0095_1753179442644_T_1_mask.png
96,0096_1753179445747_T_1.png,data\phantom_taobao\images\0096_1753179445747_T_1.png,1143723850480,1753179445747,4,70,8/10.0,4.0,530,557,71.97725912627169,phantom_taobao,1,positive,data\phantom_taobao\masks\0096_1753179445747_T_1_mask.png
97,0097_1753179451810_T_1.png,data\phantom_taobao\images\0097_1753179451810_T_1.png,1149757165980,1753179451810,4,70,8/10.0,4.0,530,557,71.97725912627169,phantom_taobao,1,positive,data\phantom_taobao\masks\0097_1753179451810_T_1_mask.png
98,0098_1753179454534_T_1.png,data\phantom_taobao\images\0098_1753179454534_T_1.png,1152506363150,1753179454534,4,70,8/10.0,4.0,530,557,71.97725912627169,phantom_taobao,1,positive,data\phantom_taobao\masks\0098_1753179454534_T_1_mask.png
99,0099_1753179457511_T_1.png,data\phantom_taobao\images\0099_1753179457511_T_1.png,1155456369110,1753179457511,4,70,8/10.0,4.0,530,557,71.97725912627169,phantom_taobao,1,positive,data\phantom_taobao\masks\0099_1753179457511_T_1_mask.png
100,0100_1753179463656_T_1.png,data\phantom_taobao\images\0100_1753179463656_T_1.png,1161555375380,1753179463656,4,70,8/10.0,4.0,530,557,71.97725912627169,phantom_taobao,1,pass,
101,0101_1753179466654_T_1.png,data\phantom_taobao\images\0101_1753179466654_T_1.png,1164635524920,1753179466654,4,70,8/10.0,4.0,530,557,71.97725912627169,phantom_taobao,1,pass,
102,0102_1753179471786_T_1.png,data\phantom_taobao\images\0102_1753179471786_T_1.png,1169727141100,1753179471786,4,70,8/10.0,4.0,530,557,71.97725912627169,phantom_taobao,1,positive,data\phantom_taobao\masks\0102_1753179471786_T_1_mask.png
103,0103_1753179473965_T_1.png,data\phantom_taobao\images\0103_1753179473965_T_1.png,1171938443230,1753179473965,4,70,8/10.0,4.0,530,557,71.97725912627169,phantom_taobao,1,positive,data\phantom_taobao\masks\0103_1753179473965_T_1_mask.png
104,0104_1753476924495_T_1.png,data\phantom_taobao\images\0104_1753476924495_T_1.png,106621799260,1753476924495,4,50,8/10.0,4.0,710,557,53.82166367444645,phantom_taobao,1,negative,data\phantom_taobao\masks\0104_1753476924495_T_1_mask.png
105,0105_1753476927079_T_1.png,data\phantom_taobao\images\0105_1753476927079_T_1.png,109229529680,1753476927079,4,50,8/10.0,4.0,710,557,53.82166367444645,phantom_taobao,1,negative,data\phantom_taobao\masks\0105_1753476927079_T_1_mask.png
106,0106_1753476930974_T_1.png,data\phantom_taobao\images\0106_1753476930974_T_1.png,113133502300,1753476930974,4,50,8/10.0,4.0,710,557,53.82166367444645,phantom_taobao,1,negative,data\phantom_taobao\masks\0106_1753476930974_T_1_mask.png
107,0107_1753476933639_T_1.png,data\phantom_taobao\images\0107_1753476933639_T_1.png,115790393420,1753476933639,4,50,8/10.0,4.0,710,557,53.82166367444645,phantom_taobao,1,negative,data\phantom_taobao\masks\0107_1753476933639_T_1_mask.png
108,0108_1753476945131_T_1.png,data\phantom_taobao\images\0108_1753476945131_T_1.png,127288463050,1753476945131,4,50,8/10.0,4.0,710,557,53.82166367444645,phantom_taobao,1,negative,data\phantom_taobao\masks\0108_1753476945131_T_1_mask.png
109,0109_1753476947647_T_1.png,data\phantom_taobao\images\0109_1753476947647_T_1.png,129781699170,1753476947647,4,50,8/10.0,4.0,710,557,53.82166367444645,phantom_taobao,1,negative,data\phantom_taobao\masks\0109_1753476947647_T_1_mask.png
110,0110_1753476950855_T_1.png,data\phantom_taobao\images\0110_1753476950855_T_1.png,132847997080,1753476950855,4,50,8/10.0,4.0,710,557,53.82166367444645,phantom_taobao,1,negative,data\phantom_taobao\masks\0110_1753476950855_T_1_mask.png
111,0111_1753476955046_T_1.png,data\phantom_taobao\images\0111_1753476955046_T_1.png,137119186130,1753476955046,4,50,8/10.0,4.0,710,557,53.82166367444645,phantom_taobao,1,negative,data\phantom_taobao\masks\0111_1753476955046_T_1_mask.png
112,0112_1753476958790_T_1.png,data\phantom_taobao\images\0112_1753476958790_T_1.png,140887693290,1753476958790,4,50,8/10.0,4.0,710,557,53.82166367444645,phantom_taobao,1,negative,data\phantom_taobao\masks\0112_1753476958790_T_1_mask.png
114,0114_1753476968296_T_1.png,data\phantom_taobao\images\0114_1753476968296_T_1.png,150417282200,1753476968296,4,50,8/10.0,4.0,710,557,53.82166367444645,phantom_taobao,1,negative,data\phantom_taobao\masks\0114_1753476968296_T_1_mask.png
115,0115_1753476977298_T_1.png,data\phantom_taobao\images\0115_1753476977298_T_1.png,159408052730,1753476977298,4,50,8/10.0,4.0,710,557,53.82166367444645,phantom_taobao,1,negative,data\phantom_taobao\masks\0115_1753476977298_T_1_mask.png
116,0116_1753476979807_T_1.png,data\phantom_taobao\images\0116_1753476979807_T_1.png,161958652580,1753476979807,4,50,8/10.0,4.0,710,557,53.82166367444645,phantom_taobao,1,negative,data\phantom_taobao\masks\0116_1753476979807_T_1_mask.png
117,0117_1753476982421_T_1.png,data\phantom_taobao\images\0117_1753476982421_T_1.png,164563792430,1753476982421,4,50,8/10.0,4.0,710,557,53.82166367444645,phantom_taobao,1,negative,data\phantom_taobao\masks\0117_1753476982421_T_1_mask.png
118,0118_1753476985666_T_1.png,data\phantom_taobao\images\0118_1753476985666_T_1.png,167818085830,1753476985666,4,50,8/10.0,4.0,710,557,53.82166367444645,phantom_taobao,1,negative,data\phantom_taobao\masks\0118_1753476985666_T_1_mask.png
119,0119_1753476995170_T_1.png,data\phantom_taobao\images\0119_1753476995170_T_1.png,177314093970,1753476995170,4,50,8/10.0,4.0,710,557,53.82166367444645,phantom_taobao,1,negative,data\phantom_taobao\masks\0119_1753476995170_T_1_mask.png
120,0120_1753477000311_T_1.png,data\phantom_taobao\images\0120_1753477000311_T_1.png,182468043300,1753477000311,4,50,8/10.0,4.0,710,557,53.82166367444645,phantom_taobao,1,negative,data\phantom_taobao\masks\0120_1753477000311_T_1_mask.png
121,0121_1753477003333_T_1.png,data\phantom_taobao\images\0121_1753477003333_T_1.png,185451544480,1753477003333,4,50,8/10.0,4.0,710,557,53.82166367444645,phantom_taobao,1,negative,data\phantom_taobao\masks\0121_1753477003333_T_1_mask.png
122,0122_1753477006460_T_1.png,data\phantom_taobao\images\0122_1753477006460_T_1.png,188597523940,1753477006460,4,50,8/10.0,4.0,710,557,53.82166367444645,phantom_taobao,1,negative,data\phantom_taobao\masks\0122_1753477006460_T_1_mask.png
123,0123_1753477010235_T_1.png,data\phantom_taobao\images\0123_1753477010235_T_1.png,192392230910,1753477010235,4,50,8/10.0,4.0,710,557,53.82166367444645,phantom_taobao,1,negative,data\phantom_taobao\masks\0123_1753477010235_T_1_mask.png
124,0124_1753477013131_T_1.png,data\phantom_taobao\images\0124_1753477013131_T_1.png,195267106370,1753477013131,4,50,8/10.0,4.0,710,557,53.82166367444645,phantom_taobao,1,negative,data\phantom_taobao\masks\0124_1753477013131_T_1_mask.png
125,0125_1753477034181_T_1.png,data\phantom_taobao\images\0125_1753477034181_T_1.png,216333536290,1753477034181,4,50,8/10.0,4.0,710,557,53.82166367444645,phantom_taobao,1,negative,data\phantom_taobao\masks\0125_1753477034181_T_1_mask.png
126,0126_1753477048117_T_1.png,data\phantom_taobao\images\0126_1753477048117_T_1.png,230275705010,1753477048117,4,50,8/10.0,4.0,710,557,53.82166367444645,phantom_taobao,1,negative,data\phantom_taobao\masks\0126_1753477048117_T_1_mask.png
128,0128_1753477076872_T_1.png,data\phantom_taobao\images\0128_1753477076872_T_1.png,258996188260,1753477076872,4,50,8/10.0,4.0,710,557,53.82166367444645,phantom_taobao,1,negative,data\phantom_taobao\masks\0128_1753477076872_T_1_mask.png
129,0129_1753477078950_T_1.png,data\phantom_taobao\images\0129_1753477078950_T_1.png,261098259650,1753477078950,4,50,8/10.0,4.0,710,557,53.82166367444645,phantom_taobao,1,negative,data\phantom_taobao\masks\0129_1753477078950_T_1_mask.png
130,0130_1753477082843_T_1.png,data\phantom_taobao\images\0130_1753477082843_T_1.png,264979893050,1753477082843,4,50,8/10.0,4.0,710,557,53.82166367444645,phantom_taobao,1,negative,data\phantom_taobao\masks\0130_1753477082843_T_1_mask.png
131,0131_1753477088918_T_1.png,data\phantom_taobao\images\0131_1753477088918_T_1.png,271070610050,1753477088918,4,50,8/10.0,4.0,710,557,53.82166367444645,phantom_taobao,1,negative,data\phantom_taobao\masks\0131_1753477088918_T_1_mask.png
132,0132_1753477091716_T_1.png,data\phantom_taobao\images\0132_1753477091716_T_1.png,273873860220,1753477091716,4,50,8/10.0,4.0,710,557,53.82166367444645,phantom_taobao,1,negative,data\phantom_taobao\masks\0132_1753477091716_T_1_mask.png
133,0133_1753477094465_T_1.png,data\phantom_taobao\images\0133_1753477094465_T_1.png,276622976570,1753477094465,4,50,8/10.0,4.0,710,557,53.82166367444645,phantom_taobao,1,negative,data\phantom_taobao\masks\0133_1753477094465_T_1_mask.png
134,0134_1753477108055_T_1.png,data\phantom_taobao\images\0134_1753477108055_T_1.png,290205609890,1753477108055,4,50,8/10.0,4.0,710,557,53.82166367444645,phantom_taobao,1,negative,data\phantom_taobao\masks\0134_1753477108055_T_1_mask.png
135,0135_1753477110636_T_1.png,data\phantom_taobao\images\0135_1753477110636_T_1.png,292792783380,1753477110636,4,50,8/10.0,4.0,710,557,53.82166367444645,phantom_taobao,1,negative,data\phantom_taobao\masks\0135_1753477110636_T_1_mask.png
136,0136_1753477112646_T_1.png,data\phantom_taobao\images\0136_1753477112646_T_1.png,294785813900,1753477112646,4,50,8/10.0,4.0,710,557,53.82166367444645,phantom_taobao,1,negative,data\phantom_taobao\masks\0136_1753477112646_T_1_mask.png
135,0135_1753477201201_T_1.png,data\phantom_taobao\images\0135_1753477201201_T_1.png,33274642050,1753477201201,4,50,8/10.0,4.0,710,557,53.82166367444645,phantom_taobao,1,negative,data\phantom_taobao\masks\0135_1753477201201_T_1_mask.png
136,0136_1753477204185_T_1.png,data\phantom_taobao\images\0136_1753477204185_T_1.png,36285593680,1753477204185,4,50,8/10.0,4.0,710,557,53.82166367444645,phantom_taobao,1,negative,data\phantom_taobao\masks\0136_1753477204185_T_1_mask.png
137,0137_1753477208671_T_1.png,data\phantom_taobao\images\0137_1753477208671_T_1.png,40801213240,1753477208671,4,50,8/10.0,4.0,710,557,53.82166367444645,phantom_taobao,1,negative,data\phantom_taobao\masks\0137_1753477208671_T_1_mask.png
138,0138_1753477212869_T_1.png,data\phantom_taobao\images\0138_1753477212869_T_1.png,44815167650,1753477212869,4,50,8/10.0,4.0,710,557,53.82166367444645,phantom_taobao,1,negative,data\phantom_taobao\masks\0138_1753477212869_T_1_mask.png
139,0139_1753477215282_T_1.png,data\phantom_taobao\images\0139_1753477215282_T_1.png,47324009790,1753477215282,4,50,8/10.0,4.0,710,557,53.82166367444645,phantom_taobao,1,negative,data\phantom_taobao\masks\0139_1753477215282_T_1_mask.png
140,0140_1753477219440_T_1.png,data\phantom_taobao\images\0140_1753477219440_T_1.png,51588745370,1753477219440,4,50,8/10.0,4.0,710,557,53.82166367444645,phantom_taobao,1,negative,data\phantom_taobao\masks\0140_1753477219440_T_1_mask.png
0_aug0,0000_1753176200174_T_1.png,data/phantom_taobao/images_aug/0000_1753176200174_T_1_aug0.png,670211299690,1753176200174,4,50,8/10.0,4.0,528,557,72.34590065828846,phantom_taobao,1,negative,data/phantom_taobao/masks_aug/0000_1753176200174_T_1_mask_aug0.png
0_aug1,0000_1753176200174_T_1.png,data/phantom_taobao/images_aug/0000_1753176200174_T_1_aug1.png,670211299690,1753176200174,4,50,8/10.0,4.0,528,557,72.34590065828846,phantom_taobao,1,negative,data/phantom_taobao/masks_aug/0000_1753176200174_T_1_mask_aug1.png
0_aug2,0000_1753176200174_T_1.png,data/phantom_taobao/images_aug/0000_1753176200174_T_1_aug2.png,670211299690,1753176200174,4,50,8/10.0,4.0,528,557,72.34590065828846,phantom_taobao,1,negative,data/phantom_taobao/masks_aug/0000_1753176200174_T_1_mask_aug2.png
0_aug3,0000_1753176200174_T_1.png,data/phantom_taobao/images_aug/0000_1753176200174_T_1_aug3.png,670211299690,1753176200174,4,50,8/10.0,4.0,528,557,72.34590065828846,phantom_taobao,1,negative,data/phantom_taobao/masks_aug/0000_1753176200174_T_1_mask_aug3.png
0_aug4,0000_1753176200174_T_1.png,data/phantom_taobao/images_aug/0000_1753176200174_T_1_aug4.png,670211299690,1753176200174,4,50,8/10.0,4.0,528,557,72.34590065828846,phantom_taobao,1,negative,data/phantom_taobao/masks_aug/0000_1753176200174_T_1_mask_aug4.png
0_aug5,0000_1753176200174_T_1.png,data/phantom_taobao/images_aug/0000_1753176200174_T_1_aug5.png,670211299690,1753176200174,4,50,8/10.0,4.0,528,557,72.34590065828846,phantom_taobao,1,negative,data/phantom_taobao/masks_aug/0000_1753176200174_T_1_mask_aug5.png
0_aug6,0000_1753176200174_T_1.png,data/phantom_taobao/images_aug/0000_1753176200174_T_1_aug6.png,670211299690,1753176200174,4,50,8/10.0,4.0,528,557,72.34590065828846,phantom_taobao,1,negative,data/phantom_taobao/masks_aug/0000_1753176200174_T_1_mask_aug6.png
0_aug7,0000_1753176200174_T_1.png,data/phantom_taobao/images_aug/0000_1753176200174_T_1_aug7.png,670211299690,1753176200174,4,50,8/10.0,4.0,528,557,72.34590065828846,phantom_taobao,1,negative,data/phantom_taobao/masks_aug/0000_1753176200174_T_1_mask_aug7.png
0_aug8,0000_1753176200174_T_1.png,data/phantom_taobao/images_aug/0000_1753176200174_T_1_aug8.png,670211299690,1753176200174,4,50,8/10.0,4.0,528,557,72.34590065828846,phantom_taobao,1,negative,data/phantom_taobao/masks_aug/0000_1753176200174_T_1_mask_aug8.png
0_aug9,0000_1753176200174_T_1.png,data/phantom_taobao/images_aug/0000_1753176200174_T_1_aug9.png,670211299690,1753176200174,4,50,8/10.0,4.0,528,557,72.34590065828846,phantom_taobao,1,negative,data/phantom_taobao/masks_aug/0000_1753176200174_T_1_mask_aug9.png
1_aug0,0001_1753176203081_T_1.png,data/phantom_taobao/images_aug/0001_1753176203081_T_1_aug0.png,672928345260,1753176203081,4,50,8/10.0,4.0,528,557,72.34590065828846,phantom_taobao,1,negative,data/phantom_taobao/masks_aug/0001_1753176203081_T_1_mask_aug0.png
1_aug1,0001_1753176203081_T_1.png,data/phantom_taobao/images_aug/0001_1753176203081_T_1_aug1.png,672928345260,1753176203081,4,50,8/10.0,4.0,528,557,72.34590065828846,phantom_taobao,1,negative,data/phantom_taobao/masks_aug/0001_1753176203081_T_1_mask_aug1.png
1_aug2,0001_1753176203081_T_1.png,data/phantom_taobao/images_aug/0001_1753176203081_T_1_aug2.png,672928345260,1753176203081,4,50,8/10.0,4.0,528,557,72.34590065828846,phantom_taobao,1,negative,data/phantom_taobao/masks_aug/0001_1753176203081_T_1_mask_aug2.png
1_aug3,0001_1753176203081_T_1.png,data/phantom_taobao/images_aug/0001_1753176203081_T_1_aug3.png,672928345260,1753176203081,4,50,8/10.0,4.0,528,557,72.34590065828846,phantom_taobao,1,negative,data/phantom_taobao/masks_aug/0001_1753176203081_T_1_mask_aug3.png
1_aug4,0001_1753176203081_T_1.png,data/phantom_taobao/images_aug/0001_1753176203081_T_1_aug4.png,672928345260,1753176203081,4,50,8/10.0,4.0,528,557,72.34590065828846,phantom_taobao,1,negative,data/phantom_taobao/masks_aug/0001_1753176203081_T_1_mask_aug4.png
1_aug5,0001_1753176203081_T_1.png,data/phantom_taobao/images_aug/0001_1753176203081_T_1_aug5.png,672928345260,1753176203081,4,50,8/10.0,4.0,528,557,72.34590065828846,phantom_taobao,1,negative,data/phantom_taobao/masks_aug/0001_1753176203081_T_1_mask_aug5.png
1_aug6,0001_1753176203081_T_1.png,data/phantom_taobao/images_aug/0001_1753176203081_T_1_aug6.png,672928345260,1753176203081,4,50,8/10.0,4.0,528,557,72.34590065828846,phantom_taobao,1,negative,data/phantom_taobao/masks_aug/0001_1753176203081_T_1_mask_aug6.png
1_aug7,0001_1753176203081_T_1.png,data/phantom_taobao/images_aug/0001_1753176203081_T_1_aug7.png,672928345260,1753176203081,4,50,8/10.0,4.0,528,557,72.34590065828846,phantom_taobao,1,negative,data/phantom_taobao/masks_aug/0001_1753176203081_T_1_mask_aug7.png
1_aug8,0001_1753176203081_T_1.png,data/phantom_taobao/images_aug/0001_1753176203081_T_1_aug8.png,672928345260,1753176203081,4,50,8/10.0,4.0,528,557,72.34590065828846,phantom_taobao,1,negative,data/phantom_taobao/masks_aug/0001_1753176203081_T_1_mask_aug8.png
1_aug9,0001_1753176203081_T_1.png,data/phantom_taobao/images_aug/0001_1753176203081_T_1_aug9.png,672928345260,1753176203081,4,50,8/10.0,4.0,528,557,72.34590065828846,phantom_taobao,1,negative,data/phantom_taobao/masks_aug/0001_1753176203081_T_1_mask_aug9.png
2_aug0,0002_1753176205250_T_1.png,data/phantom_taobao/images_aug/0002_1753176205250_T_1_aug0.png,675190125160,1753176205250,4,50,8/10.0,4.0,528,557,72.34590065828846,phantom_taobao,1,negative,data/phantom_taobao/masks_aug/0002_1753176205250_T_1_mask_aug0.png
2_aug1,0002_1753176205250_T_1.png,data/phantom_taobao/images_aug/0002_1753176205250_T_1_aug1.png,675190125160,1753176205250,4,50,8/10.0,4.0,528,557,72.34590065828846,phantom_taobao,1,negative,data/phantom_taobao/masks_aug/0002_1753176205250_T_1_mask_aug1.png
2_aug2,0002_1753176205250_T_1.png,data/phantom_taobao/images_aug/0002_1753176205250_T_1_aug2.png,675190125160,1753176205250,4,50,8/10.0,4.0,528,557,72.34590065828846,phantom_taobao,1,negative,data/phantom_taobao/masks_aug/0002_1753176205250_T_1_mask_aug2.png
2_aug3,0002_1753176205250_T_1.png,data/phantom_taobao/images_aug/0002_1753176205250_T_1_aug3.png,675190125160,1753176205250,4,50,8/10.0,4.0,528,557,72.34590065828846,phantom_taobao,1,negative,data/phantom_taobao/masks_aug/0002_1753176205250_T_1_mask_aug3.png
2_aug4,0002_1753176205250_T_1.png,data/phantom_taobao/images_aug/0002_1753176205250_T_1_aug4.png,675190125160,1753176205250,4,50,8/10.0,4.0,528,557,72.34590065828846,phantom_taobao,1,negative,data/phantom_taobao/masks_aug/0002_1753176205250_T_1_mask_aug4.png
2_aug5,0002_1753176205250_T_1.png,data/phantom_taobao/images_aug/0002_1753176205250_T_1_aug5.png,675190125160,1753176205250,4,50,8/10.0,4.0,528,557,72.34590065828846,phantom_taobao,1,negative,data/phantom_taobao/masks_aug/0002_1753176205250_T_1_mask_aug5.png
2_aug6,0002_1753176205250_T_1.png,data/phantom_taobao/images_aug/0002_1753176205250_T_1_aug6.png,675190125160,1753176205250,4,50,8/10.0,4.0,528,557,72.34590065828846,phantom_taobao,1,negative,data/phantom_taobao/masks_aug/0002_1753176205250_T_1_mask_aug6.png
2_aug7,0002_1753176205250_T_1.png,data/phantom_taobao/images_aug/0002_1753176205250_T_1_aug7.png,675190125160,1753176205250,4,50,8/10.0,4.0,528,557,72.34590065828846,phantom_taobao,1,negative,data/phantom_taobao/masks_aug/0002_1753176205250_T_1_mask_aug7.png
2_aug8,0002_1753176205250_T_1.png,data/phantom_taobao/images_aug/0002_1753176205250_T_1_aug8.png,675190125160,1753176205250,4,50,8/10.0,4.0,528,557,72.34590065828846,phantom_taobao,1,negative,data/phantom_taobao/masks_aug/0002_1753176205250_T_1_mask_aug8.png
2_aug9,0002_1753176205250_T_1.png,data/phantom_taobao/images_aug/0002_1753176205250_T_1_aug9.png,675190125160,1753176205250,4,50,8/10.0,4.0,528,557,72.34590065828846,phantom_taobao,1,negative,data/phantom_taobao/masks_aug/0002_1753176205250_T_1_mask_aug9.png
104_aug0,0104_1753476924495_T_1.png,data/phantom_taobao/images_aug/0104_1753476924495_T_1_aug0.png,106621799260,1753476924495,4,50,8/10.0,4.0,710,557,53.82166367444645,phantom_taobao,1,negative,data/phantom_taobao/masks_aug/0104_1753476924495_T_1_mask_aug0.png
104_aug1,0104_1753476924495_T_1.png,data/phantom_taobao/images_aug/0104_1753476924495_T_1_aug1.png,106621799260,1753476924495,4,50,8/10.0,4.0,710,557,53.82166367444645,phantom_taobao,1,negative,data/phantom_taobao/masks_aug/0104_1753476924495_T_1_mask_aug1.png
104_aug2,0104_1753476924495_T_1.png,data/phantom_taobao/images_aug/0104_1753476924495_T_1_aug2.png,106621799260,1753476924495,4,50,8/10.0,4.0,710,557,53.82166367444645,phantom_taobao,1,negative,data/phantom_taobao/masks_aug/0104_1753476924495_T_1_mask_aug2.png
104_aug3,0104_1753476924495_T_1.png,data/phantom_taobao/images_aug/0104_1753476924495_T_1_aug3.png,106621799260,1753476924495,4,50,8/10.0,4.0,710,557,53.82166367444645,phantom_taobao,1,negative,data/phantom_taobao/masks_aug/0104_1753476924495_T_1_mask_aug3.png
104_aug4,0104_1753476924495_T_1.png,data/phantom_taobao/images_aug/0104_1753476924495_T_1_aug4.png,106621799260,1753476924495,4,50,8/10.0,4.0,710,557,53.82166367444645,phantom_taobao,1,negative,data/phantom_taobao/masks_aug/0104_1753476924495_T_1_mask_aug4.png
104_aug5,0104_1753476924495_T_1.png,data/phantom_taobao/images_aug/0104_1753476924495_T_1_aug5.png,106621799260,1753476924495,4,50,8/10.0,4.0,710,557,53.82166367444645,phantom_taobao,1,negative,data/phantom_taobao/masks_aug/0104_1753476924495_T_1_mask_aug5.png
104_aug6,0104_1753476924495_T_1.png,data/phantom_taobao/images_aug/0104_1753476924495_T_1_aug6.png,106621799260,1753476924495,4,50,8/10.0,4.0,710,557,53.82166367444645,phantom_taobao,1,negative,data/phantom_taobao/masks_aug/0104_1753476924495_T_1_mask_aug6.png
104_aug7,0104_1753476924495_T_1.png,data/phantom_taobao/images_aug/0104_1753476924495_T_1_aug7.png,106621799260,1753476924495,4,50,8/10.0,4.0,710,557,53.82166367444645,phantom_taobao,1,negative,data/phantom_taobao/masks_aug/0104_1753476924495_T_1_mask_aug7.png
104_aug8,0104_1753476924495_T_1.png,data/phantom_taobao/images_aug/0104_1753476924495_T_1_aug8.png,106621799260,1753476924495,4,50,8/10.0,4.0,710,557,53.82166367444645,phantom_taobao,1,negative,data/phantom_taobao/masks_aug/0104_1753476924495_T_1_mask_aug8.png
104_aug9,0104_1753476924495_T_1.png,data/phantom_taobao/images_aug/0104_1753476924495_T_1_aug9.png,106621799260,1753476924495,4,50,8/10.0,4.0,710,557,53.82166367444645,phantom_taobao,1,negative,data/phantom_taobao/masks_aug/0104_1753476924495_T_1_mask_aug9.png
105_aug0,0105_1753476927079_T_1.png,data/phantom_taobao/images_aug/0105_1753476927079_T_1_aug0.png,109229529680,1753476927079,4,50,8/10.0,4.0,710,557,53.82166367444645,phantom_taobao,1,negative,data/phantom_taobao/masks_aug/0105_1753476927079_T_1_mask_aug0.png
105_aug1,0105_1753476927079_T_1.png,data/phantom_taobao/images_aug/0105_1753476927079_T_1_aug1.png,109229529680,1753476927079,4,50,8/10.0,4.0,710,557,53.82166367444645,phantom_taobao,1,negative,data/phantom_taobao/masks_aug/0105_1753476927079_T_1_mask_aug1.png
105_aug2,0105_1753476927079_T_1.png,data/phantom_taobao/images_aug/0105_1753476927079_T_1_aug2.png,109229529680,1753476927079,4,50,8/10.0,4.0,710,557,53.82166367444645,phantom_taobao,1,negative,data/phantom_taobao/masks_aug/0105_1753476927079_T_1_mask_aug2.png
105_aug3,0105_1753476927079_T_1.png,data/phantom_taobao/images_aug/0105_1753476927079_T_1_aug3.png,109229529680,1753476927079,4,50,8/10.0,4.0,710,557,53.82166367444645,phantom_taobao,1,negative,data/phantom_taobao/masks_aug/0105_1753476927079_T_1_mask_aug3.png
105_aug4,0105_1753476927079_T_1.png,data/phantom_taobao/images_aug/0105_1753476927079_T_1_aug4.png,109229529680,1753476927079,4,50,8/10.0,4.0,710,557,53.82166367444645,phantom_taobao,1,negative,data/phantom_taobao/masks_aug/0105_1753476927079_T_1_mask_aug4.png
105_aug5,0105_1753476927079_T_1.png,data/phantom_taobao/images_aug/0105_1753476927079_T_1_aug5.png,109229529680,1753476927079,4,50,8/10.0,4.0,710,557,53.82166367444645,phantom_taobao,1,negative,data/phantom_taobao/masks_aug/0105_1753476927079_T_1_mask_aug5.png
105_aug6,0105_1753476927079_T_1.png,data/phantom_taobao/images_aug/0105_1753476927079_T_1_aug6.png,109229529680,1753476927079,4,50,8/10.0,4.0,710,557,53.82166367444645,phantom_taobao,1,negative,data/phantom_taobao/masks_aug/0105_1753476927079_T_1_mask_aug6.png
105_aug7,0105_1753476927079_T_1.png,data/phantom_taobao/images_aug/0105_1753476927079_T_1_aug7.png,109229529680,1753476927079,4,50,8/10.0,4.0,710,557,53.82166367444645,phantom_taobao,1,negative,data/phantom_taobao/masks_aug/0105_1753476927079_T_1_mask_aug7.png
105_aug8,0105_1753476927079_T_1.png,data/phantom_taobao/images_aug/0105_1753476927079_T_1_aug8.png,109229529680,1753476927079,4,50,8/10.0,4.0,710,557,53.82166367444645,phantom_taobao,1,negative,data/phantom_taobao/masks_aug/0105_1753476927079_T_1_mask_aug8.png
105_aug9,0105_1753476927079_T_1.png,data/phantom_taobao/images_aug/0105_1753476927079_T_1_aug9.png,109229529680,1753476927079,4,50,8/10.0,4.0,710,557,53.82166367444645,phantom_taobao,1,negative,data/phantom_taobao/masks_aug/0105_1753476927079_T_1_mask_aug9.png
106_aug0,0106_1753476930974_T_1.png,data/phantom_taobao/images_aug/0106_1753476930974_T_1_aug0.png,113133502300,1753476930974,4,50,8/10.0,4.0,710,557,53.82166367444645,phantom_taobao,1,negative,data/phantom_taobao/masks_aug/0106_1753476930974_T_1_mask_aug0.png
106_aug1,0106_1753476930974_T_1.png,data/phantom_taobao/images_aug/0106_1753476930974_T_1_aug1.png,113133502300,1753476930974,4,50,8/10.0,4.0,710,557,53.82166367444645,phantom_taobao,1,negative,data/phantom_taobao/masks_aug/0106_1753476930974_T_1_mask_aug1.png
106_aug2,0106_1753476930974_T_1.png,data/phantom_taobao/images_aug/0106_1753476930974_T_1_aug2.png,113133502300,1753476930974,4,50,8/10.0,4.0,710,557,53.82166367444645,phantom_taobao,1,negative,data/phantom_taobao/masks_aug/0106_1753476930974_T_1_mask_aug2.png
106_aug3,0106_1753476930974_T_1.png,data/phantom_taobao/images_aug/0106_1753476930974_T_1_aug3.png,113133502300,1753476930974,4,50,8/10.0,4.0,710,557,53.82166367444645,phantom_taobao,1,negative,data/phantom_taobao/masks_aug/0106_1753476930974_T_1_mask_aug3.png
106_aug4,0106_1753476930974_T_1.png,data/phantom_taobao/images_aug/0106_1753476930974_T_1_aug4.png,113133502300,1753476930974,4,50,8/10.0,4.0,710,557,53.82166367444645,phantom_taobao,1,negative,data/phantom_taobao/masks_aug/0106_1753476930974_T_1_mask_aug4.png
106_aug5,0106_1753476930974_T_1.png,data/phantom_taobao/images_aug/0106_1753476930974_T_1_aug5.png,113133502300,1753476930974,4,50,8/10.0,4.0,710,557,53.82166367444645,phantom_taobao,1,negative,data/phantom_taobao/masks_aug/0106_1753476930974_T_1_mask_aug5.png
106_aug6,0106_1753476930974_T_1.png,data/phantom_taobao/images_aug/0106_1753476930974_T_1_aug6.png,113133502300,1753476930974,4,50,8/10.0,4.0,710,557,53.82166367444645,phantom_taobao,1,negative,data/phantom_taobao/masks_aug/0106_1753476930974_T_1_mask_aug6.png
106_aug7,0106_1753476930974_T_1.png,data/phantom_taobao/images_aug/0106_1753476930974_T_1_aug7.png,113133502300,1753476930974,4,50,8/10.0,4.0,710,557,53.82166367444645,phantom_taobao,1,negative,data/phantom_taobao/masks_aug/0106_1753476930974_T_1_mask_aug7.png
106_aug8,0106_1753476930974_T_1.png,data/phantom_taobao/images_aug/0106_1753476930974_T_1_aug8.png,113133502300,1753476930974,4,50,8/10.0,4.0,710,557,53.82166367444645,phantom_taobao,1,negative,data/phantom_taobao/masks_aug/0106_1753476930974_T_1_mask_aug8.png
106_aug9,0106_1753476930974_T_1.png,data/phantom_taobao/images_aug/0106_1753476930974_T_1_aug9.png,113133502300,1753476930974,4,50,8/10.0,4.0,710,557,53.82166367444645,phantom_taobao,1,negative,data/phantom_taobao/masks_aug/0106_1753476930974_T_1_mask_aug9.png
107_aug0,0107_1753476933639_T_1.png,data/phantom_taobao/images_aug/0107_1753476933639_T_1_aug0.png,115790393420,1753476933639,4,50,8/10.0,4.0,710,557,53.82166367444645,phantom_taobao,1,negative,data/phantom_taobao/masks_aug/0107_1753476933639_T_1_mask_aug0.png
107_aug1,0107_1753476933639_T_1.png,data/phantom_taobao/images_aug/0107_1753476933639_T_1_aug1.png,115790393420,1753476933639,4,50,8/10.0,4.0,710,557,53.82166367444645,phantom_taobao,1,negative,data/phantom_taobao/masks_aug/0107_1753476933639_T_1_mask_aug1.png
107_aug2,0107_1753476933639_T_1.png,data/phantom_taobao/images_aug/0107_1753476933639_T_1_aug2.png,115790393420,1753476933639,4,50,8/10.0,4.0,710,557,53.82166367444645,phantom_taobao,1,negative,data/phantom_taobao/masks_aug/0107_1753476933639_T_1_mask_aug2.png
107_aug3,0107_1753476933639_T_1.png,data/phantom_taobao/images_aug/0107_1753476933639_T_1_aug3.png,115790393420,1753476933639,4,50,8/10.0,4.0,710,557,53.82166367444645,phantom_taobao,1,negative,data/phantom_taobao/masks_aug/0107_1753476933639_T_1_mask_aug3.png
107_aug4,0107_1753476933639_T_1.png,data/phantom_taobao/images_aug/0107_1753476933639_T_1_aug4.png,115790393420,1753476933639,4,50,8/10.0,4.0,710,557,53.82166367444645,phantom_taobao,1,negative,data/phantom_taobao/masks_aug/0107_1753476933639_T_1_mask_aug4.png
107_aug5,0107_1753476933639_T_1.png,data/phantom_taobao/images_aug/0107_1753476933639_T_1_aug5.png,115790393420,1753476933639,4,50,8/10.0,4.0,710,557,53.82166367444645,phantom_taobao,1,negative,data/phantom_taobao/masks_aug/0107_1753476933639_T_1_mask_aug5.png
107_aug6,0107_1753476933639_T_1.png,data/phantom_taobao/images_aug/0107_1753476933639_T_1_aug6.png,115790393420,1753476933639,4,50,8/10.0,4.0,710,557,53.82166367444645,phantom_taobao,1,negative,data/phantom_taobao/masks_aug/0107_1753476933639_T_1_mask_aug6.png
107_aug7,0107_1753476933639_T_1.png,data/phantom_taobao/images_aug/0107_1753476933639_T_1_aug7.png,115790393420,1753476933639,4,50,8/10.0,4.0,710,557,53.82166367444645,phantom_taobao,1,negative,data/phantom_taobao/masks_aug/0107_1753476933639_T_1_mask_aug7.png
107_aug8,0107_1753476933639_T_1.png,data/phantom_taobao/images_aug/0107_1753476933639_T_1_aug8.png,115790393420,1753476933639,4,50,8/10.0,4.0,710,557,53.82166367444645,phantom_taobao,1,negative,data/phantom_taobao/masks_aug/0107_1753476933639_T_1_mask_aug8.png
107_aug9,0107_1753476933639_T_1.png,data/phantom_taobao/images_aug/0107_1753476933639_T_1_aug9.png,115790393420,1753476933639,4,50,8/10.0,4.0,710,557,53.82166367444645,phantom_taobao,1,negative,data/phantom_taobao/masks_aug/0107_1753476933639_T_1_mask_aug9.png
108_aug0,0108_1753476945131_T_1.png,data/phantom_taobao/images_aug/0108_1753476945131_T_1_aug0.png,127288463050,1753476945131,4,50,8/10.0,4.0,710,557,53.82166367444645,phantom_taobao,1,negative,data/phantom_taobao/masks_aug/0108_1753476945131_T_1_mask_aug0.png
108_aug1,0108_1753476945131_T_1.png,data/phantom_taobao/images_aug/0108_1753476945131_T_1_aug1.png,127288463050,1753476945131,4,50,8/10.0,4.0,710,557,53.82166367444645,phantom_taobao,1,negative,data/phantom_taobao/masks_aug/0108_1753476945131_T_1_mask_aug1.png
108_aug2,0108_1753476945131_T_1.png,data/phantom_taobao/images_aug/0108_1753476945131_T_1_aug2.png,127288463050,1753476945131,4,50,8/10.0,4.0,710,557,53.82166367444645,phantom_taobao,1,negative,data/phantom_taobao/masks_aug/0108_1753476945131_T_1_mask_aug2.png
108_aug3,0108_1753476945131_T_1.png,data/phantom_taobao/images_aug/0108_1753476945131_T_1_aug3.png,127288463050,1753476945131,4,50,8/10.0,4.0,710,557,53.82166367444645,phantom_taobao,1,negative,data/phantom_taobao/masks_aug/0108_1753476945131_T_1_mask_aug3.png
108_aug4,0108_1753476945131_T_1.png,data/phantom_taobao/images_aug/0108_1753476945131_T_1_aug4.png,127288463050,1753476945131,4,50,8/10.0,4.0,710,557,53.82166367444645,phantom_taobao,1,negative,data/phantom_taobao/masks_aug/0108_1753476945131_T_1_mask_aug4.png
108_aug5,0108_1753476945131_T_1.png,data/phantom_taobao/images_aug/0108_1753476945131_T_1_aug5.png,127288463050,1753476945131,4,50,8/10.0,4.0,710,557,53.82166367444645,phantom_taobao,1,negative,data/phantom_taobao/masks_aug/0108_1753476945131_T_1_mask_aug5.png
108_aug6,0108_1753476945131_T_1.png,data/phantom_taobao/images_aug/0108_1753476945131_T_1_aug6.png,127288463050,1753476945131,4,50,8/10.0,4.0,710,557,53.82166367444645,phantom_taobao,1,negative,data/phantom_taobao/masks_aug/0108_1753476945131_T_1_mask_aug6.png
108_aug7,0108_1753476945131_T_1.png,data/phantom_taobao/images_aug/0108_1753476945131_T_1_aug7.png,127288463050,1753476945131,4,50,8/10.0,4.0,710,557,53.82166367444645,phantom_taobao,1,negative,data/phantom_taobao/masks_aug/0108_1753476945131_T_1_mask_aug7.png
108_aug8,0108_1753476945131_T_1.png,data/phantom_taobao/images_aug/0108_1753476945131_T_1_aug8.png,127288463050,1753476945131,4,50,8/10.0,4.0,710,557,53.82166367444645,phantom_taobao,1,negative,data/phantom_taobao/masks_aug/0108_1753476945131_T_1_mask_aug8.png
108_aug9,0108_1753476945131_T_1.png,data/phantom_taobao/images_aug/0108_1753476945131_T_1_aug9.png,127288463050,1753476945131,4,50,8/10.0,4.0,710,557,53.82166367444645,phantom_taobao,1,negative,data/phantom_taobao/masks_aug/0108_1753476945131_T_1_mask_aug9.png
109_aug0,0109_1753476947647_T_1.png,data/phantom_taobao/images_aug/0109_1753476947647_T_1_aug0.png,129781699170,1753476947647,4,50,8/10.0,4.0,710,557,53.82166367444645,phantom_taobao,1,negative,data/phantom_taobao/masks_aug/0109_1753476947647_T_1_mask_aug0.png
109_aug1,0109_1753476947647_T_1.png,data/phantom_taobao/images_aug/0109_1753476947647_T_1_aug1.png,129781699170,1753476947647,4,50,8/10.0,4.0,710,557,53.82166367444645,phantom_taobao,1,negative,data/phantom_taobao/masks_aug/0109_1753476947647_T_1_mask_aug1.png
109_aug2,0109_1753476947647_T_1.png,data/phantom_taobao/images_aug/0109_1753476947647_T_1_aug2.png,129781699170,1753476947647,4,50,8/10.0,4.0,710,557,53.82166367444645,phantom_taobao,1,negative,data/phantom_taobao/masks_aug/0109_1753476947647_T_1_mask_aug2.png
109_aug3,0109_1753476947647_T_1.png,data/phantom_taobao/images_aug/0109_1753476947647_T_1_aug3.png,129781699170,1753476947647,4,50,8/10.0,4.0,710,557,53.82166367444645,phantom_taobao,1,negative,data/phantom_taobao/masks_aug/0109_1753476947647_T_1_mask_aug3.png
109_aug4,0109_1753476947647_T_1.png,data/phantom_taobao/images_aug/0109_1753476947647_T_1_aug4.png,129781699170,1753476947647,4,50,8/10.0,4.0,710,557,53.82166367444645,phantom_taobao,1,negative,data/phantom_taobao/masks_aug/0109_1753476947647_T_1_mask_aug4.png
109_aug5,0109_1753476947647_T_1.png,data/phantom_taobao/images_aug/0109_1753476947647_T_1_aug5.png,129781699170,1753476947647,4,50,8/10.0,4.0,710,557,53.82166367444645,phantom_taobao,1,negative,data/phantom_taobao/masks_aug/0109_1753476947647_T_1_mask_aug5.png
109_aug6,0109_1753476947647_T_1.png,data/phantom_taobao/images_aug/0109_1753476947647_T_1_aug6.png,129781699170,1753476947647,4,50,8/10.0,4.0,710,557,53.82166367444645,phantom_taobao,1,negative,data/phantom_taobao/masks_aug/0109_1753476947647_T_1_mask_aug6.png
109_aug7,0109_1753476947647_T_1.png,data/phantom_taobao/images_aug/0109_1753476947647_T_1_aug7.png,129781699170,1753476947647,4,50,8/10.0,4.0,710,557,53.82166367444645,phantom_taobao,1,negative,data/phantom_taobao/masks_aug/0109_1753476947647_T_1_mask_aug7.png
109_aug8,0109_1753476947647_T_1.png,data/phantom_taobao/images_aug/0109_1753476947647_T_1_aug8.png,129781699170,1753476947647,4,50,8/10.0,4.0,710,557,53.82166367444645,phantom_taobao,1,negative,data/phantom_taobao/masks_aug/0109_1753476947647_T_1_mask_aug8.png
109_aug9,0109_1753476947647_T_1.png,data/phantom_taobao/images_aug/0109_1753476947647_T_1_aug9.png,129781699170,1753476947647,4,50,8/10.0,4.0,710,557,53.82166367444645,phantom_taobao,1,negative,data/phantom_taobao/masks_aug/0109_1753476947647_T_1_mask_aug9.png
110_aug0,0110_1753476950855_T_1.png,data/phantom_taobao/images_aug/0110_1753476950855_T_1_aug0.png,132847997080,1753476950855,4,50,8/10.0,4.0,710,557,53.82166367444645,phantom_taobao,1,negative,data/phantom_taobao/masks_aug/0110_1753476950855_T_1_mask_aug0.png
110_aug1,0110_1753476950855_T_1.png,data/phantom_taobao/images_aug/0110_1753476950855_T_1_aug1.png,132847997080,1753476950855,4,50,8/10.0,4.0,710,557,53.82166367444645,phantom_taobao,1,negative,data/phantom_taobao/masks_aug/0110_1753476950855_T_1_mask_aug1.png
110_aug2,0110_1753476950855_T_1.png,data/phantom_taobao/images_aug/0110_1753476950855_T_1_aug2.png,132847997080,1753476950855,4,50,8/10.0,4.0,710,557,53.82166367444645,phantom_taobao,1,negative,data/phantom_taobao/masks_aug/0110_1753476950855_T_1_mask_aug2.png
110_aug3,0110_1753476950855_T_1.png,data/phantom_taobao/images_aug/0110_1753476950855_T_1_aug3.png,132847997080,1753476950855,4,50,8/10.0,4.0,710,557,53.82166367444645,phantom_taobao,1,negative,data/phantom_taobao/masks_aug/0110_1753476950855_T_1_mask_aug3.png
110_aug4,0110_1753476950855_T_1.png,data/phantom_taobao/images_aug/0110_1753476950855_T_1_aug4.png,132847997080,1753476950855,4,50,8/10.0,4.0,710,557,53.82166367444645,phantom_taobao,1,negative,data/phantom_taobao/masks_aug/0110_1753476950855_T_1_mask_aug4.png
110_aug5,0110_1753476950855_T_1.png,data/phantom_taobao/images_aug/0110_1753476950855_T_1_aug5.png,132847997080,1753476950855,4,50,8/10.0,4.0,710,557,53.82166367444645,phantom_taobao,1,negative,data/phantom_taobao/masks_aug/0110_1753476950855_T_1_mask_aug5.png
110_aug6,0110_1753476950855_T_1.png,data/phantom_taobao/images_aug/0110_1753476950855_T_1_aug6.png,132847997080,1753476950855,4,50,8/10.0,4.0,710,557,53.82166367444645,phantom_taobao,1,negative,data/phantom_taobao/masks_aug/0110_1753476950855_T_1_mask_aug6.png
110_aug7,0110_1753476950855_T_1.png,data/phantom_taobao/images_aug/0110_1753476950855_T_1_aug7.png,132847997080,1753476950855,4,50,8/10.0,4.0,710,557,53.82166367444645,phantom_taobao,1,negative,data/phantom_taobao/masks_aug/0110_1753476950855_T_1_mask_aug7.png
110_aug8,0110_1753476950855_T_1.png,data/phantom_taobao/images_aug/0110_1753476950855_T_1_aug8.png,132847997080,1753476950855,4,50,8/10.0,4.0,710,557,53.82166367444645,phantom_taobao,1,negative,data/phantom_taobao/masks_aug/0110_1753476950855_T_1_mask_aug8.png
110_aug9,0110_1753476950855_T_1.png,data/phantom_taobao/images_aug/0110_1753476950855_T_1_aug9.png,132847997080,1753476950855,4,50,8/10.0,4.0,710,557,53.82166367444645,phantom_taobao,1,negative,data/phantom_taobao/masks_aug/0110_1753476950855_T_1_mask_aug9.png
111_aug0,0111_1753476955046_T_1.png,data/phantom_taobao/images_aug/0111_1753476955046_T_1_aug0.png,137119186130,1753476955046,4,50,8/10.0,4.0,710,557,53.82166367444645,phantom_taobao,1,negative,data/phantom_taobao/masks_aug/0111_1753476955046_T_1_mask_aug0.png
111_aug1,0111_1753476955046_T_1.png,data/phantom_taobao/images_aug/0111_1753476955046_T_1_aug1.png,137119186130,1753476955046,4,50,8/10.0,4.0,710,557,53.82166367444645,phantom_taobao,1,negative,data/phantom_taobao/masks_aug/0111_1753476955046_T_1_mask_aug1.png
111_aug2,0111_1753476955046_T_1.png,data/phantom_taobao/images_aug/0111_1753476955046_T_1_aug2.png,137119186130,1753476955046,4,50,8/10.0,4.0,710,557,53.82166367444645,phantom_taobao,1,negative,data/phantom_taobao/masks_aug/0111_1753476955046_T_1_mask_aug2.png
111_aug3,0111_1753476955046_T_1.png,data/phantom_taobao/images_aug/0111_1753476955046_T_1_aug3.png,137119186130,1753476955046,4,50,8/10.0,4.0,710,557,53.82166367444645,phantom_taobao,1,negative,data/phantom_taobao/masks_aug/0111_1753476955046_T_1_mask_aug3.png
111_aug4,0111_1753476955046_T_1.png,data/phantom_taobao/images_aug/0111_1753476955046_T_1_aug4.png,137119186130,1753476955046,4,50,8/10.0,4.0,710,557,53.82166367444645,phantom_taobao,1,negative,data/phantom_taobao/masks_aug/0111_1753476955046_T_1_mask_aug4.png
111_aug5,0111_1753476955046_T_1.png,data/phantom_taobao/images_aug/0111_1753476955046_T_1_aug5.png,137119186130,1753476955046,4,50,8/10.0,4.0,710,557,53.82166367444645,phantom_taobao,1,negative,data/phantom_taobao/masks_aug/0111_1753476955046_T_1_mask_aug5.png
111_aug6,0111_1753476955046_T_1.png,data/phantom_taobao/images_aug/0111_1753476955046_T_1_aug6.png,137119186130,1753476955046,4,50,8/10.0,4.0,710,557,53.82166367444645,phantom_taobao,1,negative,data/phantom_taobao/masks_aug/0111_1753476955046_T_1_mask_aug6.png
111_aug7,0111_1753476955046_T_1.png,data/phantom_taobao/images_aug/0111_1753476955046_T_1_aug7.png,137119186130,1753476955046,4,50,8/10.0,4.0,710,557,53.82166367444645,phantom_taobao,1,negative,data/phantom_taobao/masks_aug/0111_1753476955046_T_1_mask_aug7.png
111_aug8,0111_1753476955046_T_1.png,data/phantom_taobao/images_aug/0111_1753476955046_T_1_aug8.png,137119186130,1753476955046,4,50,8/10.0,4.0,710,557,53.82166367444645,phantom_taobao,1,negative,data/phantom_taobao/masks_aug/0111_1753476955046_T_1_mask_aug8.png
111_aug9,0111_1753476955046_T_1.png,data/phantom_taobao/images_aug/0111_1753476955046_T_1_aug9.png,137119186130,1753476955046,4,50,8/10.0,4.0,710,557,53.82166367444645,phantom_taobao,1,negative,data/phantom_taobao/masks_aug/0111_1753476955046_T_1_mask_aug9.png
112_aug0,0112_1753476958790_T_1.png,data/phantom_taobao/images_aug/0112_1753476958790_T_1_aug0.png,140887693290,1753476958790,4,50,8/10.0,4.0,710,557,53.82166367444645,phantom_taobao,1,negative,data/phantom_taobao/masks_aug/0112_1753476958790_T_1_mask_aug0.png
112_aug1,0112_1753476958790_T_1.png,data/phantom_taobao/images_aug/0112_1753476958790_T_1_aug1.png,140887693290,1753476958790,4,50,8/10.0,4.0,710,557,53.82166367444645,phantom_taobao,1,negative,data/phantom_taobao/masks_aug/0112_1753476958790_T_1_mask_aug1.png
112_aug2,0112_1753476958790_T_1.png,data/phantom_taobao/images_aug/0112_1753476958790_T_1_aug2.png,140887693290,1753476958790,4,50,8/10.0,4.0,710,557,53.82166367444645,phantom_taobao,1,negative,data/phantom_taobao/masks_aug/0112_1753476958790_T_1_mask_aug2.png
112_aug3,0112_1753476958790_T_1.png,data/phantom_taobao/images_aug/0112_1753476958790_T_1_aug3.png,140887693290,1753476958790,4,50,8/10.0,4.0,710,557,53.82166367444645,phantom_taobao,1,negative,data/phantom_taobao/masks_aug/0112_1753476958790_T_1_mask_aug3.png
112_aug4,0112_1753476958790_T_1.png,data/phantom_taobao/images_aug/0112_1753476958790_T_1_aug4.png,140887693290,1753476958790,4,50,8/10.0,4.0,710,557,53.82166367444645,phantom_taobao,1,negative,data/phantom_taobao/masks_aug/0112_1753476958790_T_1_mask_aug4.png
112_aug5,0112_1753476958790_T_1.png,data/phantom_taobao/images_aug/0112_1753476958790_T_1_aug5.png,140887693290,1753476958790,4,50,8/10.0,4.0,710,557,53.82166367444645,phantom_taobao,1,negative,data/phantom_taobao/masks_aug/0112_1753476958790_T_1_mask_aug5.png
112_aug6,0112_1753476958790_T_1.png,data/phantom_taobao/images_aug/0112_1753476958790_T_1_aug6.png,140887693290,1753476958790,4,50,8/10.0,4.0,710,557,53.82166367444645,phantom_taobao,1,negative,data/phantom_taobao/masks_aug/0112_1753476958790_T_1_mask_aug6.png
112_aug7,0112_1753476958790_T_1.png,data/phantom_taobao/images_aug/0112_1753476958790_T_1_aug7.png,140887693290,1753476958790,4,50,8/10.0,4.0,710,557,53.82166367444645,phantom_taobao,1,negative,data/phantom_taobao/masks_aug/0112_1753476958790_T_1_mask_aug7.png
112_aug8,0112_1753476958790_T_1.png,data/phantom_taobao/images_aug/0112_1753476958790_T_1_aug8.png,140887693290,1753476958790,4,50,8/10.0,4.0,710,557,53.82166367444645,phantom_taobao,1,negative,data/phantom_taobao/masks_aug/0112_1753476958790_T_1_mask_aug8.png
112_aug9,0112_1753476958790_T_1.png,data/phantom_taobao/images_aug/0112_1753476958790_T_1_aug9.png,140887693290,1753476958790,4,50,8/10.0,4.0,710,557,53.82166367444645,phantom_taobao,1,negative,data/phantom_taobao/masks_aug/0112_1753476958790_T_1_mask_aug9.png
114_aug0,0114_1753476968296_T_1.png,data/phantom_taobao/images_aug/0114_1753476968296_T_1_aug0.png,150417282200,1753476968296,4,50,8/10.0,4.0,710,557,53.82166367444645,phantom_taobao,1,negative,data/phantom_taobao/masks_aug/0114_1753476968296_T_1_mask_aug0.png
114_aug1,0114_1753476968296_T_1.png,data/phantom_taobao/images_aug/0114_1753476968296_T_1_aug1.png,150417282200,1753476968296,4,50,8/10.0,4.0,710,557,53.82166367444645,phantom_taobao,1,negative,data/phantom_taobao/masks_aug/0114_1753476968296_T_1_mask_aug1.png
114_aug2,0114_1753476968296_T_1.png,data/phantom_taobao/images_aug/0114_1753476968296_T_1_aug2.png,150417282200,1753476968296,4,50,8/10.0,4.0,710,557,53.82166367444645,phantom_taobao,1,negative,data/phantom_taobao/masks_aug/0114_1753476968296_T_1_mask_aug2.png
114_aug3,0114_1753476968296_T_1.png,data/phantom_taobao/images_aug/0114_1753476968296_T_1_aug3.png,150417282200,1753476968296,4,50,8/10.0,4.0,710,557,53.82166367444645,phantom_taobao,1,negative,data/phantom_taobao/masks_aug/0114_1753476968296_T_1_mask_aug3.png
114_aug4,0114_1753476968296_T_1.png,data/phantom_taobao/images_aug/0114_1753476968296_T_1_aug4.png,150417282200,1753476968296,4,50,8/10.0,4.0,710,557,53.82166367444645,phantom_taobao,1,negative,data/phantom_taobao/masks_aug/0114_1753476968296_T_1_mask_aug4.png
114_aug5,0114_1753476968296_T_1.png,data/phantom_taobao/images_aug/0114_1753476968296_T_1_aug5.png,150417282200,1753476968296,4,50,8/10.0,4.0,710,557,53.82166367444645,phantom_taobao,1,negative,data/phantom_taobao/masks_aug/0114_1753476968296_T_1_mask_aug5.png
114_aug6,0114_1753476968296_T_1.png,data/phantom_taobao/images_aug/0114_1753476968296_T_1_aug6.png,150417282200,1753476968296,4,50,8/10.0,4.0,710,557,53.82166367444645,phantom_taobao,1,negative,data/phantom_taobao/masks_aug/0114_1753476968296_T_1_mask_aug6.png
114_aug7,0114_1753476968296_T_1.png,data/phantom_taobao/images_aug/0114_1753476968296_T_1_aug7.png,150417282200,1753476968296,4,50,8/10.0,4.0,710,557,53.82166367444645,phantom_taobao,1,negative,data/phantom_taobao/masks_aug/0114_1753476968296_T_1_mask_aug7.png
114_aug8,0114_1753476968296_T_1.png,data/phantom_taobao/images_aug/0114_1753476968296_T_1_aug8.png,150417282200,1753476968296,4,50,8/10.0,4.0,710,557,53.82166367444645,phantom_taobao,1,negative,data/phantom_taobao/masks_aug/0114_1753476968296_T_1_mask_aug8.png
114_aug9,0114_1753476968296_T_1.png,data/phantom_taobao/images_aug/0114_1753476968296_T_1_aug9.png,150417282200,1753476968296,4,50,8/10.0,4.0,710,557,53.82166367444645,phantom_taobao,1,negative,data/phantom_taobao/masks_aug/0114_1753476968296_T_1_mask_aug9.png
115_aug0,0115_1753476977298_T_1.png,data/phantom_taobao/images_aug/0115_1753476977298_T_1_aug0.png,159408052730,1753476977298,4,50,8/10.0,4.0,710,557,53.82166367444645,phantom_taobao,1,negative,data/phantom_taobao/masks_aug/0115_1753476977298_T_1_mask_aug0.png
115_aug1,0115_1753476977298_T_1.png,data/phantom_taobao/images_aug/0115_1753476977298_T_1_aug1.png,159408052730,1753476977298,4,50,8/10.0,4.0,710,557,53.82166367444645,phantom_taobao,1,negative,data/phantom_taobao/masks_aug/0115_1753476977298_T_1_mask_aug1.png
115_aug2,0115_1753476977298_T_1.png,data/phantom_taobao/images_aug/0115_1753476977298_T_1_aug2.png,159408052730,1753476977298,4,50,8/10.0,4.0,710,557,53.82166367444645,phantom_taobao,1,negative,data/phantom_taobao/masks_aug/0115_1753476977298_T_1_mask_aug2.png
115_aug3,0115_1753476977298_T_1.png,data/phantom_taobao/images_aug/0115_1753476977298_T_1_aug3.png,159408052730,1753476977298,4,50,8/10.0,4.0,710,557,53.82166367444645,phantom_taobao,1,negative,data/phantom_taobao/masks_aug/0115_1753476977298_T_1_mask_aug3.png
115_aug4,0115_1753476977298_T_1.png,data/phantom_taobao/images_aug/0115_1753476977298_T_1_aug4.png,159408052730,1753476977298,4,50,8/10.0,4.0,710,557,53.82166367444645,phantom_taobao,1,negative,data/phantom_taobao/masks_aug/0115_1753476977298_T_1_mask_aug4.png
115_aug5,0115_1753476977298_T_1.png,data/phantom_taobao/images_aug/0115_1753476977298_T_1_aug5.png,159408052730,1753476977298,4,50,8/10.0,4.0,710,557,53.82166367444645,phantom_taobao,1,negative,data/phantom_taobao/masks_aug/0115_1753476977298_T_1_mask_aug5.png
115_aug6,0115_1753476977298_T_1.png,data/phantom_taobao/images_aug/0115_1753476977298_T_1_aug6.png,159408052730,1753476977298,4,50,8/10.0,4.0,710,557,53.82166367444645,phantom_taobao,1,negative,data/phantom_taobao/masks_aug/0115_1753476977298_T_1_mask_aug6.png
115_aug7,0115_1753476977298_T_1.png,data/phantom_taobao/images_aug/0115_1753476977298_T_1_aug7.png,159408052730,1753476977298,4,50,8/10.0,4.0,710,557,53.82166367444645,phantom_taobao,1,negative,data/phantom_taobao/masks_aug/0115_1753476977298_T_1_mask_aug7.png
115_aug8,0115_1753476977298_T_1.png,data/phantom_taobao/images_aug/0115_1753476977298_T_1_aug8.png,159408052730,1753476977298,4,50,8/10.0,4.0,710,557,53.82166367444645,phantom_taobao,1,negative,data/phantom_taobao/masks_aug/0115_1753476977298_T_1_mask_aug8.png
115_aug9,0115_1753476977298_T_1.png,data/phantom_taobao/images_aug/0115_1753476977298_T_1_aug9.png,159408052730,1753476977298,4,50,8/10.0,4.0,710,557,53.82166367444645,phantom_taobao,1,negative,data/phantom_taobao/masks_aug/0115_1753476977298_T_1_mask_aug9.png
116_aug0,0116_1753476979807_T_1.png,data/phantom_taobao/images_aug/0116_1753476979807_T_1_aug0.png,161958652580,1753476979807,4,50,8/10.0,4.0,710,557,53.82166367444645,phantom_taobao,1,negative,data/phantom_taobao/masks_aug/0116_1753476979807_T_1_mask_aug0.png
116_aug1,0116_1753476979807_T_1.png,data/phantom_taobao/images_aug/0116_1753476979807_T_1_aug1.png,161958652580,1753476979807,4,50,8/10.0,4.0,710,557,53.82166367444645,phantom_taobao,1,negative,data/phantom_taobao/masks_aug/0116_1753476979807_T_1_mask_aug1.png
116_aug2,0116_1753476979807_T_1.png,data/phantom_taobao/images_aug/0116_1753476979807_T_1_aug2.png,161958652580,1753476979807,4,50,8/10.0,4.0,710,557,53.82166367444645,phantom_taobao,1,negative,data/phantom_taobao/masks_aug/0116_1753476979807_T_1_mask_aug2.png
116_aug3,0116_1753476979807_T_1.png,data/phantom_taobao/images_aug/0116_1753476979807_T_1_aug3.png,161958652580,1753476979807,4,50,8/10.0,4.0,710,557,53.82166367444645,phantom_taobao,1,negative,data/phantom_taobao/masks_aug/0116_1753476979807_T_1_mask_aug3.png
116_aug4,0116_1753476979807_T_1.png,data/phantom_taobao/images_aug/0116_1753476979807_T_1_aug4.png,161958652580,1753476979807,4,50,8/10.0,4.0,710,557,53.82166367444645,phantom_taobao,1,negative,data/phantom_taobao/masks_aug/0116_1753476979807_T_1_mask_aug4.png
116_aug5,0116_1753476979807_T_1.png,data/phantom_taobao/images_aug/0116_1753476979807_T_1_aug5.png,161958652580,1753476979807,4,50,8/10.0,4.0,710,557,53.82166367444645,phantom_taobao,1,negative,data/phantom_taobao/masks_aug/0116_1753476979807_T_1_mask_aug5.png
116_aug6,0116_1753476979807_T_1.png,data/phantom_taobao/images_aug/0116_1753476979807_T_1_aug6.png,161958652580,1753476979807,4,50,8/10.0,4.0,710,557,53.82166367444645,phantom_taobao,1,negative,data/phantom_taobao/masks_aug/0116_1753476979807_T_1_mask_aug6.png
116_aug7,0116_1753476979807_T_1.png,data/phantom_taobao/images_aug/0116_1753476979807_T_1_aug7.png,161958652580,1753476979807,4,50,8/10.0,4.0,710,557,53.82166367444645,phantom_taobao,1,negative,data/phantom_taobao/masks_aug/0116_1753476979807_T_1_mask_aug7.png
116_aug8,0116_1753476979807_T_1.png,data/phantom_taobao/images_aug/0116_1753476979807_T_1_aug8.png,161958652580,1753476979807,4,50,8/10.0,4.0,710,557,53.82166367444645,phantom_taobao,1,negative,data/phantom_taobao/masks_aug/0116_1753476979807_T_1_mask_aug8.png
116_aug9,0116_1753476979807_T_1.png,data/phantom_taobao/images_aug/0116_1753476979807_T_1_aug9.png,161958652580,1753476979807,4,50,8/10.0,4.0,710,557,53.82166367444645,phantom_taobao,1,negative,data/phantom_taobao/masks_aug/0116_1753476979807_T_1_mask_aug9.png
117_aug0,0117_1753476982421_T_1.png,data/phantom_taobao/images_aug/0117_1753476982421_T_1_aug0.png,164563792430,1753476982421,4,50,8/10.0,4.0,710,557,53.82166367444645,phantom_taobao,1,negative,data/phantom_taobao/masks_aug/0117_1753476982421_T_1_mask_aug0.png
117_aug1,0117_1753476982421_T_1.png,data/phantom_taobao/images_aug/0117_1753476982421_T_1_aug1.png,164563792430,1753476982421,4,50,8/10.0,4.0,710,557,53.82166367444645,phantom_taobao,1,negative,data/phantom_taobao/masks_aug/0117_1753476982421_T_1_mask_aug1.png
117_aug2,0117_1753476982421_T_1.png,data/phantom_taobao/images_aug/0117_1753476982421_T_1_aug2.png,164563792430,1753476982421,4,50,8/10.0,4.0,710,557,53.82166367444645,phantom_taobao,1,negative,data/phantom_taobao/masks_aug/0117_1753476982421_T_1_mask_aug2.png
117_aug3,0117_1753476982421_T_1.png,data/phantom_taobao/images_aug/0117_1753476982421_T_1_aug3.png,164563792430,1753476982421,4,50,8/10.0,4.0,710,557,53.82166367444645,phantom_taobao,1,negative,data/phantom_taobao/masks_aug/0117_1753476982421_T_1_mask_aug3.png
117_aug4,0117_1753476982421_T_1.png,data/phantom_taobao/images_aug/0117_1753476982421_T_1_aug4.png,164563792430,1753476982421,4,50,8/10.0,4.0,710,557,53.82166367444645,phantom_taobao,1,negative,data/phantom_taobao/masks_aug/0117_1753476982421_T_1_mask_aug4.png
117_aug5,0117_1753476982421_T_1.png,data/phantom_taobao/images_aug/0117_1753476982421_T_1_aug5.png,164563792430,1753476982421,4,50,8/10.0,4.0,710,557,53.82166367444645,phantom_taobao,1,negative,data/phantom_taobao/masks_aug/0117_1753476982421_T_1_mask_aug5.png
117_aug6,0117_1753476982421_T_1.png,data/phantom_taobao/images_aug/0117_1753476982421_T_1_aug6.png,164563792430,1753476982421,4,50,8/10.0,4.0,710,557,53.82166367444645,phantom_taobao,1,negative,data/phantom_taobao/masks_aug/0117_1753476982421_T_1_mask_aug6.png
117_aug7,0117_1753476982421_T_1.png,data/phantom_taobao/images_aug/0117_1753476982421_T_1_aug7.png,164563792430,1753476982421,4,50,8/10.0,4.0,710,557,53.82166367444645,phantom_taobao,1,negative,data/phantom_taobao/masks_aug/0117_1753476982421_T_1_mask_aug7.png
117_aug8,0117_1753476982421_T_1.png,data/phantom_taobao/images_aug/0117_1753476982421_T_1_aug8.png,164563792430,1753476982421,4,50,8/10.0,4.0,710,557,53.82166367444645,phantom_taobao,1,negative,data/phantom_taobao/masks_aug/0117_1753476982421_T_1_mask_aug8.png
117_aug9,0117_1753476982421_T_1.png,data/phantom_taobao/images_aug/0117_1753476982421_T_1_aug9.png,164563792430,1753476982421,4,50,8/10.0,4.0,710,557,53.82166367444645,phantom_taobao,1,negative,data/phantom_taobao/masks_aug/0117_1753476982421_T_1_mask_aug9.png
118_aug0,0118_1753476985666_T_1.png,data/phantom_taobao/images_aug/0118_1753476985666_T_1_aug0.png,167818085830,1753476985666,4,50,8/10.0,4.0,710,557,53.82166367444645,phantom_taobao,1,negative,data/phantom_taobao/masks_aug/0118_1753476985666_T_1_mask_aug0.png
118_aug1,0118_1753476985666_T_1.png,data/phantom_taobao/images_aug/0118_1753476985666_T_1_aug1.png,167818085830,1753476985666,4,50,8/10.0,4.0,710,557,53.82166367444645,phantom_taobao,1,negative,data/phantom_taobao/masks_aug/0118_1753476985666_T_1_mask_aug1.png
118_aug2,0118_1753476985666_T_1.png,data/phantom_taobao/images_aug/0118_1753476985666_T_1_aug2.png,167818085830,1753476985666,4,50,8/10.0,4.0,710,557,53.82166367444645,phantom_taobao,1,negative,data/phantom_taobao/masks_aug/0118_1753476985666_T_1_mask_aug2.png
118_aug3,0118_1753476985666_T_1.png,data/phantom_taobao/images_aug/0118_1753476985666_T_1_aug3.png,167818085830,1753476985666,4,50,8/10.0,4.0,710,557,53.82166367444645,phantom_taobao,1,negative,data/phantom_taobao/masks_aug/0118_1753476985666_T_1_mask_aug3.png
118_aug4,0118_1753476985666_T_1.png,data/phantom_taobao/images_aug/0118_1753476985666_T_1_aug4.png,167818085830,1753476985666,4,50,8/10.0,4.0,710,557,53.82166367444645,phantom_taobao,1,negative,data/phantom_taobao/masks_aug/0118_1753476985666_T_1_mask_aug4.png
118_aug5,0118_1753476985666_T_1.png,data/phantom_taobao/images_aug/0118_1753476985666_T_1_aug5.png,167818085830,1753476985666,4,50,8/10.0,4.0,710,557,53.82166367444645,phantom_taobao,1,negative,data/phantom_taobao/masks_aug/0118_1753476985666_T_1_mask_aug5.png
118_aug6,0118_1753476985666_T_1.png,data/phantom_taobao/images_aug/0118_1753476985666_T_1_aug6.png,167818085830,1753476985666,4,50,8/10.0,4.0,710,557,53.82166367444645,phantom_taobao,1,negative,data/phantom_taobao/masks_aug/0118_1753476985666_T_1_mask_aug6.png
118_aug7,0118_1753476985666_T_1.png,data/phantom_taobao/images_aug/0118_1753476985666_T_1_aug7.png,167818085830,1753476985666,4,50,8/10.0,4.0,710,557,53.82166367444645,phantom_taobao,1,negative,data/phantom_taobao/masks_aug/0118_1753476985666_T_1_mask_aug7.png
118_aug8,0118_1753476985666_T_1.png,data/phantom_taobao/images_aug/0118_1753476985666_T_1_aug8.png,167818085830,1753476985666,4,50,8/10.0,4.0,710,557,53.82166367444645,phantom_taobao,1,negative,data/phantom_taobao/masks_aug/0118_1753476985666_T_1_mask_aug8.png
118_aug9,0118_1753476985666_T_1.png,data/phantom_taobao/images_aug/0118_1753476985666_T_1_aug9.png,167818085830,1753476985666,4,50,8/10.0,4.0,710,557,53.82166367444645,phantom_taobao,1,negative,data/phantom_taobao/masks_aug/0118_1753476985666_T_1_mask_aug9.png
119_aug0,0119_1753476995170_T_1.png,data/phantom_taobao/images_aug/0119_1753476995170_T_1_aug0.png,177314093970,1753476995170,4,50,8/10.0,4.0,710,557,53.82166367444645,phantom_taobao,1,negative,data/phantom_taobao/masks_aug/0119_1753476995170_T_1_mask_aug0.png
119_aug1,0119_1753476995170_T_1.png,data/phantom_taobao/images_aug/0119_1753476995170_T_1_aug1.png,177314093970,1753476995170,4,50,8/10.0,4.0,710,557,53.82166367444645,phantom_taobao,1,negative,data/phantom_taobao/masks_aug/0119_1753476995170_T_1_mask_aug1.png
119_aug2,0119_1753476995170_T_1.png,data/phantom_taobao/images_aug/0119_1753476995170_T_1_aug2.png,177314093970,1753476995170,4,50,8/10.0,4.0,710,557,53.82166367444645,phantom_taobao,1,negative,data/phantom_taobao/masks_aug/0119_1753476995170_T_1_mask_aug2.png
119_aug3,0119_1753476995170_T_1.png,data/phantom_taobao/images_aug/0119_1753476995170_T_1_aug3.png,177314093970,1753476995170,4,50,8/10.0,4.0,710,557,53.82166367444645,phantom_taobao,1,negative,data/phantom_taobao/masks_aug/0119_1753476995170_T_1_mask_aug3.png
119_aug4,0119_1753476995170_T_1.png,data/phantom_taobao/images_aug/0119_1753476995170_T_1_aug4.png,177314093970,1753476995170,4,50,8/10.0,4.0,710,557,53.82166367444645,phantom_taobao,1,negative,data/phantom_taobao/masks_aug/0119_1753476995170_T_1_mask_aug4.png
119_aug5,0119_1753476995170_T_1.png,data/phantom_taobao/images_aug/0119_1753476995170_T_1_aug5.png,177314093970,1753476995170,4,50,8/10.0,4.0,710,557,53.82166367444645,phantom_taobao,1,negative,data/phantom_taobao/masks_aug/0119_1753476995170_T_1_mask_aug5.png
119_aug6,0119_1753476995170_T_1.png,data/phantom_taobao/images_aug/0119_1753476995170_T_1_aug6.png,177314093970,1753476995170,4,50,8/10.0,4.0,710,557,53.82166367444645,phantom_taobao,1,negative,data/phantom_taobao/masks_aug/0119_1753476995170_T_1_mask_aug6.png
119_aug7,0119_1753476995170_T_1.png,data/phantom_taobao/images_aug/0119_1753476995170_T_1_aug7.png,177314093970,1753476995170,4,50,8/10.0,4.0,710,557,53.82166367444645,phantom_taobao,1,negative,data/phantom_taobao/masks_aug/0119_1753476995170_T_1_mask_aug7.png
119_aug8,0119_1753476995170_T_1.png,data/phantom_taobao/images_aug/0119_1753476995170_T_1_aug8.png,177314093970,1753476995170,4,50,8/10.0,4.0,710,557,53.82166367444645,phantom_taobao,1,negative,data/phantom_taobao/masks_aug/0119_1753476995170_T_1_mask_aug8.png
119_aug9,0119_1753476995170_T_1.png,data/phantom_taobao/images_aug/0119_1753476995170_T_1_aug9.png,177314093970,1753476995170,4,50,8/10.0,4.0,710,557,53.82166367444645,phantom_taobao,1,negative,data/phantom_taobao/masks_aug/0119_1753476995170_T_1_mask_aug9.png
120_aug0,0120_1753477000311_T_1.png,data/phantom_taobao/images_aug/0120_1753477000311_T_1_aug0.png,182468043300,1753477000311,4,50,8/10.0,4.0,710,557,53.82166367444645,phantom_taobao,1,negative,data/phantom_taobao/masks_aug/0120_1753477000311_T_1_mask_aug0.png
120_aug1,0120_1753477000311_T_1.png,data/phantom_taobao/images_aug/0120_1753477000311_T_1_aug1.png,182468043300,1753477000311,4,50,8/10.0,4.0,710,557,53.82166367444645,phantom_taobao,1,negative,data/phantom_taobao/masks_aug/0120_1753477000311_T_1_mask_aug1.png
120_aug2,0120_1753477000311_T_1.png,data/phantom_taobao/images_aug/0120_1753477000311_T_1_aug2.png,182468043300,1753477000311,4,50,8/10.0,4.0,710,557,53.82166367444645,phantom_taobao,1,negative,data/phantom_taobao/masks_aug/0120_1753477000311_T_1_mask_aug2.png
120_aug3,0120_1753477000311_T_1.png,data/phantom_taobao/images_aug/0120_1753477000311_T_1_aug3.png,182468043300,1753477000311,4,50,8/10.0,4.0,710,557,53.82166367444645,phantom_taobao,1,negative,data/phantom_taobao/masks_aug/0120_1753477000311_T_1_mask_aug3.png
120_aug4,0120_1753477000311_T_1.png,data/phantom_taobao/images_aug/0120_1753477000311_T_1_aug4.png,182468043300,1753477000311,4,50,8/10.0,4.0,710,557,53.82166367444645,phantom_taobao,1,negative,data/phantom_taobao/masks_aug/0120_1753477000311_T_1_mask_aug4.png
120_aug5,0120_1753477000311_T_1.png,data/phantom_taobao/images_aug/0120_1753477000311_T_1_aug5.png,182468043300,1753477000311,4,50,8/10.0,4.0,710,557,53.82166367444645,phantom_taobao,1,negative,data/phantom_taobao/masks_aug/0120_1753477000311_T_1_mask_aug5.png
120_aug6,0120_1753477000311_T_1.png,data/phantom_taobao/images_aug/0120_1753477000311_T_1_aug6.png,182468043300,1753477000311,4,50,8/10.0,4.0,710,557,53.82166367444645,phantom_taobao,1,negative,data/phantom_taobao/masks_aug/0120_1753477000311_T_1_mask_aug6.png
120_aug7,0120_1753477000311_T_1.png,data/phantom_taobao/images_aug/0120_1753477000311_T_1_aug7.png,182468043300,1753477000311,4,50,8/10.0,4.0,710,557,53.82166367444645,phantom_taobao,1,negative,data/phantom_taobao/masks_aug/0120_1753477000311_T_1_mask_aug7.png
120_aug8,0120_1753477000311_T_1.png,data/phantom_taobao/images_aug/0120_1753477000311_T_1_aug8.png,182468043300,1753477000311,4,50,8/10.0,4.0,710,557,53.82166367444645,phantom_taobao,1,negative,data/phantom_taobao/masks_aug/0120_1753477000311_T_1_mask_aug8.png
120_aug9,0120_1753477000311_T_1.png,data/phantom_taobao/images_aug/0120_1753477000311_T_1_aug9.png,182468043300,1753477000311,4,50,8/10.0,4.0,710,557,53.82166367444645,phantom_taobao,1,negative,data/phantom_taobao/masks_aug/0120_1753477000311_T_1_mask_aug9.png
121_aug0,0121_1753477003333_T_1.png,data/phantom_taobao/images_aug/0121_1753477003333_T_1_aug0.png,185451544480,1753477003333,4,50,8/10.0,4.0,710,557,53.82166367444645,phantom_taobao,1,negative,data/phantom_taobao/masks_aug/0121_1753477003333_T_1_mask_aug0.png
121_aug1,0121_1753477003333_T_1.png,data/phantom_taobao/images_aug/0121_1753477003333_T_1_aug1.png,185451544480,1753477003333,4,50,8/10.0,4.0,710,557,53.82166367444645,phantom_taobao,1,negative,data/phantom_taobao/masks_aug/0121_1753477003333_T_1_mask_aug1.png
121_aug2,0121_1753477003333_T_1.png,data/phantom_taobao/images_aug/0121_1753477003333_T_1_aug2.png,185451544480,1753477003333,4,50,8/10.0,4.0,710,557,53.82166367444645,phantom_taobao,1,negative,data/phantom_taobao/masks_aug/0121_1753477003333_T_1_mask_aug2.png
121_aug3,0121_1753477003333_T_1.png,data/phantom_taobao/images_aug/0121_1753477003333_T_1_aug3.png,185451544480,1753477003333,4,50,8/10.0,4.0,710,557,53.82166367444645,phantom_taobao,1,negative,data/phantom_taobao/masks_aug/0121_1753477003333_T_1_mask_aug3.png
121_aug4,0121_1753477003333_T_1.png,data/phantom_taobao/images_aug/0121_1753477003333_T_1_aug4.png,185451544480,1753477003333,4,50,8/10.0,4.0,710,557,53.82166367444645,phantom_taobao,1,negative,data/phantom_taobao/masks_aug/0121_1753477003333_T_1_mask_aug4.png
121_aug5,0121_1753477003333_T_1.png,data/phantom_taobao/images_aug/0121_1753477003333_T_1_aug5.png,185451544480,1753477003333,4,50,8/10.0,4.0,710,557,53.82166367444645,phantom_taobao,1,negative,data/phantom_taobao/masks_aug/0121_1753477003333_T_1_mask_aug5.png
121_aug6,0121_1753477003333_T_1.png,data/phantom_taobao/images_aug/0121_1753477003333_T_1_aug6.png,185451544480,1753477003333,4,50,8/10.0,4.0,710,557,53.82166367444645,phantom_taobao,1,negative,data/phantom_taobao/masks_aug/0121_1753477003333_T_1_mask_aug6.png
121_aug7,0121_1753477003333_T_1.png,data/phantom_taobao/images_aug/0121_1753477003333_T_1_aug7.png,185451544480,1753477003333,4,50,8/10.0,4.0,710,557,53.82166367444645,phantom_taobao,1,negative,data/phantom_taobao/masks_aug/0121_1753477003333_T_1_mask_aug7.png
121_aug8,0121_1753477003333_T_1.png,data/phantom_taobao/images_aug/0121_1753477003333_T_1_aug8.png,185451544480,1753477003333,4,50,8/10.0,4.0,710,557,53.82166367444645,phantom_taobao,1,negative,data/phantom_taobao/masks_aug/0121_1753477003333_T_1_mask_aug8.png
121_aug9,0121_1753477003333_T_1.png,data/phantom_taobao/images_aug/0121_1753477003333_T_1_aug9.png,185451544480,1753477003333,4,50,8/10.0,4.0,710,557,53.82166367444645,phantom_taobao,1,negative,data/phantom_taobao/masks_aug/0121_1753477003333_T_1_mask_aug9.png
122_aug0,0122_1753477006460_T_1.png,data/phantom_taobao/images_aug/0122_1753477006460_T_1_aug0.png,188597523940,1753477006460,4,50,8/10.0,4.0,710,557,53.82166367444645,phantom_taobao,1,negative,data/phantom_taobao/masks_aug/0122_1753477006460_T_1_mask_aug0.png
122_aug1,0122_1753477006460_T_1.png,data/phantom_taobao/images_aug/0122_1753477006460_T_1_aug1.png,188597523940,1753477006460,4,50,8/10.0,4.0,710,557,53.82166367444645,phantom_taobao,1,negative,data/phantom_taobao/masks_aug/0122_1753477006460_T_1_mask_aug1.png
122_aug2,0122_1753477006460_T_1.png,data/phantom_taobao/images_aug/0122_1753477006460_T_1_aug2.png,188597523940,1753477006460,4,50,8/10.0,4.0,710,557,53.82166367444645,phantom_taobao,1,negative,data/phantom_taobao/masks_aug/0122_1753477006460_T_1_mask_aug2.png
122_aug3,0122_1753477006460_T_1.png,data/phantom_taobao/images_aug/0122_1753477006460_T_1_aug3.png,188597523940,1753477006460,4,50,8/10.0,4.0,710,557,53.82166367444645,phantom_taobao,1,negative,data/phantom_taobao/masks_aug/0122_1753477006460_T_1_mask_aug3.png
122_aug4,0122_1753477006460_T_1.png,data/phantom_taobao/images_aug/0122_1753477006460_T_1_aug4.png,188597523940,1753477006460,4,50,8/10.0,4.0,710,557,53.82166367444645,phantom_taobao,1,negative,data/phantom_taobao/masks_aug/0122_1753477006460_T_1_mask_aug4.png
122_aug5,0122_1753477006460_T_1.png,data/phantom_taobao/images_aug/0122_1753477006460_T_1_aug5.png,188597523940,1753477006460,4,50,8/10.0,4.0,710,557,53.82166367444645,phantom_taobao,1,negative,data/phantom_taobao/masks_aug/0122_1753477006460_T_1_mask_aug5.png
122_aug6,0122_1753477006460_T_1.png,data/phantom_taobao/images_aug/0122_1753477006460_T_1_aug6.png,188597523940,1753477006460,4,50,8/10.0,4.0,710,557,53.82166367444645,phantom_taobao,1,negative,data/phantom_taobao/masks_aug/0122_1753477006460_T_1_mask_aug6.png
122_aug7,0122_1753477006460_T_1.png,data/phantom_taobao/images_aug/0122_1753477006460_T_1_aug7.png,188597523940,1753477006460,4,50,8/10.0,4.0,710,557,53.82166367444645,phantom_taobao,1,negative,data/phantom_taobao/masks_aug/0122_1753477006460_T_1_mask_aug7.png
122_aug8,0122_1753477006460_T_1.png,data/phantom_taobao/images_aug/0122_1753477006460_T_1_aug8.png,188597523940,1753477006460,4,50,8/10.0,4.0,710,557,53.82166367444645,phantom_taobao,1,negative,data/phantom_taobao/masks_aug/0122_1753477006460_T_1_mask_aug8.png
122_aug9,0122_1753477006460_T_1.png,data/phantom_taobao/images_aug/0122_1753477006460_T_1_aug9.png,188597523940,1753477006460,4,50,8/10.0,4.0,710,557,53.82166367444645,phantom_taobao,1,negative,data/phantom_taobao/masks_aug/0122_1753477006460_T_1_mask_aug9.png
123_aug0,0123_1753477010235_T_1.png,data/phantom_taobao/images_aug/0123_1753477010235_T_1_aug0.png,192392230910,1753477010235,4,50,8/10.0,4.0,710,557,53.82166367444645,phantom_taobao,1,negative,data/phantom_taobao/masks_aug/0123_1753477010235_T_1_mask_aug0.png
123_aug1,0123_1753477010235_T_1.png,data/phantom_taobao/images_aug/0123_1753477010235_T_1_aug1.png,192392230910,1753477010235,4,50,8/10.0,4.0,710,557,53.82166367444645,phantom_taobao,1,negative,data/phantom_taobao/masks_aug/0123_1753477010235_T_1_mask_aug1.png
123_aug2,0123_1753477010235_T_1.png,data/phantom_taobao/images_aug/0123_1753477010235_T_1_aug2.png,192392230910,1753477010235,4,50,8/10.0,4.0,710,557,53.82166367444645,phantom_taobao,1,negative,data/phantom_taobao/masks_aug/0123_1753477010235_T_1_mask_aug2.png
123_aug3,0123_1753477010235_T_1.png,data/phantom_taobao/images_aug/0123_1753477010235_T_1_aug3.png,192392230910,1753477010235,4,50,8/10.0,4.0,710,557,53.82166367444645,phantom_taobao,1,negative,data/phantom_taobao/masks_aug/0123_1753477010235_T_1_mask_aug3.png
123_aug4,0123_1753477010235_T_1.png,data/phantom_taobao/images_aug/0123_1753477010235_T_1_aug4.png,192392230910,1753477010235,4,50,8/10.0,4.0,710,557,53.82166367444645,phantom_taobao,1,negative,data/phantom_taobao/masks_aug/0123_1753477010235_T_1_mask_aug4.png
123_aug5,0123_1753477010235_T_1.png,data/phantom_taobao/images_aug/0123_1753477010235_T_1_aug5.png,192392230910,1753477010235,4,50,8/10.0,4.0,710,557,53.82166367444645,phantom_taobao,1,negative,data/phantom_taobao/masks_aug/0123_1753477010235_T_1_mask_aug5.png
123_aug6,0123_1753477010235_T_1.png,data/phantom_taobao/images_aug/0123_1753477010235_T_1_aug6.png,192392230910,1753477010235,4,50,8/10.0,4.0,710,557,53.82166367444645,phantom_taobao,1,negative,data/phantom_taobao/masks_aug/0123_1753477010235_T_1_mask_aug6.png
123_aug7,0123_1753477010235_T_1.png,data/phantom_taobao/images_aug/0123_1753477010235_T_1_aug7.png,192392230910,1753477010235,4,50,8/10.0,4.0,710,557,53.82166367444645,phantom_taobao,1,negative,data/phantom_taobao/masks_aug/0123_1753477010235_T_1_mask_aug7.png
123_aug8,0123_1753477010235_T_1.png,data/phantom_taobao/images_aug/0123_1753477010235_T_1_aug8.png,192392230910,1753477010235,4,50,8/10.0,4.0,710,557,53.82166367444645,phantom_taobao,1,negative,data/phantom_taobao/masks_aug/0123_1753477010235_T_1_mask_aug8.png
123_aug9,0123_1753477010235_T_1.png,data/phantom_taobao/images_aug/0123_1753477010235_T_1_aug9.png,192392230910,1753477010235,4,50,8/10.0,4.0,710,557,53.82166367444645,phantom_taobao,1,negative,data/phantom_taobao/masks_aug/0123_1753477010235_T_1_mask_aug9.png
124_aug0,0124_1753477013131_T_1.png,data/phantom_taobao/images_aug/0124_1753477013131_T_1_aug0.png,195267106370,1753477013131,4,50,8/10.0,4.0,710,557,53.82166367444645,phantom_taobao,1,negative,data/phantom_taobao/masks_aug/0124_1753477013131_T_1_mask_aug0.png
124_aug1,0124_1753477013131_T_1.png,data/phantom_taobao/images_aug/0124_1753477013131_T_1_aug1.png,195267106370,1753477013131,4,50,8/10.0,4.0,710,557,53.82166367444645,phantom_taobao,1,negative,data/phantom_taobao/masks_aug/0124_1753477013131_T_1_mask_aug1.png
124_aug2,0124_1753477013131_T_1.png,data/phantom_taobao/images_aug/0124_1753477013131_T_1_aug2.png,195267106370,1753477013131,4,50,8/10.0,4.0,710,557,53.82166367444645,phantom_taobao,1,negative,data/phantom_taobao/masks_aug/0124_1753477013131_T_1_mask_aug2.png
124_aug3,0124_1753477013131_T_1.png,data/phantom_taobao/images_aug/0124_1753477013131_T_1_aug3.png,195267106370,1753477013131,4,50,8/10.0,4.0,710,557,53.82166367444645,phantom_taobao,1,negative,data/phantom_taobao/masks_aug/0124_1753477013131_T_1_mask_aug3.png
124_aug4,0124_1753477013131_T_1.png,data/phantom_taobao/images_aug/0124_1753477013131_T_1_aug4.png,195267106370,1753477013131,4,50,8/10.0,4.0,710,557,53.82166367444645,phantom_taobao,1,negative,data/phantom_taobao/masks_aug/0124_1753477013131_T_1_mask_aug4.png
124_aug5,0124_1753477013131_T_1.png,data/phantom_taobao/images_aug/0124_1753477013131_T_1_aug5.png,195267106370,1753477013131,4,50,8/10.0,4.0,710,557,53.82166367444645,phantom_taobao,1,negative,data/phantom_taobao/masks_aug/0124_1753477013131_T_1_mask_aug5.png
124_aug6,0124_1753477013131_T_1.png,data/phantom_taobao/images_aug/0124_1753477013131_T_1_aug6.png,195267106370,1753477013131,4,50,8/10.0,4.0,710,557,53.82166367444645,phantom_taobao,1,negative,data/phantom_taobao/masks_aug/0124_1753477013131_T_1_mask_aug6.png
124_aug7,0124_1753477013131_T_1.png,data/phantom_taobao/images_aug/0124_1753477013131_T_1_aug7.png,195267106370,1753477013131,4,50,8/10.0,4.0,710,557,53.82166367444645,phantom_taobao,1,negative,data/phantom_taobao/masks_aug/0124_1753477013131_T_1_mask_aug7.png
124_aug8,0124_1753477013131_T_1.png,data/phantom_taobao/images_aug/0124_1753477013131_T_1_aug8.png,195267106370,1753477013131,4,50,8/10.0,4.0,710,557,53.82166367444645,phantom_taobao,1,negative,data/phantom_taobao/masks_aug/0124_1753477013131_T_1_mask_aug8.png
124_aug9,0124_1753477013131_T_1.png,data/phantom_taobao/images_aug/0124_1753477013131_T_1_aug9.png,195267106370,1753477013131,4,50,8/10.0,4.0,710,557,53.82166367444645,phantom_taobao,1,negative,data/phantom_taobao/masks_aug/0124_1753477013131_T_1_mask_aug9.png
125_aug0,0125_1753477034181_T_1.png,data/phantom_taobao/images_aug/0125_1753477034181_T_1_aug0.png,216333536290,1753477034181,4,50,8/10.0,4.0,710,557,53.82166367444645,phantom_taobao,1,negative,data/phantom_taobao/masks_aug/0125_1753477034181_T_1_mask_aug0.png
125_aug1,0125_1753477034181_T_1.png,data/phantom_taobao/images_aug/0125_1753477034181_T_1_aug1.png,216333536290,1753477034181,4,50,8/10.0,4.0,710,557,53.82166367444645,phantom_taobao,1,negative,data/phantom_taobao/masks_aug/0125_1753477034181_T_1_mask_aug1.png
125_aug2,0125_1753477034181_T_1.png,data/phantom_taobao/images_aug/0125_1753477034181_T_1_aug2.png,216333536290,1753477034181,4,50,8/10.0,4.0,710,557,53.82166367444645,phantom_taobao,1,negative,data/phantom_taobao/masks_aug/0125_1753477034181_T_1_mask_aug2.png
125_aug3,0125_1753477034181_T_1.png,data/phantom_taobao/images_aug/0125_1753477034181_T_1_aug3.png,216333536290,1753477034181,4,50,8/10.0,4.0,710,557,53.82166367444645,phantom_taobao,1,negative,data/phantom_taobao/masks_aug/0125_1753477034181_T_1_mask_aug3.png
125_aug4,0125_1753477034181_T_1.png,data/phantom_taobao/images_aug/0125_1753477034181_T_1_aug4.png,216333536290,1753477034181,4,50,8/10.0,4.0,710,557,53.82166367444645,phantom_taobao,1,negative,data/phantom_taobao/masks_aug/0125_1753477034181_T_1_mask_aug4.png
125_aug5,0125_1753477034181_T_1.png,data/phantom_taobao/images_aug/0125_1753477034181_T_1_aug5.png,216333536290,1753477034181,4,50,8/10.0,4.0,710,557,53.82166367444645,phantom_taobao,1,negative,data/phantom_taobao/masks_aug/0125_1753477034181_T_1_mask_aug5.png
125_aug6,0125_1753477034181_T_1.png,data/phantom_taobao/images_aug/0125_1753477034181_T_1_aug6.png,216333536290,1753477034181,4,50,8/10.0,4.0,710,557,53.82166367444645,phantom_taobao,1,negative,data/phantom_taobao/masks_aug/0125_1753477034181_T_1_mask_aug6.png
125_aug7,0125_1753477034181_T_1.png,data/phantom_taobao/images_aug/0125_1753477034181_T_1_aug7.png,216333536290,1753477034181,4,50,8/10.0,4.0,710,557,53.82166367444645,phantom_taobao,1,negative,data/phantom_taobao/masks_aug/0125_1753477034181_T_1_mask_aug7.png
125_aug8,0125_1753477034181_T_1.png,data/phantom_taobao/images_aug/0125_1753477034181_T_1_aug8.png,216333536290,1753477034181,4,50,8/10.0,4.0,710,557,53.82166367444645,phantom_taobao,1,negative,data/phantom_taobao/masks_aug/0125_1753477034181_T_1_mask_aug8.png
125_aug9,0125_1753477034181_T_1.png,data/phantom_taobao/images_aug/0125_1753477034181_T_1_aug9.png,216333536290,1753477034181,4,50,8/10.0,4.0,710,557,53.82166367444645,phantom_taobao,1,negative,data/phantom_taobao/masks_aug/0125_1753477034181_T_1_mask_aug9.png
126_aug0,0126_1753477048117_T_1.png,data/phantom_taobao/images_aug/0126_1753477048117_T_1_aug0.png,230275705010,1753477048117,4,50,8/10.0,4.0,710,557,53.82166367444645,phantom_taobao,1,negative,data/phantom_taobao/masks_aug/0126_1753477048117_T_1_mask_aug0.png
126_aug1,0126_1753477048117_T_1.png,data/phantom_taobao/images_aug/0126_1753477048117_T_1_aug1.png,230275705010,1753477048117,4,50,8/10.0,4.0,710,557,53.82166367444645,phantom_taobao,1,negative,data/phantom_taobao/masks_aug/0126_1753477048117_T_1_mask_aug1.png
126_aug2,0126_1753477048117_T_1.png,data/phantom_taobao/images_aug/0126_1753477048117_T_1_aug2.png,230275705010,1753477048117,4,50,8/10.0,4.0,710,557,53.82166367444645,phantom_taobao,1,negative,data/phantom_taobao/masks_aug/0126_1753477048117_T_1_mask_aug2.png
126_aug3,0126_1753477048117_T_1.png,data/phantom_taobao/images_aug/0126_1753477048117_T_1_aug3.png,230275705010,1753477048117,4,50,8/10.0,4.0,710,557,53.82166367444645,phantom_taobao,1,negative,data/phantom_taobao/masks_aug/0126_1753477048117_T_1_mask_aug3.png
126_aug4,0126_1753477048117_T_1.png,data/phantom_taobao/images_aug/0126_1753477048117_T_1_aug4.png,230275705010,1753477048117,4,50,8/10.0,4.0,710,557,53.82166367444645,phantom_taobao,1,negative,data/phantom_taobao/masks_aug/0126_1753477048117_T_1_mask_aug4.png
126_aug5,0126_1753477048117_T_1.png,data/phantom_taobao/images_aug/0126_1753477048117_T_1_aug5.png,230275705010,1753477048117,4,50,8/10.0,4.0,710,557,53.82166367444645,phantom_taobao,1,negative,data/phantom_taobao/masks_aug/0126_1753477048117_T_1_mask_aug5.png
126_aug6,0126_1753477048117_T_1.png,data/phantom_taobao/images_aug/0126_1753477048117_T_1_aug6.png,230275705010,1753477048117,4,50,8/10.0,4.0,710,557,53.82166367444645,phantom_taobao,1,negative,data/phantom_taobao/masks_aug/0126_1753477048117_T_1_mask_aug6.png
126_aug7,0126_1753477048117_T_1.png,data/phantom_taobao/images_aug/0126_1753477048117_T_1_aug7.png,230275705010,1753477048117,4,50,8/10.0,4.0,710,557,53.82166367444645,phantom_taobao,1,negative,data/phantom_taobao/masks_aug/0126_1753477048117_T_1_mask_aug7.png
126_aug8,0126_1753477048117_T_1.png,data/phantom_taobao/images_aug/0126_1753477048117_T_1_aug8.png,230275705010,1753477048117,4,50,8/10.0,4.0,710,557,53.82166367444645,phantom_taobao,1,negative,data/phantom_taobao/masks_aug/0126_1753477048117_T_1_mask_aug8.png
126_aug9,0126_1753477048117_T_1.png,data/phantom_taobao/images_aug/0126_1753477048117_T_1_aug9.png,230275705010,1753477048117,4,50,8/10.0,4.0,710,557,53.82166367444645,phantom_taobao,1,negative,data/phantom_taobao/masks_aug/0126_1753477048117_T_1_mask_aug9.png
128_aug0,0128_1753477076872_T_1.png,data/phantom_taobao/images_aug/0128_1753477076872_T_1_aug0.png,258996188260,1753477076872,4,50,8/10.0,4.0,710,557,53.82166367444645,phantom_taobao,1,negative,data/phantom_taobao/masks_aug/0128_1753477076872_T_1_mask_aug0.png
128_aug1,0128_1753477076872_T_1.png,data/phantom_taobao/images_aug/0128_1753477076872_T_1_aug1.png,258996188260,1753477076872,4,50,8/10.0,4.0,710,557,53.82166367444645,phantom_taobao,1,negative,data/phantom_taobao/masks_aug/0128_1753477076872_T_1_mask_aug1.png
128_aug2,0128_1753477076872_T_1.png,data/phantom_taobao/images_aug/0128_1753477076872_T_1_aug2.png,258996188260,1753477076872,4,50,8/10.0,4.0,710,557,53.82166367444645,phantom_taobao,1,negative,data/phantom_taobao/masks_aug/0128_1753477076872_T_1_mask_aug2.png
128_aug3,0128_1753477076872_T_1.png,data/phantom_taobao/images_aug/0128_1753477076872_T_1_aug3.png,258996188260,1753477076872,4,50,8/10.0,4.0,710,557,53.82166367444645,phantom_taobao,1,negative,data/phantom_taobao/masks_aug/0128_1753477076872_T_1_mask_aug3.png
128_aug4,0128_1753477076872_T_1.png,data/phantom_taobao/images_aug/0128_1753477076872_T_1_aug4.png,258996188260,1753477076872,4,50,8/10.0,4.0,710,557,53.82166367444645,phantom_taobao,1,negative,data/phantom_taobao/masks_aug/0128_1753477076872_T_1_mask_aug4.png
128_aug5,0128_1753477076872_T_1.png,data/phantom_taobao/images_aug/0128_1753477076872_T_1_aug5.png,258996188260,1753477076872,4,50,8/10.0,4.0,710,557,53.82166367444645,phantom_taobao,1,negative,data/phantom_taobao/masks_aug/0128_1753477076872_T_1_mask_aug5.png
128_aug6,0128_1753477076872_T_1.png,data/phantom_taobao/images_aug/0128_1753477076872_T_1_aug6.png,258996188260,1753477076872,4,50,8/10.0,4.0,710,557,53.82166367444645,phantom_taobao,1,negative,data/phantom_taobao/masks_aug/0128_1753477076872_T_1_mask_aug6.png
128_aug7,0128_1753477076872_T_1.png,data/phantom_taobao/images_aug/0128_1753477076872_T_1_aug7.png,258996188260,1753477076872,4,50,8/10.0,4.0,710,557,53.82166367444645,phantom_taobao,1,negative,data/phantom_taobao/masks_aug/0128_1753477076872_T_1_mask_aug7.png
128_aug8,0128_1753477076872_T_1.png,data/phantom_taobao/images_aug/0128_1753477076872_T_1_aug8.png,258996188260,1753477076872,4,50,8/10.0,4.0,710,557,53.82166367444645,phantom_taobao,1,negative,data/phantom_taobao/masks_aug/0128_1753477076872_T_1_mask_aug8.png
128_aug9,0128_1753477076872_T_1.png,data/phantom_taobao/images_aug/0128_1753477076872_T_1_aug9.png,258996188260,1753477076872,4,50,8/10.0,4.0,710,557,53.82166367444645,phantom_taobao,1,negative,data/phantom_taobao/masks_aug/0128_1753477076872_T_1_mask_aug9.png
129_aug0,0129_1753477078950_T_1.png,data/phantom_taobao/images_aug/0129_1753477078950_T_1_aug0.png,261098259650,1753477078950,4,50,8/10.0,4.0,710,557,53.82166367444645,phantom_taobao,1,negative,data/phantom_taobao/masks_aug/0129_1753477078950_T_1_mask_aug0.png
129_aug1,0129_1753477078950_T_1.png,data/phantom_taobao/images_aug/0129_1753477078950_T_1_aug1.png,261098259650,1753477078950,4,50,8/10.0,4.0,710,557,53.82166367444645,phantom_taobao,1,negative,data/phantom_taobao/masks_aug/0129_1753477078950_T_1_mask_aug1.png
129_aug2,0129_1753477078950_T_1.png,data/phantom_taobao/images_aug/0129_1753477078950_T_1_aug2.png,261098259650,1753477078950,4,50,8/10.0,4.0,710,557,53.82166367444645,phantom_taobao,1,negative,data/phantom_taobao/masks_aug/0129_1753477078950_T_1_mask_aug2.png
129_aug3,0129_1753477078950_T_1.png,data/phantom_taobao/images_aug/0129_1753477078950_T_1_aug3.png,261098259650,1753477078950,4,50,8/10.0,4.0,710,557,53.82166367444645,phantom_taobao,1,negative,data/phantom_taobao/masks_aug/0129_1753477078950_T_1_mask_aug3.png
129_aug4,0129_1753477078950_T_1.png,data/phantom_taobao/images_aug/0129_1753477078950_T_1_aug4.png,261098259650,1753477078950,4,50,8/10.0,4.0,710,557,53.82166367444645,phantom_taobao,1,negative,data/phantom_taobao/masks_aug/0129_1753477078950_T_1_mask_aug4.png
129_aug5,0129_1753477078950_T_1.png,data/phantom_taobao/images_aug/0129_1753477078950_T_1_aug5.png,261098259650,1753477078950,4,50,8/10.0,4.0,710,557,53.82166367444645,phantom_taobao,1,negative,data/phantom_taobao/masks_aug/0129_1753477078950_T_1_mask_aug5.png
129_aug6,0129_1753477078950_T_1.png,data/phantom_taobao/images_aug/0129_1753477078950_T_1_aug6.png,261098259650,1753477078950,4,50,8/10.0,4.0,710,557,53.82166367444645,phantom_taobao,1,negative,data/phantom_taobao/masks_aug/0129_1753477078950_T_1_mask_aug6.png
129_aug7,0129_1753477078950_T_1.png,data/phantom_taobao/images_aug/0129_1753477078950_T_1_aug7.png,261098259650,1753477078950,4,50,8/10.0,4.0,710,557,53.82166367444645,phantom_taobao,1,negative,data/phantom_taobao/masks_aug/0129_1753477078950_T_1_mask_aug7.png
129_aug8,0129_1753477078950_T_1.png,data/phantom_taobao/images_aug/0129_1753477078950_T_1_aug8.png,261098259650,1753477078950,4,50,8/10.0,4.0,710,557,53.82166367444645,phantom_taobao,1,negative,data/phantom_taobao/masks_aug/0129_1753477078950_T_1_mask_aug8.png
129_aug9,0129_1753477078950_T_1.png,data/phantom_taobao/images_aug/0129_1753477078950_T_1_aug9.png,261098259650,1753477078950,4,50,8/10.0,4.0,710,557,53.82166367444645,phantom_taobao,1,negative,data/phantom_taobao/masks_aug/0129_1753477078950_T_1_mask_aug9.png
130_aug0,0130_1753477082843_T_1.png,data/phantom_taobao/images_aug/0130_1753477082843_T_1_aug0.png,264979893050,1753477082843,4,50,8/10.0,4.0,710,557,53.82166367444645,phantom_taobao,1,negative,data/phantom_taobao/masks_aug/0130_1753477082843_T_1_mask_aug0.png
130_aug1,0130_1753477082843_T_1.png,data/phantom_taobao/images_aug/0130_1753477082843_T_1_aug1.png,264979893050,1753477082843,4,50,8/10.0,4.0,710,557,53.82166367444645,phantom_taobao,1,negative,data/phantom_taobao/masks_aug/0130_1753477082843_T_1_mask_aug1.png
130_aug2,0130_1753477082843_T_1.png,data/phantom_taobao/images_aug/0130_1753477082843_T_1_aug2.png,264979893050,1753477082843,4,50,8/10.0,4.0,710,557,53.82166367444645,phantom_taobao,1,negative,data/phantom_taobao/masks_aug/0130_1753477082843_T_1_mask_aug2.png
130_aug3,0130_1753477082843_T_1.png,data/phantom_taobao/images_aug/0130_1753477082843_T_1_aug3.png,264979893050,1753477082843,4,50,8/10.0,4.0,710,557,53.82166367444645,phantom_taobao,1,negative,data/phantom_taobao/masks_aug/0130_1753477082843_T_1_mask_aug3.png
130_aug4,0130_1753477082843_T_1.png,data/phantom_taobao/images_aug/0130_1753477082843_T_1_aug4.png,264979893050,1753477082843,4,50,8/10.0,4.0,710,557,53.82166367444645,phantom_taobao,1,negative,data/phantom_taobao/masks_aug/0130_1753477082843_T_1_mask_aug4.png
130_aug5,0130_1753477082843_T_1.png,data/phantom_taobao/images_aug/0130_1753477082843_T_1_aug5.png,264979893050,1753477082843,4,50,8/10.0,4.0,710,557,53.82166367444645,phantom_taobao,1,negative,data/phantom_taobao/masks_aug/0130_1753477082843_T_1_mask_aug5.png
130_aug6,0130_1753477082843_T_1.png,data/phantom_taobao/images_aug/0130_1753477082843_T_1_aug6.png,264979893050,1753477082843,4,50,8/10.0,4.0,710,557,53.82166367444645,phantom_taobao,1,negative,data/phantom_taobao/masks_aug/0130_1753477082843_T_1_mask_aug6.png
130_aug7,0130_1753477082843_T_1.png,data/phantom_taobao/images_aug/0130_1753477082843_T_1_aug7.png,264979893050,1753477082843,4,50,8/10.0,4.0,710,557,53.82166367444645,phantom_taobao,1,negative,data/phantom_taobao/masks_aug/0130_1753477082843_T_1_mask_aug7.png
130_aug8,0130_1753477082843_T_1.png,data/phantom_taobao/images_aug/0130_1753477082843_T_1_aug8.png,264979893050,1753477082843,4,50,8/10.0,4.0,710,557,53.82166367444645,phantom_taobao,1,negative,data/phantom_taobao/masks_aug/0130_1753477082843_T_1_mask_aug8.png
130_aug9,0130_1753477082843_T_1.png,data/phantom_taobao/images_aug/0130_1753477082843_T_1_aug9.png,264979893050,1753477082843,4,50,8/10.0,4.0,710,557,53.82166367444645,phantom_taobao,1,negative,data/phantom_taobao/masks_aug/0130_1753477082843_T_1_mask_aug9.png
131_aug0,0131_1753477088918_T_1.png,data/phantom_taobao/images_aug/0131_1753477088918_T_1_aug0.png,271070610050,1753477088918,4,50,8/10.0,4.0,710,557,53.82166367444645,phantom_taobao,1,negative,data/phantom_taobao/masks_aug/0131_1753477088918_T_1_mask_aug0.png
131_aug1,0131_1753477088918_T_1.png,data/phantom_taobao/images_aug/0131_1753477088918_T_1_aug1.png,271070610050,1753477088918,4,50,8/10.0,4.0,710,557,53.82166367444645,phantom_taobao,1,negative,data/phantom_taobao/masks_aug/0131_1753477088918_T_1_mask_aug1.png
131_aug2,0131_1753477088918_T_1.png,data/phantom_taobao/images_aug/0131_1753477088918_T_1_aug2.png,271070610050,1753477088918,4,50,8/10.0,4.0,710,557,53.82166367444645,phantom_taobao,1,negative,data/phantom_taobao/masks_aug/0131_1753477088918_T_1_mask_aug2.png
131_aug3,0131_1753477088918_T_1.png,data/phantom_taobao/images_aug/0131_1753477088918_T_1_aug3.png,271070610050,1753477088918,4,50,8/10.0,4.0,710,557,53.82166367444645,phantom_taobao,1,negative,data/phantom_taobao/masks_aug/0131_1753477088918_T_1_mask_aug3.png
131_aug4,0131_1753477088918_T_1.png,data/phantom_taobao/images_aug/0131_1753477088918_T_1_aug4.png,271070610050,1753477088918,4,50,8/10.0,4.0,710,557,53.82166367444645,phantom_taobao,1,negative,data/phantom_taobao/masks_aug/0131_1753477088918_T_1_mask_aug4.png
131_aug5,0131_1753477088918_T_1.png,data/phantom_taobao/images_aug/0131_1753477088918_T_1_aug5.png,271070610050,1753477088918,4,50,8/10.0,4.0,710,557,53.82166367444645,phantom_taobao,1,negative,data/phantom_taobao/masks_aug/0131_1753477088918_T_1_mask_aug5.png
131_aug6,0131_1753477088918_T_1.png,data/phantom_taobao/images_aug/0131_1753477088918_T_1_aug6.png,271070610050,1753477088918,4,50,8/10.0,4.0,710,557,53.82166367444645,phantom_taobao,1,negative,data/phantom_taobao/masks_aug/0131_1753477088918_T_1_mask_aug6.png
131_aug7,0131_1753477088918_T_1.png,data/phantom_taobao/images_aug/0131_1753477088918_T_1_aug7.png,271070610050,1753477088918,4,50,8/10.0,4.0,710,557,53.82166367444645,phantom_taobao,1,negative,data/phantom_taobao/masks_aug/0131_1753477088918_T_1_mask_aug7.png
131_aug8,0131_1753477088918_T_1.png,data/phantom_taobao/images_aug/0131_1753477088918_T_1_aug8.png,271070610050,1753477088918,4,50,8/10.0,4.0,710,557,53.82166367444645,phantom_taobao,1,negative,data/phantom_taobao/masks_aug/0131_1753477088918_T_1_mask_aug8.png
131_aug9,0131_1753477088918_T_1.png,data/phantom_taobao/images_aug/0131_1753477088918_T_1_aug9.png,271070610050,1753477088918,4,50,8/10.0,4.0,710,557,53.82166367444645,phantom_taobao,1,negative,data/phantom_taobao/masks_aug/0131_1753477088918_T_1_mask_aug9.png
132_aug0,0132_1753477091716_T_1.png,data/phantom_taobao/images_aug/0132_1753477091716_T_1_aug0.png,273873860220,1753477091716,4,50,8/10.0,4.0,710,557,53.82166367444645,phantom_taobao,1,negative,data/phantom_taobao/masks_aug/0132_1753477091716_T_1_mask_aug0.png
132_aug1,0132_1753477091716_T_1.png,data/phantom_taobao/images_aug/0132_1753477091716_T_1_aug1.png,273873860220,1753477091716,4,50,8/10.0,4.0,710,557,53.82166367444645,phantom_taobao,1,negative,data/phantom_taobao/masks_aug/0132_1753477091716_T_1_mask_aug1.png
132_aug2,0132_1753477091716_T_1.png,data/phantom_taobao/images_aug/0132_1753477091716_T_1_aug2.png,273873860220,1753477091716,4,50,8/10.0,4.0,710,557,53.82166367444645,phantom_taobao,1,negative,data/phantom_taobao/masks_aug/0132_1753477091716_T_1_mask_aug2.png
132_aug3,0132_1753477091716_T_1.png,data/phantom_taobao/images_aug/0132_1753477091716_T_1_aug3.png,273873860220,1753477091716,4,50,8/10.0,4.0,710,557,53.82166367444645,phantom_taobao,1,negative,data/phantom_taobao/masks_aug/0132_1753477091716_T_1_mask_aug3.png
132_aug4,0132_1753477091716_T_1.png,data/phantom_taobao/images_aug/0132_1753477091716_T_1_aug4.png,273873860220,1753477091716,4,50,8/10.0,4.0,710,557,53.82166367444645,phantom_taobao,1,negative,data/phantom_taobao/masks_aug/0132_1753477091716_T_1_mask_aug4.png
132_aug5,0132_1753477091716_T_1.png,data/phantom_taobao/images_aug/0132_1753477091716_T_1_aug5.png,273873860220,1753477091716,4,50,8/10.0,4.0,710,557,53.82166367444645,phantom_taobao,1,negative,data/phantom_taobao/masks_aug/0132_1753477091716_T_1_mask_aug5.png
132_aug6,0132_1753477091716_T_1.png,data/phantom_taobao/images_aug/0132_1753477091716_T_1_aug6.png,273873860220,1753477091716,4,50,8/10.0,4.0,710,557,53.82166367444645,phantom_taobao,1,negative,data/phantom_taobao/masks_aug/0132_1753477091716_T_1_mask_aug6.png
132_aug7,0132_1753477091716_T_1.png,data/phantom_taobao/images_aug/0132_1753477091716_T_1_aug7.png,273873860220,1753477091716,4,50,8/10.0,4.0,710,557,53.82166367444645,phantom_taobao,1,negative,data/phantom_taobao/masks_aug/0132_1753477091716_T_1_mask_aug7.png
132_aug8,0132_1753477091716_T_1.png,data/phantom_taobao/images_aug/0132_1753477091716_T_1_aug8.png,273873860220,1753477091716,4,50,8/10.0,4.0,710,557,53.82166367444645,phantom_taobao,1,negative,data/phantom_taobao/masks_aug/0132_1753477091716_T_1_mask_aug8.png
132_aug9,0132_1753477091716_T_1.png,data/phantom_taobao/images_aug/0132_1753477091716_T_1_aug9.png,273873860220,1753477091716,4,50,8/10.0,4.0,710,557,53.82166367444645,phantom_taobao,1,negative,data/phantom_taobao/masks_aug/0132_1753477091716_T_1_mask_aug9.png
133_aug0,0133_1753477094465_T_1.png,data/phantom_taobao/images_aug/0133_1753477094465_T_1_aug0.png,276622976570,1753477094465,4,50,8/10.0,4.0,710,557,53.82166367444645,phantom_taobao,1,negative,data/phantom_taobao/masks_aug/0133_1753477094465_T_1_mask_aug0.png
133_aug1,0133_1753477094465_T_1.png,data/phantom_taobao/images_aug/0133_1753477094465_T_1_aug1.png,276622976570,1753477094465,4,50,8/10.0,4.0,710,557,53.82166367444645,phantom_taobao,1,negative,data/phantom_taobao/masks_aug/0133_1753477094465_T_1_mask_aug1.png
133_aug2,0133_1753477094465_T_1.png,data/phantom_taobao/images_aug/0133_1753477094465_T_1_aug2.png,276622976570,1753477094465,4,50,8/10.0,4.0,710,557,53.82166367444645,phantom_taobao,1,negative,data/phantom_taobao/masks_aug/0133_1753477094465_T_1_mask_aug2.png
133_aug3,0133_1753477094465_T_1.png,data/phantom_taobao/images_aug/0133_1753477094465_T_1_aug3.png,276622976570,1753477094465,4,50,8/10.0,4.0,710,557,53.82166367444645,phantom_taobao,1,negative,data/phantom_taobao/masks_aug/0133_1753477094465_T_1_mask_aug3.png
133_aug4,0133_1753477094465_T_1.png,data/phantom_taobao/images_aug/0133_1753477094465_T_1_aug4.png,276622976570,1753477094465,4,50,8/10.0,4.0,710,557,53.82166367444645,phantom_taobao,1,negative,data/phantom_taobao/masks_aug/0133_1753477094465_T_1_mask_aug4.png
133_aug5,0133_1753477094465_T_1.png,data/phantom_taobao/images_aug/0133_1753477094465_T_1_aug5.png,276622976570,1753477094465,4,50,8/10.0,4.0,710,557,53.82166367444645,phantom_taobao,1,negative,data/phantom_taobao/masks_aug/0133_1753477094465_T_1_mask_aug5.png
133_aug6,0133_1753477094465_T_1.png,data/phantom_taobao/images_aug/0133_1753477094465_T_1_aug6.png,276622976570,1753477094465,4,50,8/10.0,4.0,710,557,53.82166367444645,phantom_taobao,1,negative,data/phantom_taobao/masks_aug/0133_1753477094465_T_1_mask_aug6.png
133_aug7,0133_1753477094465_T_1.png,data/phantom_taobao/images_aug/0133_1753477094465_T_1_aug7.png,276622976570,1753477094465,4,50,8/10.0,4.0,710,557,53.82166367444645,phantom_taobao,1,negative,data/phantom_taobao/masks_aug/0133_1753477094465_T_1_mask_aug7.png
133_aug8,0133_1753477094465_T_1.png,data/phantom_taobao/images_aug/0133_1753477094465_T_1_aug8.png,276622976570,1753477094465,4,50,8/10.0,4.0,710,557,53.82166367444645,phantom_taobao,1,negative,data/phantom_taobao/masks_aug/0133_1753477094465_T_1_mask_aug8.png
133_aug9,0133_1753477094465_T_1.png,data/phantom_taobao/images_aug/0133_1753477094465_T_1_aug9.png,276622976570,1753477094465,4,50,8/10.0,4.0,710,557,53.82166367444645,phantom_taobao,1,negative,data/phantom_taobao/masks_aug/0133_1753477094465_T_1_mask_aug9.png
134_aug0,0134_1753477108055_T_1.png,data/phantom_taobao/images_aug/0134_1753477108055_T_1_aug0.png,290205609890,1753477108055,4,50,8/10.0,4.0,710,557,53.82166367444645,phantom_taobao,1,negative,data/phantom_taobao/masks_aug/0134_1753477108055_T_1_mask_aug0.png
134_aug1,0134_1753477108055_T_1.png,data/phantom_taobao/images_aug/0134_1753477108055_T_1_aug1.png,290205609890,1753477108055,4,50,8/10.0,4.0,710,557,53.82166367444645,phantom_taobao,1,negative,data/phantom_taobao/masks_aug/0134_1753477108055_T_1_mask_aug1.png
134_aug2,0134_1753477108055_T_1.png,data/phantom_taobao/images_aug/0134_1753477108055_T_1_aug2.png,290205609890,1753477108055,4,50,8/10.0,4.0,710,557,53.82166367444645,phantom_taobao,1,negative,data/phantom_taobao/masks_aug/0134_1753477108055_T_1_mask_aug2.png
134_aug3,0134_1753477108055_T_1.png,data/phantom_taobao/images_aug/0134_1753477108055_T_1_aug3.png,290205609890,1753477108055,4,50,8/10.0,4.0,710,557,53.82166367444645,phantom_taobao,1,negative,data/phantom_taobao/masks_aug/0134_1753477108055_T_1_mask_aug3.png
134_aug4,0134_1753477108055_T_1.png,data/phantom_taobao/images_aug/0134_1753477108055_T_1_aug4.png,290205609890,1753477108055,4,50,8/10.0,4.0,710,557,53.82166367444645,phantom_taobao,1,negative,data/phantom_taobao/masks_aug/0134_1753477108055_T_1_mask_aug4.png
134_aug5,0134_1753477108055_T_1.png,data/phantom_taobao/images_aug/0134_1753477108055_T_1_aug5.png,290205609890,1753477108055,4,50,8/10.0,4.0,710,557,53.82166367444645,phantom_taobao,1,negative,data/phantom_taobao/masks_aug/0134_1753477108055_T_1_mask_aug5.png
134_aug6,0134_1753477108055_T_1.png,data/phantom_taobao/images_aug/0134_1753477108055_T_1_aug6.png,290205609890,1753477108055,4,50,8/10.0,4.0,710,557,53.82166367444645,phantom_taobao,1,negative,data/phantom_taobao/masks_aug/0134_1753477108055_T_1_mask_aug6.png
134_aug7,0134_1753477108055_T_1.png,data/phantom_taobao/images_aug/0134_1753477108055_T_1_aug7.png,290205609890,1753477108055,4,50,8/10.0,4.0,710,557,53.82166367444645,phantom_taobao,1,negative,data/phantom_taobao/masks_aug/0134_1753477108055_T_1_mask_aug7.png
134_aug8,0134_1753477108055_T_1.png,data/phantom_taobao/images_aug/0134_1753477108055_T_1_aug8.png,290205609890,1753477108055,4,50,8/10.0,4.0,710,557,53.82166367444645,phantom_taobao,1,negative,data/phantom_taobao/masks_aug/0134_1753477108055_T_1_mask_aug8.png
134_aug9,0134_1753477108055_T_1.png,data/phantom_taobao/images_aug/0134_1753477108055_T_1_aug9.png,290205609890,1753477108055,4,50,8/10.0,4.0,710,557,53.82166367444645,phantom_taobao,1,negative,data/phantom_taobao/masks_aug/0134_1753477108055_T_1_mask_aug9.png
135_aug0,0135_1753477110636_T_1.png,data/phantom_taobao/images_aug/0135_1753477110636_T_1_aug0.png,292792783380,1753477110636,4,50,8/10.0,4.0,710,557,53.82166367444645,phantom_taobao,1,negative,data/phantom_taobao/masks_aug/0135_1753477110636_T_1_mask_aug0.png
135_aug1,0135_1753477110636_T_1.png,data/phantom_taobao/images_aug/0135_1753477110636_T_1_aug1.png,292792783380,1753477110636,4,50,8/10.0,4.0,710,557,53.82166367444645,phantom_taobao,1,negative,data/phantom_taobao/masks_aug/0135_1753477110636_T_1_mask_aug1.png
135_aug2,0135_1753477110636_T_1.png,data/phantom_taobao/images_aug/0135_1753477110636_T_1_aug2.png,292792783380,1753477110636,4,50,8/10.0,4.0,710,557,53.82166367444645,phantom_taobao,1,negative,data/phantom_taobao/masks_aug/0135_1753477110636_T_1_mask_aug2.png
135_aug3,0135_1753477110636_T_1.png,data/phantom_taobao/images_aug/0135_1753477110636_T_1_aug3.png,292792783380,1753477110636,4,50,8/10.0,4.0,710,557,53.82166367444645,phantom_taobao,1,negative,data/phantom_taobao/masks_aug/0135_1753477110636_T_1_mask_aug3.png
135_aug4,0135_1753477110636_T_1.png,data/phantom_taobao/images_aug/0135_1753477110636_T_1_aug4.png,292792783380,1753477110636,4,50,8/10.0,4.0,710,557,53.82166367444645,phantom_taobao,1,negative,data/phantom_taobao/masks_aug/0135_1753477110636_T_1_mask_aug4.png
135_aug5,0135_1753477110636_T_1.png,data/phantom_taobao/images_aug/0135_1753477110636_T_1_aug5.png,292792783380,1753477110636,4,50,8/10.0,4.0,710,557,53.82166367444645,phantom_taobao,1,negative,data/phantom_taobao/masks_aug/0135_1753477110636_T_1_mask_aug5.png
135_aug6,0135_1753477110636_T_1.png,data/phantom_taobao/images_aug/0135_1753477110636_T_1_aug6.png,292792783380,1753477110636,4,50,8/10.0,4.0,710,557,53.82166367444645,phantom_taobao,1,negative,data/phantom_taobao/masks_aug/0135_1753477110636_T_1_mask_aug6.png
135_aug7,0135_1753477110636_T_1.png,data/phantom_taobao/images_aug/0135_1753477110636_T_1_aug7.png,292792783380,1753477110636,4,50,8/10.0,4.0,710,557,53.82166367444645,phantom_taobao,1,negative,data/phantom_taobao/masks_aug/0135_1753477110636_T_1_mask_aug7.png
135_aug8,0135_1753477110636_T_1.png,data/phantom_taobao/images_aug/0135_1753477110636_T_1_aug8.png,292792783380,1753477110636,4,50,8/10.0,4.0,710,557,53.82166367444645,phantom_taobao,1,negative,data/phantom_taobao/masks_aug/0135_1753477110636_T_1_mask_aug8.png
135_aug9,0135_1753477110636_T_1.png,data/phantom_taobao/images_aug/0135_1753477110636_T_1_aug9.png,292792783380,1753477110636,4,50,8/10.0,4.0,710,557,53.82166367444645,phantom_taobao,1,negative,data/phantom_taobao/masks_aug/0135_1753477110636_T_1_mask_aug9.png
136_aug0,0136_1753477112646_T_1.png,data/phantom_taobao/images_aug/0136_1753477112646_T_1_aug0.png,294785813900,1753477112646,4,50,8/10.0,4.0,710,557,53.82166367444645,phantom_taobao,1,negative,data/phantom_taobao/masks_aug/0136_1753477112646_T_1_mask_aug0.png
136_aug1,0136_1753477112646_T_1.png,data/phantom_taobao/images_aug/0136_1753477112646_T_1_aug1.png,294785813900,1753477112646,4,50,8/10.0,4.0,710,557,53.82166367444645,phantom_taobao,1,negative,data/phantom_taobao/masks_aug/0136_1753477112646_T_1_mask_aug1.png
136_aug2,0136_1753477112646_T_1.png,data/phantom_taobao/images_aug/0136_1753477112646_T_1_aug2.png,294785813900,1753477112646,4,50,8/10.0,4.0,710,557,53.82166367444645,phantom_taobao,1,negative,data/phantom_taobao/masks_aug/0136_1753477112646_T_1_mask_aug2.png
136_aug3,0136_1753477112646_T_1.png,data/phantom_taobao/images_aug/0136_1753477112646_T_1_aug3.png,294785813900,1753477112646,4,50,8/10.0,4.0,710,557,53.82166367444645,phantom_taobao,1,negative,data/phantom_taobao/masks_aug/0136_1753477112646_T_1_mask_aug3.png
136_aug4,0136_1753477112646_T_1.png,data/phantom_taobao/images_aug/0136_1753477112646_T_1_aug4.png,294785813900,1753477112646,4,50,8/10.0,4.0,710,557,53.82166367444645,phantom_taobao,1,negative,data/phantom_taobao/masks_aug/0136_1753477112646_T_1_mask_aug4.png
136_aug5,0136_1753477112646_T_1.png,data/phantom_taobao/images_aug/0136_1753477112646_T_1_aug5.png,294785813900,1753477112646,4,50,8/10.0,4.0,710,557,53.82166367444645,phantom_taobao,1,negative,data/phantom_taobao/masks_aug/0136_1753477112646_T_1_mask_aug5.png
136_aug6,0136_1753477112646_T_1.png,data/phantom_taobao/images_aug/0136_1753477112646_T_1_aug6.png,294785813900,1753477112646,4,50,8/10.0,4.0,710,557,53.82166367444645,phantom_taobao,1,negative,data/phantom_taobao/masks_aug/0136_1753477112646_T_1_mask_aug6.png
136_aug7,0136_1753477112646_T_1.png,data/phantom_taobao/images_aug/0136_1753477112646_T_1_aug7.png,294785813900,1753477112646,4,50,8/10.0,4.0,710,557,53.82166367444645,phantom_taobao,1,negative,data/phantom_taobao/masks_aug/0136_1753477112646_T_1_mask_aug7.png
136_aug8,0136_1753477112646_T_1.png,data/phantom_taobao/images_aug/0136_1753477112646_T_1_aug8.png,294785813900,1753477112646,4,50,8/10.0,4.0,710,557,53.82166367444645,phantom_taobao,1,negative,data/phantom_taobao/masks_aug/0136_1753477112646_T_1_mask_aug8.png
136_aug9,0136_1753477112646_T_1.png,data/phantom_taobao/images_aug/0136_1753477112646_T_1_aug9.png,294785813900,1753477112646,4,50,8/10.0,4.0,710,557,53.82166367444645,phantom_taobao,1,negative,data/phantom_taobao/masks_aug/0136_1753477112646_T_1_mask_aug9.png
135_aug0,0135_1753477201201_T_1.png,data/phantom_taobao/images_aug/0135_1753477201201_T_1_aug0.png,33274642050,1753477201201,4,50,8/10.0,4.0,710,557,53.82166367444645,phantom_taobao,1,negative,data/phantom_taobao/masks_aug/0135_1753477201201_T_1_mask_aug0.png
135_aug1,0135_1753477201201_T_1.png,data/phantom_taobao/images_aug/0135_1753477201201_T_1_aug1.png,33274642050,1753477201201,4,50,8/10.0,4.0,710,557,53.82166367444645,phantom_taobao,1,negative,data/phantom_taobao/masks_aug/0135_1753477201201_T_1_mask_aug1.png
135_aug2,0135_1753477201201_T_1.png,data/phantom_taobao/images_aug/0135_1753477201201_T_1_aug2.png,33274642050,1753477201201,4,50,8/10.0,4.0,710,557,53.82166367444645,phantom_taobao,1,negative,data/phantom_taobao/masks_aug/0135_1753477201201_T_1_mask_aug2.png
135_aug3,0135_1753477201201_T_1.png,data/phantom_taobao/images_aug/0135_1753477201201_T_1_aug3.png,33274642050,1753477201201,4,50,8/10.0,4.0,710,557,53.82166367444645,phantom_taobao,1,negative,data/phantom_taobao/masks_aug/0135_1753477201201_T_1_mask_aug3.png
135_aug4,0135_1753477201201_T_1.png,data/phantom_taobao/images_aug/0135_1753477201201_T_1_aug4.png,33274642050,1753477201201,4,50,8/10.0,4.0,710,557,53.82166367444645,phantom_taobao,1,negative,data/phantom_taobao/masks_aug/0135_1753477201201_T_1_mask_aug4.png
135_aug5,0135_1753477201201_T_1.png,data/phantom_taobao/images_aug/0135_1753477201201_T_1_aug5.png,33274642050,1753477201201,4,50,8/10.0,4.0,710,557,53.82166367444645,phantom_taobao,1,negative,data/phantom_taobao/masks_aug/0135_1753477201201_T_1_mask_aug5.png
135_aug6,0135_1753477201201_T_1.png,data/phantom_taobao/images_aug/0135_1753477201201_T_1_aug6.png,33274642050,1753477201201,4,50,8/10.0,4.0,710,557,53.82166367444645,phantom_taobao,1,negative,data/phantom_taobao/masks_aug/0135_1753477201201_T_1_mask_aug6.png
135_aug7,0135_1753477201201_T_1.png,data/phantom_taobao/images_aug/0135_1753477201201_T_1_aug7.png,33274642050,1753477201201,4,50,8/10.0,4.0,710,557,53.82166367444645,phantom_taobao,1,negative,data/phantom_taobao/masks_aug/0135_1753477201201_T_1_mask_aug7.png
135_aug8,0135_1753477201201_T_1.png,data/phantom_taobao/images_aug/0135_1753477201201_T_1_aug8.png,33274642050,1753477201201,4,50,8/10.0,4.0,710,557,53.82166367444645,phantom_taobao,1,negative,data/phantom_taobao/masks_aug/0135_1753477201201_T_1_mask_aug8.png
135_aug9,0135_1753477201201_T_1.png,data/phantom_taobao/images_aug/0135_1753477201201_T_1_aug9.png,33274642050,1753477201201,4,50,8/10.0,4.0,710,557,53.82166367444645,phantom_taobao,1,negative,data/phantom_taobao/masks_aug/0135_1753477201201_T_1_mask_aug9.png
136_aug0,0136_1753477204185_T_1.png,data/phantom_taobao/images_aug/0136_1753477204185_T_1_aug0.png,36285593680,1753477204185,4,50,8/10.0,4.0,710,557,53.82166367444645,phantom_taobao,1,negative,data/phantom_taobao/masks_aug/0136_1753477204185_T_1_mask_aug0.png
136_aug1,0136_1753477204185_T_1.png,data/phantom_taobao/images_aug/0136_1753477204185_T_1_aug1.png,36285593680,1753477204185,4,50,8/10.0,4.0,710,557,53.82166367444645,phantom_taobao,1,negative,data/phantom_taobao/masks_aug/0136_1753477204185_T_1_mask_aug1.png
136_aug2,0136_1753477204185_T_1.png,data/phantom_taobao/images_aug/0136_1753477204185_T_1_aug2.png,36285593680,1753477204185,4,50,8/10.0,4.0,710,557,53.82166367444645,phantom_taobao,1,negative,data/phantom_taobao/masks_aug/0136_1753477204185_T_1_mask_aug2.png
136_aug3,0136_1753477204185_T_1.png,data/phantom_taobao/images_aug/0136_1753477204185_T_1_aug3.png,36285593680,1753477204185,4,50,8/10.0,4.0,710,557,53.82166367444645,phantom_taobao,1,negative,data/phantom_taobao/masks_aug/0136_1753477204185_T_1_mask_aug3.png
136_aug4,0136_1753477204185_T_1.png,data/phantom_taobao/images_aug/0136_1753477204185_T_1_aug4.png,36285593680,1753477204185,4,50,8/10.0,4.0,710,557,53.82166367444645,phantom_taobao,1,negative,data/phantom_taobao/masks_aug/0136_1753477204185_T_1_mask_aug4.png
136_aug5,0136_1753477204185_T_1.png,data/phantom_taobao/images_aug/0136_1753477204185_T_1_aug5.png,36285593680,1753477204185,4,50,8/10.0,4.0,710,557,53.82166367444645,phantom_taobao,1,negative,data/phantom_taobao/masks_aug/0136_1753477204185_T_1_mask_aug5.png
136_aug6,0136_1753477204185_T_1.png,data/phantom_taobao/images_aug/0136_1753477204185_T_1_aug6.png,36285593680,1753477204185,4,50,8/10.0,4.0,710,557,53.82166367444645,phantom_taobao,1,negative,data/phantom_taobao/masks_aug/0136_1753477204185_T_1_mask_aug6.png
136_aug7,0136_1753477204185_T_1.png,data/phantom_taobao/images_aug/0136_1753477204185_T_1_aug7.png,36285593680,1753477204185,4,50,8/10.0,4.0,710,557,53.82166367444645,phantom_taobao,1,negative,data/phantom_taobao/masks_aug/0136_1753477204185_T_1_mask_aug7.png
136_aug8,0136_1753477204185_T_1.png,data/phantom_taobao/images_aug/0136_1753477204185_T_1_aug8.png,36285593680,1753477204185,4,50,8/10.0,4.0,710,557,53.82166367444645,phantom_taobao,1,negative,data/phantom_taobao/masks_aug/0136_1753477204185_T_1_mask_aug8.png
136_aug9,0136_1753477204185_T_1.png,data/phantom_taobao/images_aug/0136_1753477204185_T_1_aug9.png,36285593680,1753477204185,4,50,8/10.0,4.0,710,557,53.82166367444645,phantom_taobao,1,negative,data/phantom_taobao/masks_aug/0136_1753477204185_T_1_mask_aug9.png
137_aug0,0137_1753477208671_T_1.png,data/phantom_taobao/images_aug/0137_1753477208671_T_1_aug0.png,40801213240,1753477208671,4,50,8/10.0,4.0,710,557,53.82166367444645,phantom_taobao,1,negative,data/phantom_taobao/masks_aug/0137_1753477208671_T_1_mask_aug0.png
137_aug1,0137_1753477208671_T_1.png,data/phantom_taobao/images_aug/0137_1753477208671_T_1_aug1.png,40801213240,1753477208671,4,50,8/10.0,4.0,710,557,53.82166367444645,phantom_taobao,1,negative,data/phantom_taobao/masks_aug/0137_1753477208671_T_1_mask_aug1.png
137_aug2,0137_1753477208671_T_1.png,data/phantom_taobao/images_aug/0137_1753477208671_T_1_aug2.png,40801213240,1753477208671,4,50,8/10.0,4.0,710,557,53.82166367444645,phantom_taobao,1,negative,data/phantom_taobao/masks_aug/0137_1753477208671_T_1_mask_aug2.png
137_aug3,0137_1753477208671_T_1.png,data/phantom_taobao/images_aug/0137_1753477208671_T_1_aug3.png,40801213240,1753477208671,4,50,8/10.0,4.0,710,557,53.82166367444645,phantom_taobao,1,negative,data/phantom_taobao/masks_aug/0137_1753477208671_T_1_mask_aug3.png
137_aug4,0137_1753477208671_T_1.png,data/phantom_taobao/images_aug/0137_1753477208671_T_1_aug4.png,40801213240,1753477208671,4,50,8/10.0,4.0,710,557,53.82166367444645,phantom_taobao,1,negative,data/phantom_taobao/masks_aug/0137_1753477208671_T_1_mask_aug4.png
137_aug5,0137_1753477208671_T_1.png,data/phantom_taobao/images_aug/0137_1753477208671_T_1_aug5.png,40801213240,1753477208671,4,50,8/10.0,4.0,710,557,53.82166367444645,phantom_taobao,1,negative,data/phantom_taobao/masks_aug/0137_1753477208671_T_1_mask_aug5.png
137_aug6,0137_1753477208671_T_1.png,data/phantom_taobao/images_aug/0137_1753477208671_T_1_aug6.png,40801213240,1753477208671,4,50,8/10.0,4.0,710,557,53.82166367444645,phantom_taobao,1,negative,data/phantom_taobao/masks_aug/0137_1753477208671_T_1_mask_aug6.png
137_aug7,0137_1753477208671_T_1.png,data/phantom_taobao/images_aug/0137_1753477208671_T_1_aug7.png,40801213240,1753477208671,4,50,8/10.0,4.0,710,557,53.82166367444645,phantom_taobao,1,negative,data/phantom_taobao/masks_aug/0137_1753477208671_T_1_mask_aug7.png
137_aug8,0137_1753477208671_T_1.png,data/phantom_taobao/images_aug/0137_1753477208671_T_1_aug8.png,40801213240,1753477208671,4,50,8/10.0,4.0,710,557,53.82166367444645,phantom_taobao,1,negative,data/phantom_taobao/masks_aug/0137_1753477208671_T_1_mask_aug8.png
137_aug9,0137_1753477208671_T_1.png,data/phantom_taobao/images_aug/0137_1753477208671_T_1_aug9.png,40801213240,1753477208671,4,50,8/10.0,4.0,710,557,53.82166367444645,phantom_taobao,1,negative,data/phantom_taobao/masks_aug/0137_1753477208671_T_1_mask_aug9.png
138_aug0,0138_1753477212869_T_1.png,data/phantom_taobao/images_aug/0138_1753477212869_T_1_aug0.png,44815167650,1753477212869,4,50,8/10.0,4.0,710,557,53.82166367444645,phantom_taobao,1,negative,data/phantom_taobao/masks_aug/0138_1753477212869_T_1_mask_aug0.png
138_aug1,0138_1753477212869_T_1.png,data/phantom_taobao/images_aug/0138_1753477212869_T_1_aug1.png,44815167650,1753477212869,4,50,8/10.0,4.0,710,557,53.82166367444645,phantom_taobao,1,negative,data/phantom_taobao/masks_aug/0138_1753477212869_T_1_mask_aug1.png
138_aug2,0138_1753477212869_T_1.png,data/phantom_taobao/images_aug/0138_1753477212869_T_1_aug2.png,44815167650,1753477212869,4,50,8/10.0,4.0,710,557,53.82166367444645,phantom_taobao,1,negative,data/phantom_taobao/masks_aug/0138_1753477212869_T_1_mask_aug2.png
138_aug3,0138_1753477212869_T_1.png,data/phantom_taobao/images_aug/0138_1753477212869_T_1_aug3.png,44815167650,1753477212869,4,50,8/10.0,4.0,710,557,53.82166367444645,phantom_taobao,1,negative,data/phantom_taobao/masks_aug/0138_1753477212869_T_1_mask_aug3.png
138_aug4,0138_1753477212869_T_1.png,data/phantom_taobao/images_aug/0138_1753477212869_T_1_aug4.png,44815167650,1753477212869,4,50,8/10.0,4.0,710,557,53.82166367444645,phantom_taobao,1,negative,data/phantom_taobao/masks_aug/0138_1753477212869_T_1_mask_aug4.png
138_aug5,0138_1753477212869_T_1.png,data/phantom_taobao/images_aug/0138_1753477212869_T_1_aug5.png,44815167650,1753477212869,4,50,8/10.0,4.0,710,557,53.82166367444645,phantom_taobao,1,negative,data/phantom_taobao/masks_aug/0138_1753477212869_T_1_mask_aug5.png
138_aug6,0138_1753477212869_T_1.png,data/phantom_taobao/images_aug/0138_1753477212869_T_1_aug6.png,44815167650,1753477212869,4,50,8/10.0,4.0,710,557,53.82166367444645,phantom_taobao,1,negative,data/phantom_taobao/masks_aug/0138_1753477212869_T_1_mask_aug6.png
138_aug7,0138_1753477212869_T_1.png,data/phantom_taobao/images_aug/0138_1753477212869_T_1_aug7.png,44815167650,1753477212869,4,50,8/10.0,4.0,710,557,53.82166367444645,phantom_taobao,1,negative,data/phantom_taobao/masks_aug/0138_1753477212869_T_1_mask_aug7.png
138_aug8,0138_1753477212869_T_1.png,data/phantom_taobao/images_aug/0138_1753477212869_T_1_aug8.png,44815167650,1753477212869,4,50,8/10.0,4.0,710,557,53.82166367444645,phantom_taobao,1,negative,data/phantom_taobao/masks_aug/0138_1753477212869_T_1_mask_aug8.png
138_aug9,0138_1753477212869_T_1.png,data/phantom_taobao/images_aug/0138_1753477212869_T_1_aug9.png,44815167650,1753477212869,4,50,8/10.0,4.0,710,557,53.82166367444645,phantom_taobao,1,negative,data/phantom_taobao/masks_aug/0138_1753477212869_T_1_mask_aug9.png
139_aug0,0139_1753477215282_T_1.png,data/phantom_taobao/images_aug/0139_1753477215282_T_1_aug0.png,47324009790,1753477215282,4,50,8/10.0,4.0,710,557,53.82166367444645,phantom_taobao,1,negative,data/phantom_taobao/masks_aug/0139_1753477215282_T_1_mask_aug0.png
139_aug1,0139_1753477215282_T_1.png,data/phantom_taobao/images_aug/0139_1753477215282_T_1_aug1.png,47324009790,1753477215282,4,50,8/10.0,4.0,710,557,53.82166367444645,phantom_taobao,1,negative,data/phantom_taobao/masks_aug/0139_1753477215282_T_1_mask_aug1.png
139_aug2,0139_1753477215282_T_1.png,data/phantom_taobao/images_aug/0139_1753477215282_T_1_aug2.png,47324009790,1753477215282,4,50,8/10.0,4.0,710,557,53.82166367444645,phantom_taobao,1,negative,data/phantom_taobao/masks_aug/0139_1753477215282_T_1_mask_aug2.png
139_aug3,0139_1753477215282_T_1.png,data/phantom_taobao/images_aug/0139_1753477215282_T_1_aug3.png,47324009790,1753477215282,4,50,8/10.0,4.0,710,557,53.82166367444645,phantom_taobao,1,negative,data/phantom_taobao/masks_aug/0139_1753477215282_T_1_mask_aug3.png
139_aug4,0139_1753477215282_T_1.png,data/phantom_taobao/images_aug/0139_1753477215282_T_1_aug4.png,47324009790,1753477215282,4,50,8/10.0,4.0,710,557,53.82166367444645,phantom_taobao,1,negative,data/phantom_taobao/masks_aug/0139_1753477215282_T_1_mask_aug4.png
139_aug5,0139_1753477215282_T_1.png,data/phantom_taobao/images_aug/0139_1753477215282_T_1_aug5.png,47324009790,1753477215282,4,50,8/10.0,4.0,710,557,53.82166367444645,phantom_taobao,1,negative,data/phantom_taobao/masks_aug/0139_1753477215282_T_1_mask_aug5.png
139_aug6,0139_1753477215282_T_1.png,data/phantom_taobao/images_aug/0139_1753477215282_T_1_aug6.png,47324009790,1753477215282,4,50,8/10.0,4.0,710,557,53.82166367444645,phantom_taobao,1,negative,data/phantom_taobao/masks_aug/0139_1753477215282_T_1_mask_aug6.png
139_aug7,0139_1753477215282_T_1.png,data/phantom_taobao/images_aug/0139_1753477215282_T_1_aug7.png,47324009790,1753477215282,4,50,8/10.0,4.0,710,557,53.82166367444645,phantom_taobao,1,negative,data/phantom_taobao/masks_aug/0139_1753477215282_T_1_mask_aug7.png
139_aug8,0139_1753477215282_T_1.png,data/phantom_taobao/images_aug/0139_1753477215282_T_1_aug8.png,47324009790,1753477215282,4,50,8/10.0,4.0,710,557,53.82166367444645,phantom_taobao,1,negative,data/phantom_taobao/masks_aug/0139_1753477215282_T_1_mask_aug8.png
139_aug9,0139_1753477215282_T_1.png,data/phantom_taobao/images_aug/0139_1753477215282_T_1_aug9.png,47324009790,1753477215282,4,50,8/10.0,4.0,710,557,53.82166367444645,phantom_taobao,1,negative,data/phantom_taobao/masks_aug/0139_1753477215282_T_1_mask_aug9.png
140_aug0,0140_1753477219440_T_1.png,data/phantom_taobao/images_aug/0140_1753477219440_T_1_aug0.png,51588745370,1753477219440,4,50,8/10.0,4.0,710,557,53.82166367444645,phantom_taobao,1,negative,data/phantom_taobao/masks_aug/0140_1753477219440_T_1_mask_aug0.png
140_aug1,0140_1753477219440_T_1.png,data/phantom_taobao/images_aug/0140_1753477219440_T_1_aug1.png,51588745370,1753477219440,4,50,8/10.0,4.0,710,557,53.82166367444645,phantom_taobao,1,negative,data/phantom_taobao/masks_aug/0140_1753477219440_T_1_mask_aug1.png
140_aug2,0140_1753477219440_T_1.png,data/phantom_taobao/images_aug/0140_1753477219440_T_1_aug2.png,51588745370,1753477219440,4,50,8/10.0,4.0,710,557,53.82166367444645,phantom_taobao,1,negative,data/phantom_taobao/masks_aug/0140_1753477219440_T_1_mask_aug2.png
140_aug3,0140_1753477219440_T_1.png,data/phantom_taobao/images_aug/0140_1753477219440_T_1_aug3.png,51588745370,1753477219440,4,50,8/10.0,4.0,710,557,53.82166367444645,phantom_taobao,1,negative,data/phantom_taobao/masks_aug/0140_1753477219440_T_1_mask_aug3.png
140_aug4,0140_1753477219440_T_1.png,data/phantom_taobao/images_aug/0140_1753477219440_T_1_aug4.png,51588745370,1753477219440,4,50,8/10.0,4.0,710,557,53.82166367444645,phantom_taobao,1,negative,data/phantom_taobao/masks_aug/0140_1753477219440_T_1_mask_aug4.png
140_aug5,0140_1753477219440_T_1.png,data/phantom_taobao/images_aug/0140_1753477219440_T_1_aug5.png,51588745370,1753477219440,4,50,8/10.0,4.0,710,557,53.82166367444645,phantom_taobao,1,negative,data/phantom_taobao/masks_aug/0140_1753477219440_T_1_mask_aug5.png
140_aug6,0140_1753477219440_T_1.png,data/phantom_taobao/images_aug/0140_1753477219440_T_1_aug6.png,51588745370,1753477219440,4,50,8/10.0,4.0,710,557,53.82166367444645,phantom_taobao,1,negative,data/phantom_taobao/masks_aug/0140_1753477219440_T_1_mask_aug6.png
140_aug7,0140_1753477219440_T_1.png,data/phantom_taobao/images_aug/0140_1753477219440_T_1_aug7.png,51588745370,1753477219440,4,50,8/10.0,4.0,710,557,53.82166367444645,phantom_taobao,1,negative,data/phantom_taobao/masks_aug/0140_1753477219440_T_1_mask_aug7.png
140_aug8,0140_1753477219440_T_1.png,data/phantom_taobao/images_aug/0140_1753477219440_T_1_aug8.png,51588745370,1753477219440,4,50,8/10.0,4.0,710,557,53.82166367444645,phantom_taobao,1,negative,data/phantom_taobao/masks_aug/0140_1753477219440_T_1_mask_aug8.png
140_aug9,0140_1753477219440_T_1.png,data/phantom_taobao/images_aug/0140_1753477219440_T_1_aug9.png,51588745370,1753477219440,4,50,8/10.0,4.0,710,557,53.82166367444645,phantom_taobao,1,negative,data/phantom_taobao/masks_aug/0140_1753477219440_T_1_mask_aug9.png
3_aug0,0003_1753176220083_T_1.png,data/phantom_taobao/images_aug/0003_1753176220083_T_1_aug0.png,690141683640,1753176220083,4,50,8/10.0,4.0,528,557,72.34590065828846,phantom_taobao,1,positive,data/phantom_taobao/masks_aug/0003_1753176220083_T_1_mask_aug0.png
3_aug1,0003_1753176220083_T_1.png,data/phantom_taobao/images_aug/0003_1753176220083_T_1_aug1.png,690141683640,1753176220083,4,50,8/10.0,4.0,528,557,72.34590065828846,phantom_taobao,1,positive,data/phantom_taobao/masks_aug/0003_1753176220083_T_1_mask_aug1.png
3_aug2,0003_1753176220083_T_1.png,data/phantom_taobao/images_aug/0003_1753176220083_T_1_aug2.png,690141683640,1753176220083,4,50,8/10.0,4.0,528,557,72.34590065828846,phantom_taobao,1,positive,data/phantom_taobao/masks_aug/0003_1753176220083_T_1_mask_aug2.png
3_aug3,0003_1753176220083_T_1.png,data/phantom_taobao/images_aug/0003_1753176220083_T_1_aug3.png,690141683640,1753176220083,4,50,8/10.0,4.0,528,557,72.34590065828846,phantom_taobao,1,positive,data/phantom_taobao/masks_aug/0003_1753176220083_T_1_mask_aug3.png
3_aug4,0003_1753176220083_T_1.png,data/phantom_taobao/images_aug/0003_1753176220083_T_1_aug4.png,690141683640,1753176220083,4,50,8/10.0,4.0,528,557,72.34590065828846,phantom_taobao,1,positive,data/phantom_taobao/masks_aug/0003_1753176220083_T_1_mask_aug4.png
3_aug5,0003_1753176220083_T_1.png,data/phantom_taobao/images_aug/0003_1753176220083_T_1_aug5.png,690141683640,1753176220083,4,50,8/10.0,4.0,528,557,72.34590065828846,phantom_taobao,1,positive,data/phantom_taobao/masks_aug/0003_1753176220083_T_1_mask_aug5.png
3_aug6,0003_1753176220083_T_1.png,data/phantom_taobao/images_aug/0003_1753176220083_T_1_aug6.png,690141683640,1753176220083,4,50,8/10.0,4.0,528,557,72.34590065828846,phantom_taobao,1,positive,data/phantom_taobao/masks_aug/0003_1753176220083_T_1_mask_aug6.png
3_aug7,0003_1753176220083_T_1.png,data/phantom_taobao/images_aug/0003_1753176220083_T_1_aug7.png,690141683640,1753176220083,4,50,8/10.0,4.0,528,557,72.34590065828846,phantom_taobao,1,positive,data/phantom_taobao/masks_aug/0003_1753176220083_T_1_mask_aug7.png
3_aug8,0003_1753176220083_T_1.png,data/phantom_taobao/images_aug/0003_1753176220083_T_1_aug8.png,690141683640,1753176220083,4,50,8/10.0,4.0,528,557,72.34590065828846,phantom_taobao,1,positive,data/phantom_taobao/masks_aug/0003_1753176220083_T_1_mask_aug8.png
3_aug9,0003_1753176220083_T_1.png,data/phantom_taobao/images_aug/0003_1753176220083_T_1_aug9.png,690141683640,1753176220083,4,50,8/10.0,4.0,528,557,72.34590065828846,phantom_taobao,1,positive,data/phantom_taobao/masks_aug/0003_1753176220083_T_1_mask_aug9.png
3_aug10,0003_1753176220083_T_1.png,data/phantom_taobao/images_aug/0003_1753176220083_T_1_aug10.png,690141683640,1753176220083,4,50,8/10.0,4.0,528,557,72.34590065828846,phantom_taobao,1,positive,data/phantom_taobao/masks_aug/0003_1753176220083_T_1_mask_aug10.png
3_aug11,0003_1753176220083_T_1.png,data/phantom_taobao/images_aug/0003_1753176220083_T_1_aug11.png,690141683640,1753176220083,4,50,8/10.0,4.0,528,557,72.34590065828846,phantom_taobao,1,positive,data/phantom_taobao/masks_aug/0003_1753176220083_T_1_mask_aug11.png
3_aug12,0003_1753176220083_T_1.png,data/phantom_taobao/images_aug/0003_1753176220083_T_1_aug12.png,690141683640,1753176220083,4,50,8/10.0,4.0,528,557,72.34590065828846,phantom_taobao,1,positive,data/phantom_taobao/masks_aug/0003_1753176220083_T_1_mask_aug12.png
3_aug13,0003_1753176220083_T_1.png,data/phantom_taobao/images_aug/0003_1753176220083_T_1_aug13.png,690141683640,1753176220083,4,50,8/10.0,4.0,528,557,72.34590065828846,phantom_taobao,1,positive,data/phantom_taobao/masks_aug/0003_1753176220083_T_1_mask_aug13.png
3_aug14,0003_1753176220083_T_1.png,data/phantom_taobao/images_aug/0003_1753176220083_T_1_aug14.png,690141683640,1753176220083,4,50,8/10.0,4.0,528,557,72.34590065828846,phantom_taobao,1,positive,data/phantom_taobao/masks_aug/0003_1753176220083_T_1_mask_aug14.png
4_aug0,0004_1753176228033_T_1.png,data/phantom_taobao/images_aug/0004_1753176228033_T_1_aug0.png,698067147610,1753176228033,4,50,8/10.0,4.0,528,557,72.34590065828846,phantom_taobao,1,positive,data/phantom_taobao/masks_aug/0004_1753176228033_T_1_mask_aug0.png
4_aug1,0004_1753176228033_T_1.png,data/phantom_taobao/images_aug/0004_1753176228033_T_1_aug1.png,698067147610,1753176228033,4,50,8/10.0,4.0,528,557,72.34590065828846,phantom_taobao,1,positive,data/phantom_taobao/masks_aug/0004_1753176228033_T_1_mask_aug1.png
4_aug2,0004_1753176228033_T_1.png,data/phantom_taobao/images_aug/0004_1753176228033_T_1_aug2.png,698067147610,1753176228033,4,50,8/10.0,4.0,528,557,72.34590065828846,phantom_taobao,1,positive,data/phantom_taobao/masks_aug/0004_1753176228033_T_1_mask_aug2.png
4_aug3,0004_1753176228033_T_1.png,data/phantom_taobao/images_aug/0004_1753176228033_T_1_aug3.png,698067147610,1753176228033,4,50,8/10.0,4.0,528,557,72.34590065828846,phantom_taobao,1,positive,data/phantom_taobao/masks_aug/0004_1753176228033_T_1_mask_aug3.png
4_aug4,0004_1753176228033_T_1.png,data/phantom_taobao/images_aug/0004_1753176228033_T_1_aug4.png,698067147610,1753176228033,4,50,8/10.0,4.0,528,557,72.34590065828846,phantom_taobao,1,positive,data/phantom_taobao/masks_aug/0004_1753176228033_T_1_mask_aug4.png
4_aug5,0004_1753176228033_T_1.png,data/phantom_taobao/images_aug/0004_1753176228033_T_1_aug5.png,698067147610,1753176228033,4,50,8/10.0,4.0,528,557,72.34590065828846,phantom_taobao,1,positive,data/phantom_taobao/masks_aug/0004_1753176228033_T_1_mask_aug5.png
4_aug6,0004_1753176228033_T_1.png,data/phantom_taobao/images_aug/0004_1753176228033_T_1_aug6.png,698067147610,1753176228033,4,50,8/10.0,4.0,528,557,72.34590065828846,phantom_taobao,1,positive,data/phantom_taobao/masks_aug/0004_1753176228033_T_1_mask_aug6.png
4_aug7,0004_1753176228033_T_1.png,data/phantom_taobao/images_aug/0004_1753176228033_T_1_aug7.png,698067147610,1753176228033,4,50,8/10.0,4.0,528,557,72.34590065828846,phantom_taobao,1,positive,data/phantom_taobao/masks_aug/0004_1753176228033_T_1_mask_aug7.png
4_aug8,0004_1753176228033_T_1.png,data/phantom_taobao/images_aug/0004_1753176228033_T_1_aug8.png,698067147610,1753176228033,4,50,8/10.0,4.0,528,557,72.34590065828846,phantom_taobao,1,positive,data/phantom_taobao/masks_aug/0004_1753176228033_T_1_mask_aug8.png
4_aug9,0004_1753176228033_T_1.png,data/phantom_taobao/images_aug/0004_1753176228033_T_1_aug9.png,698067147610,1753176228033,4,50,8/10.0,4.0,528,557,72.34590065828846,phantom_taobao,1,positive,data/phantom_taobao/masks_aug/0004_1753176228033_T_1_mask_aug9.png
4_aug10,0004_1753176228033_T_1.png,data/phantom_taobao/images_aug/0004_1753176228033_T_1_aug10.png,698067147610,1753176228033,4,50,8/10.0,4.0,528,557,72.34590065828846,phantom_taobao,1,positive,data/phantom_taobao/masks_aug/0004_1753176228033_T_1_mask_aug10.png
4_aug11,0004_1753176228033_T_1.png,data/phantom_taobao/images_aug/0004_1753176228033_T_1_aug11.png,698067147610,1753176228033,4,50,8/10.0,4.0,528,557,72.34590065828846,phantom_taobao,1,positive,data/phantom_taobao/masks_aug/0004_1753176228033_T_1_mask_aug11.png
4_aug12,0004_1753176228033_T_1.png,data/phantom_taobao/images_aug/0004_1753176228033_T_1_aug12.png,698067147610,1753176228033,4,50,8/10.0,4.0,528,557,72.34590065828846,phantom_taobao,1,positive,data/phantom_taobao/masks_aug/0004_1753176228033_T_1_mask_aug12.png
4_aug13,0004_1753176228033_T_1.png,data/phantom_taobao/images_aug/0004_1753176228033_T_1_aug13.png,698067147610,1753176228033,4,50,8/10.0,4.0,528,557,72.34590065828846,phantom_taobao,1,positive,data/phantom_taobao/masks_aug/0004_1753176228033_T_1_mask_aug13.png
4_aug14,0004_1753176228033_T_1.png,data/phantom_taobao/images_aug/0004_1753176228033_T_1_aug14.png,698067147610,1753176228033,4,50,8/10.0,4.0,528,557,72.34590065828846,phantom_taobao,1,positive,data/phantom_taobao/masks_aug/0004_1753176228033_T_1_mask_aug14.png
5_aug0,0005_1753176231161_T_1.png,data/phantom_taobao/images_aug/0005_1753176231161_T_1_aug0.png,701214533900,1753176231161,4,50,8/10.0,4.0,528,557,72.34590065828846,phantom_taobao,1,positive,data/phantom_taobao/masks_aug/0005_1753176231161_T_1_mask_aug0.png
5_aug1,0005_1753176231161_T_1.png,data/phantom_taobao/images_aug/0005_1753176231161_T_1_aug1.png,701214533900,1753176231161,4,50,8/10.0,4.0,528,557,72.34590065828846,phantom_taobao,1,positive,data/phantom_taobao/masks_aug/0005_1753176231161_T_1_mask_aug1.png
5_aug2,0005_1753176231161_T_1.png,data/phantom_taobao/images_aug/0005_1753176231161_T_1_aug2.png,701214533900,1753176231161,4,50,8/10.0,4.0,528,557,72.34590065828846,phantom_taobao,1,positive,data/phantom_taobao/masks_aug/0005_1753176231161_T_1_mask_aug2.png
5_aug3,0005_1753176231161_T_1.png,data/phantom_taobao/images_aug/0005_1753176231161_T_1_aug3.png,701214533900,1753176231161,4,50,8/10.0,4.0,528,557,72.34590065828846,phantom_taobao,1,positive,data/phantom_taobao/masks_aug/0005_1753176231161_T_1_mask_aug3.png
5_aug4,0005_1753176231161_T_1.png,data/phantom_taobao/images_aug/0005_1753176231161_T_1_aug4.png,701214533900,1753176231161,4,50,8/10.0,4.0,528,557,72.34590065828846,phantom_taobao,1,positive,data/phantom_taobao/masks_aug/0005_1753176231161_T_1_mask_aug4.png
5_aug5,0005_1753176231161_T_1.png,data/phantom_taobao/images_aug/0005_1753176231161_T_1_aug5.png,701214533900,1753176231161,4,50,8/10.0,4.0,528,557,72.34590065828846,phantom_taobao,1,positive,data/phantom_taobao/masks_aug/0005_1753176231161_T_1_mask_aug5.png
5_aug6,0005_1753176231161_T_1.png,data/phantom_taobao/images_aug/0005_1753176231161_T_1_aug6.png,701214533900,1753176231161,4,50,8/10.0,4.0,528,557,72.34590065828846,phantom_taobao,1,positive,data/phantom_taobao/masks_aug/0005_1753176231161_T_1_mask_aug6.png
5_aug7,0005_1753176231161_T_1.png,data/phantom_taobao/images_aug/0005_1753176231161_T_1_aug7.png,701214533900,1753176231161,4,50,8/10.0,4.0,528,557,72.34590065828846,phantom_taobao,1,positive,data/phantom_taobao/masks_aug/0005_1753176231161_T_1_mask_aug7.png
5_aug8,0005_1753176231161_T_1.png,data/phantom_taobao/images_aug/0005_1753176231161_T_1_aug8.png,701214533900,1753176231161,4,50,8/10.0,4.0,528,557,72.34590065828846,phantom_taobao,1,positive,data/phantom_taobao/masks_aug/0005_1753176231161_T_1_mask_aug8.png
5_aug9,0005_1753176231161_T_1.png,data/phantom_taobao/images_aug/0005_1753176231161_T_1_aug9.png,701214533900,1753176231161,4,50,8/10.0,4.0,528,557,72.34590065828846,phantom_taobao,1,positive,data/phantom_taobao/masks_aug/0005_1753176231161_T_1_mask_aug9.png
5_aug10,0005_1753176231161_T_1.png,data/phantom_taobao/images_aug/0005_1753176231161_T_1_aug10.png,701214533900,1753176231161,4,50,8/10.0,4.0,528,557,72.34590065828846,phantom_taobao,1,positive,data/phantom_taobao/masks_aug/0005_1753176231161_T_1_mask_aug10.png
5_aug11,0005_1753176231161_T_1.png,data/phantom_taobao/images_aug/0005_1753176231161_T_1_aug11.png,701214533900,1753176231161,4,50,8/10.0,4.0,528,557,72.34590065828846,phantom_taobao,1,positive,data/phantom_taobao/masks_aug/0005_1753176231161_T_1_mask_aug11.png
5_aug12,0005_1753176231161_T_1.png,data/phantom_taobao/images_aug/0005_1753176231161_T_1_aug12.png,701214533900,1753176231161,4,50,8/10.0,4.0,528,557,72.34590065828846,phantom_taobao,1,positive,data/phantom_taobao/masks_aug/0005_1753176231161_T_1_mask_aug12.png
5_aug13,0005_1753176231161_T_1.png,data/phantom_taobao/images_aug/0005_1753176231161_T_1_aug13.png,701214533900,1753176231161,4,50,8/10.0,4.0,528,557,72.34590065828846,phantom_taobao,1,positive,data/phantom_taobao/masks_aug/0005_1753176231161_T_1_mask_aug13.png
5_aug14,0005_1753176231161_T_1.png,data/phantom_taobao/images_aug/0005_1753176231161_T_1_aug14.png,701214533900,1753176231161,4,50,8/10.0,4.0,528,557,72.34590065828846,phantom_taobao,1,positive,data/phantom_taobao/masks_aug/0005_1753176231161_T_1_mask_aug14.png
6_aug0,0006_1753176235203_T_1.png,data/phantom_taobao/images_aug/0006_1753176235203_T_1_aug0.png,705283705070,1753176235203,4,50,8/10.0,4.0,528,557,72.34590065828846,phantom_taobao,1,positive,data/phantom_taobao/masks_aug/0006_1753176235203_T_1_mask_aug0.png
6_aug1,0006_1753176235203_T_1.png,data/phantom_taobao/images_aug/0006_1753176235203_T_1_aug1.png,705283705070,1753176235203,4,50,8/10.0,4.0,528,557,72.34590065828846,phantom_taobao,1,positive,data/phantom_taobao/masks_aug/0006_1753176235203_T_1_mask_aug1.png
6_aug2,0006_1753176235203_T_1.png,data/phantom_taobao/images_aug/0006_1753176235203_T_1_aug2.png,705283705070,1753176235203,4,50,8/10.0,4.0,528,557,72.34590065828846,phantom_taobao,1,positive,data/phantom_taobao/masks_aug/0006_1753176235203_T_1_mask_aug2.png
6_aug3,0006_1753176235203_T_1.png,data/phantom_taobao/images_aug/0006_1753176235203_T_1_aug3.png,705283705070,1753176235203,4,50,8/10.0,4.0,528,557,72.34590065828846,phantom_taobao,1,positive,data/phantom_taobao/masks_aug/0006_1753176235203_T_1_mask_aug3.png
6_aug4,0006_1753176235203_T_1.png,data/phantom_taobao/images_aug/0006_1753176235203_T_1_aug4.png,705283705070,1753176235203,4,50,8/10.0,4.0,528,557,72.34590065828846,phantom_taobao,1,positive,data/phantom_taobao/masks_aug/0006_1753176235203_T_1_mask_aug4.png
6_aug5,0006_1753176235203_T_1.png,data/phantom_taobao/images_aug/0006_1753176235203_T_1_aug5.png,705283705070,1753176235203,4,50,8/10.0,4.0,528,557,72.34590065828846,phantom_taobao,1,positive,data/phantom_taobao/masks_aug/0006_1753176235203_T_1_mask_aug5.png
6_aug6,0006_1753176235203_T_1.png,data/phantom_taobao/images_aug/0006_1753176235203_T_1_aug6.png,705283705070,1753176235203,4,50,8/10.0,4.0,528,557,72.34590065828846,phantom_taobao,1,positive,data/phantom_taobao/masks_aug/0006_1753176235203_T_1_mask_aug6.png
6_aug7,0006_1753176235203_T_1.png,data/phantom_taobao/images_aug/0006_1753176235203_T_1_aug7.png,705283705070,1753176235203,4,50,8/10.0,4.0,528,557,72.34590065828846,phantom_taobao,1,positive,data/phantom_taobao/masks_aug/0006_1753176235203_T_1_mask_aug7.png
6_aug8,0006_1753176235203_T_1.png,data/phantom_taobao/images_aug/0006_1753176235203_T_1_aug8.png,705283705070,1753176235203,4,50,8/10.0,4.0,528,557,72.34590065828846,phantom_taobao,1,positive,data/phantom_taobao/masks_aug/0006_1753176235203_T_1_mask_aug8.png
6_aug9,0006_1753176235203_T_1.png,data/phantom_taobao/images_aug/0006_1753176235203_T_1_aug9.png,705283705070,1753176235203,4,50,8/10.0,4.0,528,557,72.34590065828846,phantom_taobao,1,positive,data/phantom_taobao/masks_aug/0006_1753176235203_T_1_mask_aug9.png
6_aug10,0006_1753176235203_T_1.png,data/phantom_taobao/images_aug/0006_1753176235203_T_1_aug10.png,705283705070,1753176235203,4,50,8/10.0,4.0,528,557,72.34590065828846,phantom_taobao,1,positive,data/phantom_taobao/masks_aug/0006_1753176235203_T_1_mask_aug10.png
6_aug11,0006_1753176235203_T_1.png,data/phantom_taobao/images_aug/0006_1753176235203_T_1_aug11.png,705283705070,1753176235203,4,50,8/10.0,4.0,528,557,72.34590065828846,phantom_taobao,1,positive,data/phantom_taobao/masks_aug/0006_1753176235203_T_1_mask_aug11.png
6_aug12,0006_1753176235203_T_1.png,data/phantom_taobao/images_aug/0006_1753176235203_T_1_aug12.png,705283705070,1753176235203,4,50,8/10.0,4.0,528,557,72.34590065828846,phantom_taobao,1,positive,data/phantom_taobao/masks_aug/0006_1753176235203_T_1_mask_aug12.png
6_aug13,0006_1753176235203_T_1.png,data/phantom_taobao/images_aug/0006_1753176235203_T_1_aug13.png,705283705070,1753176235203,4,50,8/10.0,4.0,528,557,72.34590065828846,phantom_taobao,1,positive,data/phantom_taobao/masks_aug/0006_1753176235203_T_1_mask_aug13.png
6_aug14,0006_1753176235203_T_1.png,data/phantom_taobao/images_aug/0006_1753176235203_T_1_aug14.png,705283705070,1753176235203,4,50,8/10.0,4.0,528,557,72.34590065828846,phantom_taobao,1,positive,data/phantom_taobao/masks_aug/0006_1753176235203_T_1_mask_aug14.png
7_aug0,0007_1753176238032_T_1.png,data/phantom_taobao/images_aug/0007_1753176238032_T_1_aug0.png,708104711980,1753176238032,4,50,8/10.0,4.0,528,557,72.34590065828846,phantom_taobao,1,positive,data/phantom_taobao/masks_aug/0007_1753176238032_T_1_mask_aug0.png
7_aug1,0007_1753176238032_T_1.png,data/phantom_taobao/images_aug/0007_1753176238032_T_1_aug1.png,708104711980,1753176238032,4,50,8/10.0,4.0,528,557,72.34590065828846,phantom_taobao,1,positive,data/phantom_taobao/masks_aug/0007_1753176238032_T_1_mask_aug1.png
7_aug2,0007_1753176238032_T_1.png,data/phantom_taobao/images_aug/0007_1753176238032_T_1_aug2.png,708104711980,1753176238032,4,50,8/10.0,4.0,528,557,72.34590065828846,phantom_taobao,1,positive,data/phantom_taobao/masks_aug/0007_1753176238032_T_1_mask_aug2.png
7_aug3,0007_1753176238032_T_1.png,data/phantom_taobao/images_aug/0007_1753176238032_T_1_aug3.png,708104711980,1753176238032,4,50,8/10.0,4.0,528,557,72.34590065828846,phantom_taobao,1,positive,data/phantom_taobao/masks_aug/0007_1753176238032_T_1_mask_aug3.png
7_aug4,0007_1753176238032_T_1.png,data/phantom_taobao/images_aug/0007_1753176238032_T_1_aug4.png,708104711980,1753176238032,4,50,8/10.0,4.0,528,557,72.34590065828846,phantom_taobao,1,positive,data/phantom_taobao/masks_aug/0007_1753176238032_T_1_mask_aug4.png
7_aug5,0007_1753176238032_T_1.png,data/phantom_taobao/images_aug/0007_1753176238032_T_1_aug5.png,708104711980,1753176238032,4,50,8/10.0,4.0,528,557,72.34590065828846,phantom_taobao,1,positive,data/phantom_taobao/masks_aug/0007_1753176238032_T_1_mask_aug5.png
7_aug6,0007_1753176238032_T_1.png,data/phantom_taobao/images_aug/0007_1753176238032_T_1_aug6.png,708104711980,1753176238032,4,50,8/10.0,4.0,528,557,72.34590065828846,phantom_taobao,1,positive,data/phantom_taobao/masks_aug/0007_1753176238032_T_1_mask_aug6.png
7_aug7,0007_1753176238032_T_1.png,data/phantom_taobao/images_aug/0007_1753176238032_T_1_aug7.png,708104711980,1753176238032,4,50,8/10.0,4.0,528,557,72.34590065828846,phantom_taobao,1,positive,data/phantom_taobao/masks_aug/0007_1753176238032_T_1_mask_aug7.png
7_aug8,0007_1753176238032_T_1.png,data/phantom_taobao/images_aug/0007_1753176238032_T_1_aug8.png,708104711980,1753176238032,4,50,8/10.0,4.0,528,557,72.34590065828846,phantom_taobao,1,positive,data/phantom_taobao/masks_aug/0007_1753176238032_T_1_mask_aug8.png
7_aug9,0007_1753176238032_T_1.png,data/phantom_taobao/images_aug/0007_1753176238032_T_1_aug9.png,708104711980,1753176238032,4,50,8/10.0,4.0,528,557,72.34590065828846,phantom_taobao,1,positive,data/phantom_taobao/masks_aug/0007_1753176238032_T_1_mask_aug9.png
7_aug10,0007_1753176238032_T_1.png,data/phantom_taobao/images_aug/0007_1753176238032_T_1_aug10.png,708104711980,1753176238032,4,50,8/10.0,4.0,528,557,72.34590065828846,phantom_taobao,1,positive,data/phantom_taobao/masks_aug/0007_1753176238032_T_1_mask_aug10.png
7_aug11,0007_1753176238032_T_1.png,data/phantom_taobao/images_aug/0007_1753176238032_T_1_aug11.png,708104711980,1753176238032,4,50,8/10.0,4.0,528,557,72.34590065828846,phantom_taobao,1,positive,data/phantom_taobao/masks_aug/0007_1753176238032_T_1_mask_aug11.png
7_aug12,0007_1753176238032_T_1.png,data/phantom_taobao/images_aug/0007_1753176238032_T_1_aug12.png,708104711980,1753176238032,4,50,8/10.0,4.0,528,557,72.34590065828846,phantom_taobao,1,positive,data/phantom_taobao/masks_aug/0007_1753176238032_T_1_mask_aug12.png
7_aug13,0007_1753176238032_T_1.png,data/phantom_taobao/images_aug/0007_1753176238032_T_1_aug13.png,708104711980,1753176238032,4,50,8/10.0,4.0,528,557,72.34590065828846,phantom_taobao,1,positive,data/phantom_taobao/masks_aug/0007_1753176238032_T_1_mask_aug13.png
7_aug14,0007_1753176238032_T_1.png,data/phantom_taobao/images_aug/0007_1753176238032_T_1_aug14.png,708104711980,1753176238032,4,50,8/10.0,4.0,528,557,72.34590065828846,phantom_taobao,1,positive,data/phantom_taobao/masks_aug/0007_1753176238032_T_1_mask_aug14.png
8_aug0,0008_1753176240248_T_1.png,data/phantom_taobao/images_aug/0008_1753176240248_T_1_aug0.png,710329729710,1753176240248,4,50,8/10.0,4.0,528,557,72.34590065828846,phantom_taobao,1,positive,data/phantom_taobao/masks_aug/0008_1753176240248_T_1_mask_aug0.png
8_aug1,0008_1753176240248_T_1.png,data/phantom_taobao/images_aug/0008_1753176240248_T_1_aug1.png,710329729710,1753176240248,4,50,8/10.0,4.0,528,557,72.34590065828846,phantom_taobao,1,positive,data/phantom_taobao/masks_aug/0008_1753176240248_T_1_mask_aug1.png
8_aug2,0008_1753176240248_T_1.png,data/phantom_taobao/images_aug/0008_1753176240248_T_1_aug2.png,710329729710,1753176240248,4,50,8/10.0,4.0,528,557,72.34590065828846,phantom_taobao,1,positive,data/phantom_taobao/masks_aug/0008_1753176240248_T_1_mask_aug2.png
8_aug3,0008_1753176240248_T_1.png,data/phantom_taobao/images_aug/0008_1753176240248_T_1_aug3.png,710329729710,1753176240248,4,50,8/10.0,4.0,528,557,72.34590065828846,phantom_taobao,1,positive,data/phantom_taobao/masks_aug/0008_1753176240248_T_1_mask_aug3.png
8_aug4,0008_1753176240248_T_1.png,data/phantom_taobao/images_aug/0008_1753176240248_T_1_aug4.png,710329729710,1753176240248,4,50,8/10.0,4.0,528,557,72.34590065828846,phantom_taobao,1,positive,data/phantom_taobao/masks_aug/0008_1753176240248_T_1_mask_aug4.png
8_aug5,0008_1753176240248_T_1.png,data/phantom_taobao/images_aug/0008_1753176240248_T_1_aug5.png,710329729710,1753176240248,4,50,8/10.0,4.0,528,557,72.34590065828846,phantom_taobao,1,positive,data/phantom_taobao/masks_aug/0008_1753176240248_T_1_mask_aug5.png
8_aug6,0008_1753176240248_T_1.png,data/phantom_taobao/images_aug/0008_1753176240248_T_1_aug6.png,710329729710,1753176240248,4,50,8/10.0,4.0,528,557,72.34590065828846,phantom_taobao,1,positive,data/phantom_taobao/masks_aug/0008_1753176240248_T_1_mask_aug6.png
8_aug7,0008_1753176240248_T_1.png,data/phantom_taobao/images_aug/0008_1753176240248_T_1_aug7.png,710329729710,1753176240248,4,50,8/10.0,4.0,528,557,72.34590065828846,phantom_taobao,1,positive,data/phantom_taobao/masks_aug/0008_1753176240248_T_1_mask_aug7.png
8_aug8,0008_1753176240248_T_1.png,data/phantom_taobao/images_aug/0008_1753176240248_T_1_aug8.png,710329729710,1753176240248,4,50,8/10.0,4.0,528,557,72.34590065828846,phantom_taobao,1,positive,data/phantom_taobao/masks_aug/0008_1753176240248_T_1_mask_aug8.png
8_aug9,0008_1753176240248_T_1.png,data/phantom_taobao/images_aug/0008_1753176240248_T_1_aug9.png,710329729710,1753176240248,4,50,8/10.0,4.0,528,557,72.34590065828846,phantom_taobao,1,positive,data/phantom_taobao/masks_aug/0008_1753176240248_T_1_mask_aug9.png
8_aug10,0008_1753176240248_T_1.png,data/phantom_taobao/images_aug/0008_1753176240248_T_1_aug10.png,710329729710,1753176240248,4,50,8/10.0,4.0,528,557,72.34590065828846,phantom_taobao,1,positive,data/phantom_taobao/masks_aug/0008_1753176240248_T_1_mask_aug10.png
8_aug11,0008_1753176240248_T_1.png,data/phantom_taobao/images_aug/0008_1753176240248_T_1_aug11.png,710329729710,1753176240248,4,50,8/10.0,4.0,528,557,72.34590065828846,phantom_taobao,1,positive,data/phantom_taobao/masks_aug/0008_1753176240248_T_1_mask_aug11.png
8_aug12,0008_1753176240248_T_1.png,data/phantom_taobao/images_aug/0008_1753176240248_T_1_aug12.png,710329729710,1753176240248,4,50,8/10.0,4.0,528,557,72.34590065828846,phantom_taobao,1,positive,data/phantom_taobao/masks_aug/0008_1753176240248_T_1_mask_aug12.png
8_aug13,0008_1753176240248_T_1.png,data/phantom_taobao/images_aug/0008_1753176240248_T_1_aug13.png,710329729710,1753176240248,4,50,8/10.0,4.0,528,557,72.34590065828846,phantom_taobao,1,positive,data/phantom_taobao/masks_aug/0008_1753176240248_T_1_mask_aug13.png
8_aug14,0008_1753176240248_T_1.png,data/phantom_taobao/images_aug/0008_1753176240248_T_1_aug14.png,710329729710,1753176240248,4,50,8/10.0,4.0,528,557,72.34590065828846,phantom_taobao,1,positive,data/phantom_taobao/masks_aug/0008_1753176240248_T_1_mask_aug14.png
9_aug0,0009_1753176242747_T_1.png,data/phantom_taobao/images_aug/0009_1753176242747_T_1_aug0.png,712826035430,1753176242747,4,50,8/10.0,4.0,528,557,72.34590065828846,phantom_taobao,1,positive,data/phantom_taobao/masks_aug/0009_1753176242747_T_1_mask_aug0.png
9_aug1,0009_1753176242747_T_1.png,data/phantom_taobao/images_aug/0009_1753176242747_T_1_aug1.png,712826035430,1753176242747,4,50,8/10.0,4.0,528,557,72.34590065828846,phantom_taobao,1,positive,data/phantom_taobao/masks_aug/0009_1753176242747_T_1_mask_aug1.png
9_aug2,0009_1753176242747_T_1.png,data/phantom_taobao/images_aug/0009_1753176242747_T_1_aug2.png,712826035430,1753176242747,4,50,8/10.0,4.0,528,557,72.34590065828846,phantom_taobao,1,positive,data/phantom_taobao/masks_aug/0009_1753176242747_T_1_mask_aug2.png
9_aug3,0009_1753176242747_T_1.png,data/phantom_taobao/images_aug/0009_1753176242747_T_1_aug3.png,712826035430,1753176242747,4,50,8/10.0,4.0,528,557,72.34590065828846,phantom_taobao,1,positive,data/phantom_taobao/masks_aug/0009_1753176242747_T_1_mask_aug3.png
9_aug4,0009_1753176242747_T_1.png,data/phantom_taobao/images_aug/0009_1753176242747_T_1_aug4.png,712826035430,1753176242747,4,50,8/10.0,4.0,528,557,72.34590065828846,phantom_taobao,1,positive,data/phantom_taobao/masks_aug/0009_1753176242747_T_1_mask_aug4.png
9_aug5,0009_1753176242747_T_1.png,data/phantom_taobao/images_aug/0009_1753176242747_T_1_aug5.png,712826035430,1753176242747,4,50,8/10.0,4.0,528,557,72.34590065828846,phantom_taobao,1,positive,data/phantom_taobao/masks_aug/0009_1753176242747_T_1_mask_aug5.png
9_aug6,0009_1753176242747_T_1.png,data/phantom_taobao/images_aug/0009_1753176242747_T_1_aug6.png,712826035430,1753176242747,4,50,8/10.0,4.0,528,557,72.34590065828846,phantom_taobao,1,positive,data/phantom_taobao/masks_aug/0009_1753176242747_T_1_mask_aug6.png
9_aug7,0009_1753176242747_T_1.png,data/phantom_taobao/images_aug/0009_1753176242747_T_1_aug7.png,712826035430,1753176242747,4,50,8/10.0,4.0,528,557,72.34590065828846,phantom_taobao,1,positive,data/phantom_taobao/masks_aug/0009_1753176242747_T_1_mask_aug7.png
9_aug8,0009_1753176242747_T_1.png,data/phantom_taobao/images_aug/0009_1753176242747_T_1_aug8.png,712826035430,1753176242747,4,50,8/10.0,4.0,528,557,72.34590065828846,phantom_taobao,1,positive,data/phantom_taobao/masks_aug/0009_1753176242747_T_1_mask_aug8.png
9_aug9,0009_1753176242747_T_1.png,data/phantom_taobao/images_aug/0009_1753176242747_T_1_aug9.png,712826035430,1753176242747,4,50,8/10.0,4.0,528,557,72.34590065828846,phantom_taobao,1,positive,data/phantom_taobao/masks_aug/0009_1753176242747_T_1_mask_aug9.png
9_aug10,0009_1753176242747_T_1.png,data/phantom_taobao/images_aug/0009_1753176242747_T_1_aug10.png,712826035430,1753176242747,4,50,8/10.0,4.0,528,557,72.34590065828846,phantom_taobao,1,positive,data/phantom_taobao/masks_aug/0009_1753176242747_T_1_mask_aug10.png
9_aug11,0009_1753176242747_T_1.png,data/phantom_taobao/images_aug/0009_1753176242747_T_1_aug11.png,712826035430,1753176242747,4,50,8/10.0,4.0,528,557,72.34590065828846,phantom_taobao,1,positive,data/phantom_taobao/masks_aug/0009_1753176242747_T_1_mask_aug11.png
9_aug12,0009_1753176242747_T_1.png,data/phantom_taobao/images_aug/0009_1753176242747_T_1_aug12.png,712826035430,1753176242747,4,50,8/10.0,4.0,528,557,72.34590065828846,phantom_taobao,1,positive,data/phantom_taobao/masks_aug/0009_1753176242747_T_1_mask_aug12.png
9_aug13,0009_1753176242747_T_1.png,data/phantom_taobao/images_aug/0009_1753176242747_T_1_aug13.png,712826035430,1753176242747,4,50,8/10.0,4.0,528,557,72.34590065828846,phantom_taobao,1,positive,data/phantom_taobao/masks_aug/0009_1753176242747_T_1_mask_aug13.png
9_aug14,0009_1753176242747_T_1.png,data/phantom_taobao/images_aug/0009_1753176242747_T_1_aug14.png,712826035430,1753176242747,4,50,8/10.0,4.0,528,557,72.34590065828846,phantom_taobao,1,positive,data/phantom_taobao/masks_aug/0009_1753176242747_T_1_mask_aug14.png
10_aug0,0010_1753176245318_T_1.png,data/phantom_taobao/images_aug/0010_1753176245318_T_1_aug0.png,715377771190,1753176245318,4,50,8/10.0,4.0,528,557,72.34590065828846,phantom_taobao,1,positive,data/phantom_taobao/masks_aug/0010_1753176245318_T_1_mask_aug0.png
10_aug1,0010_1753176245318_T_1.png,data/phantom_taobao/images_aug/0010_1753176245318_T_1_aug1.png,715377771190,1753176245318,4,50,8/10.0,4.0,528,557,72.34590065828846,phantom_taobao,1,positive,data/phantom_taobao/masks_aug/0010_1753176245318_T_1_mask_aug1.png
10_aug2,0010_1753176245318_T_1.png,data/phantom_taobao/images_aug/0010_1753176245318_T_1_aug2.png,715377771190,1753176245318,4,50,8/10.0,4.0,528,557,72.34590065828846,phantom_taobao,1,positive,data/phantom_taobao/masks_aug/0010_1753176245318_T_1_mask_aug2.png
10_aug3,0010_1753176245318_T_1.png,data/phantom_taobao/images_aug/0010_1753176245318_T_1_aug3.png,715377771190,1753176245318,4,50,8/10.0,4.0,528,557,72.34590065828846,phantom_taobao,1,positive,data/phantom_taobao/masks_aug/0010_1753176245318_T_1_mask_aug3.png
10_aug4,0010_1753176245318_T_1.png,data/phantom_taobao/images_aug/0010_1753176245318_T_1_aug4.png,715377771190,1753176245318,4,50,8/10.0,4.0,528,557,72.34590065828846,phantom_taobao,1,positive,data/phantom_taobao/masks_aug/0010_1753176245318_T_1_mask_aug4.png
10_aug5,0010_1753176245318_T_1.png,data/phantom_taobao/images_aug/0010_1753176245318_T_1_aug5.png,715377771190,1753176245318,4,50,8/10.0,4.0,528,557,72.34590065828846,phantom_taobao,1,positive,data/phantom_taobao/masks_aug/0010_1753176245318_T_1_mask_aug5.png
10_aug6,0010_1753176245318_T_1.png,data/phantom_taobao/images_aug/0010_1753176245318_T_1_aug6.png,715377771190,1753176245318,4,50,8/10.0,4.0,528,557,72.34590065828846,phantom_taobao,1,positive,data/phantom_taobao/masks_aug/0010_1753176245318_T_1_mask_aug6.png
10_aug7,0010_1753176245318_T_1.png,data/phantom_taobao/images_aug/0010_1753176245318_T_1_aug7.png,715377771190,1753176245318,4,50,8/10.0,4.0,528,557,72.34590065828846,phantom_taobao,1,positive,data/phantom_taobao/masks_aug/0010_1753176245318_T_1_mask_aug7.png
10_aug8,0010_1753176245318_T_1.png,data/phantom_taobao/images_aug/0010_1753176245318_T_1_aug8.png,715377771190,1753176245318,4,50,8/10.0,4.0,528,557,72.34590065828846,phantom_taobao,1,positive,data/phantom_taobao/masks_aug/0010_1753176245318_T_1_mask_aug8.png
10_aug9,0010_1753176245318_T_1.png,data/phantom_taobao/images_aug/0010_1753176245318_T_1_aug9.png,715377771190,1753176245318,4,50,8/10.0,4.0,528,557,72.34590065828846,phantom_taobao,1,positive,data/phantom_taobao/masks_aug/0010_1753176245318_T_1_mask_aug9.png
10_aug10,0010_1753176245318_T_1.png,data/phantom_taobao/images_aug/0010_1753176245318_T_1_aug10.png,715377771190,1753176245318,4,50,8/10.0,4.0,528,557,72.34590065828846,phantom_taobao,1,positive,data/phantom_taobao/masks_aug/0010_1753176245318_T_1_mask_aug10.png
10_aug11,0010_1753176245318_T_1.png,data/phantom_taobao/images_aug/0010_1753176245318_T_1_aug11.png,715377771190,1753176245318,4,50,8/10.0,4.0,528,557,72.34590065828846,phantom_taobao,1,positive,data/phantom_taobao/masks_aug/0010_1753176245318_T_1_mask_aug11.png
10_aug12,0010_1753176245318_T_1.png,data/phantom_taobao/images_aug/0010_1753176245318_T_1_aug12.png,715377771190,1753176245318,4,50,8/10.0,4.0,528,557,72.34590065828846,phantom_taobao,1,positive,data/phantom_taobao/masks_aug/0010_1753176245318_T_1_mask_aug12.png
10_aug13,0010_1753176245318_T_1.png,data/phantom_taobao/images_aug/0010_1753176245318_T_1_aug13.png,715377771190,1753176245318,4,50,8/10.0,4.0,528,557,72.34590065828846,phantom_taobao,1,positive,data/phantom_taobao/masks_aug/0010_1753176245318_T_1_mask_aug13.png
10_aug14,0010_1753176245318_T_1.png,data/phantom_taobao/images_aug/0010_1753176245318_T_1_aug14.png,715377771190,1753176245318,4,50,8/10.0,4.0,528,557,72.34590065828846,phantom_taobao,1,positive,data/phantom_taobao/masks_aug/0010_1753176245318_T_1_mask_aug14.png
11_aug0,0011_1753176253441_T_1.png,data/phantom_taobao/images_aug/0011_1753176253441_T_1_aug0.png,723518559160,1753176253441,4,50,8/10.0,4.0,528,557,72.34590065828846,phantom_taobao,1,positive,data/phantom_taobao/masks_aug/0011_1753176253441_T_1_mask_aug0.png
11_aug1,0011_1753176253441_T_1.png,data/phantom_taobao/images_aug/0011_1753176253441_T_1_aug1.png,723518559160,1753176253441,4,50,8/10.0,4.0,528,557,72.34590065828846,phantom_taobao,1,positive,data/phantom_taobao/masks_aug/0011_1753176253441_T_1_mask_aug1.png
11_aug2,0011_1753176253441_T_1.png,data/phantom_taobao/images_aug/0011_1753176253441_T_1_aug2.png,723518559160,1753176253441,4,50,8/10.0,4.0,528,557,72.34590065828846,phantom_taobao,1,positive,data/phantom_taobao/masks_aug/0011_1753176253441_T_1_mask_aug2.png
11_aug3,0011_1753176253441_T_1.png,data/phantom_taobao/images_aug/0011_1753176253441_T_1_aug3.png,723518559160,1753176253441,4,50,8/10.0,4.0,528,557,72.34590065828846,phantom_taobao,1,positive,data/phantom_taobao/masks_aug/0011_1753176253441_T_1_mask_aug3.png
11_aug4,0011_1753176253441_T_1.png,data/phantom_taobao/images_aug/0011_1753176253441_T_1_aug4.png,723518559160,1753176253441,4,50,8/10.0,4.0,528,557,72.34590065828846,phantom_taobao,1,positive,data/phantom_taobao/masks_aug/0011_1753176253441_T_1_mask_aug4.png
11_aug5,0011_1753176253441_T_1.png,data/phantom_taobao/images_aug/0011_1753176253441_T_1_aug5.png,723518559160,1753176253441,4,50,8/10.0,4.0,528,557,72.34590065828846,phantom_taobao,1,positive,data/phantom_taobao/masks_aug/0011_1753176253441_T_1_mask_aug5.png
11_aug6,0011_1753176253441_T_1.png,data/phantom_taobao/images_aug/0011_1753176253441_T_1_aug6.png,723518559160,1753176253441,4,50,8/10.0,4.0,528,557,72.34590065828846,phantom_taobao,1,positive,data/phantom_taobao/masks_aug/0011_1753176253441_T_1_mask_aug6.png
11_aug7,0011_1753176253441_T_1.png,data/phantom_taobao/images_aug/0011_1753176253441_T_1_aug7.png,723518559160,1753176253441,4,50,8/10.0,4.0,528,557,72.34590065828846,phantom_taobao,1,positive,data/phantom_taobao/masks_aug/0011_1753176253441_T_1_mask_aug7.png
11_aug8,0011_1753176253441_T_1.png,data/phantom_taobao/images_aug/0011_1753176253441_T_1_aug8.png,723518559160,1753176253441,4,50,8/10.0,4.0,528,557,72.34590065828846,phantom_taobao,1,positive,data/phantom_taobao/masks_aug/0011_1753176253441_T_1_mask_aug8.png
11_aug9,0011_1753176253441_T_1.png,data/phantom_taobao/images_aug/0011_1753176253441_T_1_aug9.png,723518559160,1753176253441,4,50,8/10.0,4.0,528,557,72.34590065828846,phantom_taobao,1,positive,data/phantom_taobao/masks_aug/0011_1753176253441_T_1_mask_aug9.png
11_aug10,0011_1753176253441_T_1.png,data/phantom_taobao/images_aug/0011_1753176253441_T_1_aug10.png,723518559160,1753176253441,4,50,8/10.0,4.0,528,557,72.34590065828846,phantom_taobao,1,positive,data/phantom_taobao/masks_aug/0011_1753176253441_T_1_mask_aug10.png
11_aug11,0011_1753176253441_T_1.png,data/phantom_taobao/images_aug/0011_1753176253441_T_1_aug11.png,723518559160,1753176253441,4,50,8/10.0,4.0,528,557,72.34590065828846,phantom_taobao,1,positive,data/phantom_taobao/masks_aug/0011_1753176253441_T_1_mask_aug11.png
11_aug12,0011_1753176253441_T_1.png,data/phantom_taobao/images_aug/0011_1753176253441_T_1_aug12.png,723518559160,1753176253441,4,50,8/10.0,4.0,528,557,72.34590065828846,phantom_taobao,1,positive,data/phantom_taobao/masks_aug/0011_1753176253441_T_1_mask_aug12.png
11_aug13,0011_1753176253441_T_1.png,data/phantom_taobao/images_aug/0011_1753176253441_T_1_aug13.png,723518559160,1753176253441,4,50,8/10.0,4.0,528,557,72.34590065828846,phantom_taobao,1,positive,data/phantom_taobao/masks_aug/0011_1753176253441_T_1_mask_aug13.png
11_aug14,0011_1753176253441_T_1.png,data/phantom_taobao/images_aug/0011_1753176253441_T_1_aug14.png,723518559160,1753176253441,4,50,8/10.0,4.0,528,557,72.34590065828846,phantom_taobao,1,positive,data/phantom_taobao/masks_aug/0011_1753176253441_T_1_mask_aug14.png
12_aug0,0012_1753176256475_T_1.png,data/phantom_taobao/images_aug/0012_1753176256475_T_1_aug0.png,726557688190,1753176256475,4,50,8/10.0,4.0,528,557,72.34590065828846,phantom_taobao,1,positive,data/phantom_taobao/masks_aug/0012_1753176256475_T_1_mask_aug0.png
12_aug1,0012_1753176256475_T_1.png,data/phantom_taobao/images_aug/0012_1753176256475_T_1_aug1.png,726557688190,1753176256475,4,50,8/10.0,4.0,528,557,72.34590065828846,phantom_taobao,1,positive,data/phantom_taobao/masks_aug/0012_1753176256475_T_1_mask_aug1.png
12_aug2,0012_1753176256475_T_1.png,data/phantom_taobao/images_aug/0012_1753176256475_T_1_aug2.png,726557688190,1753176256475,4,50,8/10.0,4.0,528,557,72.34590065828846,phantom_taobao,1,positive,data/phantom_taobao/masks_aug/0012_1753176256475_T_1_mask_aug2.png
12_aug3,0012_1753176256475_T_1.png,data/phantom_taobao/images_aug/0012_1753176256475_T_1_aug3.png,726557688190,1753176256475,4,50,8/10.0,4.0,528,557,72.34590065828846,phantom_taobao,1,positive,data/phantom_taobao/masks_aug/0012_1753176256475_T_1_mask_aug3.png
12_aug4,0012_1753176256475_T_1.png,data/phantom_taobao/images_aug/0012_1753176256475_T_1_aug4.png,726557688190,1753176256475,4,50,8/10.0,4.0,528,557,72.34590065828846,phantom_taobao,1,positive,data/phantom_taobao/masks_aug/0012_1753176256475_T_1_mask_aug4.png
12_aug5,0012_1753176256475_T_1.png,data/phantom_taobao/images_aug/0012_1753176256475_T_1_aug5.png,726557688190,1753176256475,4,50,8/10.0,4.0,528,557,72.34590065828846,phantom_taobao,1,positive,data/phantom_taobao/masks_aug/0012_1753176256475_T_1_mask_aug5.png
12_aug6,0012_1753176256475_T_1.png,data/phantom_taobao/images_aug/0012_1753176256475_T_1_aug6.png,726557688190,1753176256475,4,50,8/10.0,4.0,528,557,72.34590065828846,phantom_taobao,1,positive,data/phantom_taobao/masks_aug/0012_1753176256475_T_1_mask_aug6.png
12_aug7,0012_1753176256475_T_1.png,data/phantom_taobao/images_aug/0012_1753176256475_T_1_aug7.png,726557688190,1753176256475,4,50,8/10.0,4.0,528,557,72.34590065828846,phantom_taobao,1,positive,data/phantom_taobao/masks_aug/0012_1753176256475_T_1_mask_aug7.png
12_aug8,0012_1753176256475_T_1.png,data/phantom_taobao/images_aug/0012_1753176256475_T_1_aug8.png,726557688190,1753176256475,4,50,8/10.0,4.0,528,557,72.34590065828846,phantom_taobao,1,positive,data/phantom_taobao/masks_aug/0012_1753176256475_T_1_mask_aug8.png
12_aug9,0012_1753176256475_T_1.png,data/phantom_taobao/images_aug/0012_1753176256475_T_1_aug9.png,726557688190,1753176256475,4,50,8/10.0,4.0,528,557,72.34590065828846,phantom_taobao,1,positive,data/phantom_taobao/masks_aug/0012_1753176256475_T_1_mask_aug9.png
12_aug10,0012_1753176256475_T_1.png,data/phantom_taobao/images_aug/0012_1753176256475_T_1_aug10.png,726557688190,1753176256475,4,50,8/10.0,4.0,528,557,72.34590065828846,phantom_taobao,1,positive,data/phantom_taobao/masks_aug/0012_1753176256475_T_1_mask_aug10.png
12_aug11,0012_1753176256475_T_1.png,data/phantom_taobao/images_aug/0012_1753176256475_T_1_aug11.png,726557688190,1753176256475,4,50,8/10.0,4.0,528,557,72.34590065828846,phantom_taobao,1,positive,data/phantom_taobao/masks_aug/0012_1753176256475_T_1_mask_aug11.png
12_aug12,0012_1753176256475_T_1.png,data/phantom_taobao/images_aug/0012_1753176256475_T_1_aug12.png,726557688190,1753176256475,4,50,8/10.0,4.0,528,557,72.34590065828846,phantom_taobao,1,positive,data/phantom_taobao/masks_aug/0012_1753176256475_T_1_mask_aug12.png
12_aug13,0012_1753176256475_T_1.png,data/phantom_taobao/images_aug/0012_1753176256475_T_1_aug13.png,726557688190,1753176256475,4,50,8/10.0,4.0,528,557,72.34590065828846,phantom_taobao,1,positive,data/phantom_taobao/masks_aug/0012_1753176256475_T_1_mask_aug13.png
12_aug14,0012_1753176256475_T_1.png,data/phantom_taobao/images_aug/0012_1753176256475_T_1_aug14.png,726557688190,1753176256475,4,50,8/10.0,4.0,528,557,72.34590065828846,phantom_taobao,1,positive,data/phantom_taobao/masks_aug/0012_1753176256475_T_1_mask_aug14.png
13_aug0,0013_1753176260225_T_1.png,data/phantom_taobao/images_aug/0013_1753176260225_T_1_aug0.png,730303534330,1753176260225,4,50,8/10.0,4.0,528,557,72.34590065828846,phantom_taobao,1,positive,data/phantom_taobao/masks_aug/0013_1753176260225_T_1_mask_aug0.png
13_aug1,0013_1753176260225_T_1.png,data/phantom_taobao/images_aug/0013_1753176260225_T_1_aug1.png,730303534330,1753176260225,4,50,8/10.0,4.0,528,557,72.34590065828846,phantom_taobao,1,positive,data/phantom_taobao/masks_aug/0013_1753176260225_T_1_mask_aug1.png
13_aug2,0013_1753176260225_T_1.png,data/phantom_taobao/images_aug/0013_1753176260225_T_1_aug2.png,730303534330,1753176260225,4,50,8/10.0,4.0,528,557,72.34590065828846,phantom_taobao,1,positive,data/phantom_taobao/masks_aug/0013_1753176260225_T_1_mask_aug2.png
13_aug3,0013_1753176260225_T_1.png,data/phantom_taobao/images_aug/0013_1753176260225_T_1_aug3.png,730303534330,1753176260225,4,50,8/10.0,4.0,528,557,72.34590065828846,phantom_taobao,1,positive,data/phantom_taobao/masks_aug/0013_1753176260225_T_1_mask_aug3.png
13_aug4,0013_1753176260225_T_1.png,data/phantom_taobao/images_aug/0013_1753176260225_T_1_aug4.png,730303534330,1753176260225,4,50,8/10.0,4.0,528,557,72.34590065828846,phantom_taobao,1,positive,data/phantom_taobao/masks_aug/0013_1753176260225_T_1_mask_aug4.png
13_aug5,0013_1753176260225_T_1.png,data/phantom_taobao/images_aug/0013_1753176260225_T_1_aug5.png,730303534330,1753176260225,4,50,8/10.0,4.0,528,557,72.34590065828846,phantom_taobao,1,positive,data/phantom_taobao/masks_aug/0013_1753176260225_T_1_mask_aug5.png
13_aug6,0013_1753176260225_T_1.png,data/phantom_taobao/images_aug/0013_1753176260225_T_1_aug6.png,730303534330,1753176260225,4,50,8/10.0,4.0,528,557,72.34590065828846,phantom_taobao,1,positive,data/phantom_taobao/masks_aug/0013_1753176260225_T_1_mask_aug6.png
13_aug7,0013_1753176260225_T_1.png,data/phantom_taobao/images_aug/0013_1753176260225_T_1_aug7.png,730303534330,1753176260225,4,50,8/10.0,4.0,528,557,72.34590065828846,phantom_taobao,1,positive,data/phantom_taobao/masks_aug/0013_1753176260225_T_1_mask_aug7.png
13_aug8,0013_1753176260225_T_1.png,data/phantom_taobao/images_aug/0013_1753176260225_T_1_aug8.png,730303534330,1753176260225,4,50,8/10.0,4.0,528,557,72.34590065828846,phantom_taobao,1,positive,data/phantom_taobao/masks_aug/0013_1753176260225_T_1_mask_aug8.png
13_aug9,0013_1753176260225_T_1.png,data/phantom_taobao/images_aug/0013_1753176260225_T_1_aug9.png,730303534330,1753176260225,4,50,8/10.0,4.0,528,557,72.34590065828846,phantom_taobao,1,positive,data/phantom_taobao/masks_aug/0013_1753176260225_T_1_mask_aug9.png
13_aug10,0013_1753176260225_T_1.png,data/phantom_taobao/images_aug/0013_1753176260225_T_1_aug10.png,730303534330,1753176260225,4,50,8/10.0,4.0,528,557,72.34590065828846,phantom_taobao,1,positive,data/phantom_taobao/masks_aug/0013_1753176260225_T_1_mask_aug10.png
13_aug11,0013_1753176260225_T_1.png,data/phantom_taobao/images_aug/0013_1753176260225_T_1_aug11.png,730303534330,1753176260225,4,50,8/10.0,4.0,528,557,72.34590065828846,phantom_taobao,1,positive,data/phantom_taobao/masks_aug/0013_1753176260225_T_1_mask_aug11.png
13_aug12,0013_1753176260225_T_1.png,data/phantom_taobao/images_aug/0013_1753176260225_T_1_aug12.png,730303534330,1753176260225,4,50,8/10.0,4.0,528,557,72.34590065828846,phantom_taobao,1,positive,data/phantom_taobao/masks_aug/0013_1753176260225_T_1_mask_aug12.png
13_aug13,0013_1753176260225_T_1.png,data/phantom_taobao/images_aug/0013_1753176260225_T_1_aug13.png,730303534330,1753176260225,4,50,8/10.0,4.0,528,557,72.34590065828846,phantom_taobao,1,positive,data/phantom_taobao/masks_aug/0013_1753176260225_T_1_mask_aug13.png
13_aug14,0013_1753176260225_T_1.png,data/phantom_taobao/images_aug/0013_1753176260225_T_1_aug14.png,730303534330,1753176260225,4,50,8/10.0,4.0,528,557,72.34590065828846,phantom_taobao,1,positive,data/phantom_taobao/masks_aug/0013_1753176260225_T_1_mask_aug14.png
14_aug0,0014_1753176269257_T_1.png,data/phantom_taobao/images_aug/0014_1753176269257_T_1_aug0.png,739313456870,1753176269257,4,50,8/10.0,4.0,528,557,72.34590065828846,phantom_taobao,1,positive,data/phantom_taobao/masks_aug/0014_1753176269257_T_1_mask_aug0.png
14_aug1,0014_1753176269257_T_1.png,data/phantom_taobao/images_aug/0014_1753176269257_T_1_aug1.png,739313456870,1753176269257,4,50,8/10.0,4.0,528,557,72.34590065828846,phantom_taobao,1,positive,data/phantom_taobao/masks_aug/0014_1753176269257_T_1_mask_aug1.png
14_aug2,0014_1753176269257_T_1.png,data/phantom_taobao/images_aug/0014_1753176269257_T_1_aug2.png,739313456870,1753176269257,4,50,8/10.0,4.0,528,557,72.34590065828846,phantom_taobao,1,positive,data/phantom_taobao/masks_aug/0014_1753176269257_T_1_mask_aug2.png
14_aug3,0014_1753176269257_T_1.png,data/phantom_taobao/images_aug/0014_1753176269257_T_1_aug3.png,739313456870,1753176269257,4,50,8/10.0,4.0,528,557,72.34590065828846,phantom_taobao,1,positive,data/phantom_taobao/masks_aug/0014_1753176269257_T_1_mask_aug3.png
14_aug4,0014_1753176269257_T_1.png,data/phantom_taobao/images_aug/0014_1753176269257_T_1_aug4.png,739313456870,1753176269257,4,50,8/10.0,4.0,528,557,72.34590065828846,phantom_taobao,1,positive,data/phantom_taobao/masks_aug/0014_1753176269257_T_1_mask_aug4.png
14_aug5,0014_1753176269257_T_1.png,data/phantom_taobao/images_aug/0014_1753176269257_T_1_aug5.png,739313456870,1753176269257,4,50,8/10.0,4.0,528,557,72.34590065828846,phantom_taobao,1,positive,data/phantom_taobao/masks_aug/0014_1753176269257_T_1_mask_aug5.png
14_aug6,0014_1753176269257_T_1.png,data/phantom_taobao/images_aug/0014_1753176269257_T_1_aug6.png,739313456870,1753176269257,4,50,8/10.0,4.0,528,557,72.34590065828846,phantom_taobao,1,positive,data/phantom_taobao/masks_aug/0014_1753176269257_T_1_mask_aug6.png
14_aug7,0014_1753176269257_T_1.png,data/phantom_taobao/images_aug/0014_1753176269257_T_1_aug7.png,739313456870,1753176269257,4,50,8/10.0,4.0,528,557,72.34590065828846,phantom_taobao,1,positive,data/phantom_taobao/masks_aug/0014_1753176269257_T_1_mask_aug7.png
14_aug8,0014_1753176269257_T_1.png,data/phantom_taobao/images_aug/0014_1753176269257_T_1_aug8.png,739313456870,1753176269257,4,50,8/10.0,4.0,528,557,72.34590065828846,phantom_taobao,1,positive,data/phantom_taobao/masks_aug/0014_1753176269257_T_1_mask_aug8.png
14_aug9,0014_1753176269257_T_1.png,data/phantom_taobao/images_aug/0014_1753176269257_T_1_aug9.png,739313456870,1753176269257,4,50,8/10.0,4.0,528,557,72.34590065828846,phantom_taobao,1,positive,data/phantom_taobao/masks_aug/0014_1753176269257_T_1_mask_aug9.png
14_aug10,0014_1753176269257_T_1.png,data/phantom_taobao/images_aug/0014_1753176269257_T_1_aug10.png,739313456870,1753176269257,4,50,8/10.0,4.0,528,557,72.34590065828846,phantom_taobao,1,positive,data/phantom_taobao/masks_aug/0014_1753176269257_T_1_mask_aug10.png
14_aug11,0014_1753176269257_T_1.png,data/phantom_taobao/images_aug/0014_1753176269257_T_1_aug11.png,739313456870,1753176269257,4,50,8/10.0,4.0,528,557,72.34590065828846,phantom_taobao,1,positive,data/phantom_taobao/masks_aug/0014_1753176269257_T_1_mask_aug11.png
14_aug12,0014_1753176269257_T_1.png,data/phantom_taobao/images_aug/0014_1753176269257_T_1_aug12.png,739313456870,1753176269257,4,50,8/10.0,4.0,528,557,72.34590065828846,phantom_taobao,1,positive,data/phantom_taobao/masks_aug/0014_1753176269257_T_1_mask_aug12.png
14_aug13,0014_1753176269257_T_1.png,data/phantom_taobao/images_aug/0014_1753176269257_T_1_aug13.png,739313456870,1753176269257,4,50,8/10.0,4.0,528,557,72.34590065828846,phantom_taobao,1,positive,data/phantom_taobao/masks_aug/0014_1753176269257_T_1_mask_aug13.png
14_aug14,0014_1753176269257_T_1.png,data/phantom_taobao/images_aug/0014_1753176269257_T_1_aug14.png,739313456870,1753176269257,4,50,8/10.0,4.0,528,557,72.34590065828846,phantom_taobao,1,positive,data/phantom_taobao/masks_aug/0014_1753176269257_T_1_mask_aug14.png
15_aug0,0015_1753176273782_T_1.png,data/phantom_taobao/images_aug/0015_1753176273782_T_1_aug0.png,743816926750,1753176273782,4,50,8/10.0,4.0,528,557,72.34590065828846,phantom_taobao,1,positive,data/phantom_taobao/masks_aug/0015_1753176273782_T_1_mask_aug0.png
15_aug1,0015_1753176273782_T_1.png,data/phantom_taobao/images_aug/0015_1753176273782_T_1_aug1.png,743816926750,1753176273782,4,50,8/10.0,4.0,528,557,72.34590065828846,phantom_taobao,1,positive,data/phantom_taobao/masks_aug/0015_1753176273782_T_1_mask_aug1.png
15_aug2,0015_1753176273782_T_1.png,data/phantom_taobao/images_aug/0015_1753176273782_T_1_aug2.png,743816926750,1753176273782,4,50,8/10.0,4.0,528,557,72.34590065828846,phantom_taobao,1,positive,data/phantom_taobao/masks_aug/0015_1753176273782_T_1_mask_aug2.png
15_aug3,0015_1753176273782_T_1.png,data/phantom_taobao/images_aug/0015_1753176273782_T_1_aug3.png,743816926750,1753176273782,4,50,8/10.0,4.0,528,557,72.34590065828846,phantom_taobao,1,positive,data/phantom_taobao/masks_aug/0015_1753176273782_T_1_mask_aug3.png
15_aug4,0015_1753176273782_T_1.png,data/phantom_taobao/images_aug/0015_1753176273782_T_1_aug4.png,743816926750,1753176273782,4,50,8/10.0,4.0,528,557,72.34590065828846,phantom_taobao,1,positive,data/phantom_taobao/masks_aug/0015_1753176273782_T_1_mask_aug4.png
15_aug5,0015_1753176273782_T_1.png,data/phantom_taobao/images_aug/0015_1753176273782_T_1_aug5.png,743816926750,1753176273782,4,50,8/10.0,4.0,528,557,72.34590065828846,phantom_taobao,1,positive,data/phantom_taobao/masks_aug/0015_1753176273782_T_1_mask_aug5.png
15_aug6,0015_1753176273782_T_1.png,data/phantom_taobao/images_aug/0015_1753176273782_T_1_aug6.png,743816926750,1753176273782,4,50,8/10.0,4.0,528,557,72.34590065828846,phantom_taobao,1,positive,data/phantom_taobao/masks_aug/0015_1753176273782_T_1_mask_aug6.png
15_aug7,0015_1753176273782_T_1.png,data/phantom_taobao/images_aug/0015_1753176273782_T_1_aug7.png,743816926750,1753176273782,4,50,8/10.0,4.0,528,557,72.34590065828846,phantom_taobao,1,positive,data/phantom_taobao/masks_aug/0015_1753176273782_T_1_mask_aug7.png
15_aug8,0015_1753176273782_T_1.png,data/phantom_taobao/images_aug/0015_1753176273782_T_1_aug8.png,743816926750,1753176273782,4,50,8/10.0,4.0,528,557,72.34590065828846,phantom_taobao,1,positive,data/phantom_taobao/masks_aug/0015_1753176273782_T_1_mask_aug8.png
15_aug9,0015_1753176273782_T_1.png,data/phantom_taobao/images_aug/0015_1753176273782_T_1_aug9.png,743816926750,1753176273782,4,50,8/10.0,4.0,528,557,72.34590065828846,phantom_taobao,1,positive,data/phantom_taobao/masks_aug/0015_1753176273782_T_1_mask_aug9.png
15_aug10,0015_1753176273782_T_1.png,data/phantom_taobao/images_aug/0015_1753176273782_T_1_aug10.png,743816926750,1753176273782,4,50,8/10.0,4.0,528,557,72.34590065828846,phantom_taobao,1,positive,data/phantom_taobao/masks_aug/0015_1753176273782_T_1_mask_aug10.png
15_aug11,0015_1753176273782_T_1.png,data/phantom_taobao/images_aug/0015_1753176273782_T_1_aug11.png,743816926750,1753176273782,4,50,8/10.0,4.0,528,557,72.34590065828846,phantom_taobao,1,positive,data/phantom_taobao/masks_aug/0015_1753176273782_T_1_mask_aug11.png
15_aug12,0015_1753176273782_T_1.png,data/phantom_taobao/images_aug/0015_1753176273782_T_1_aug12.png,743816926750,1753176273782,4,50,8/10.0,4.0,528,557,72.34590065828846,phantom_taobao,1,positive,data/phantom_taobao/masks_aug/0015_1753176273782_T_1_mask_aug12.png
15_aug13,0015_1753176273782_T_1.png,data/phantom_taobao/images_aug/0015_1753176273782_T_1_aug13.png,743816926750,1753176273782,4,50,8/10.0,4.0,528,557,72.34590065828846,phantom_taobao,1,positive,data/phantom_taobao/masks_aug/0015_1753176273782_T_1_mask_aug13.png
15_aug14,0015_1753176273782_T_1.png,data/phantom_taobao/images_aug/0015_1753176273782_T_1_aug14.png,743816926750,1753176273782,4,50,8/10.0,4.0,528,557,72.34590065828846,phantom_taobao,1,positive,data/phantom_taobao/masks_aug/0015_1753176273782_T_1_mask_aug14.png
16_aug0,0016_1753176278565_T_1.png,data/phantom_taobao/images_aug/0016_1753176278565_T_1_aug0.png,748647320620,1753176278565,4,50,8/10.0,4.0,528,557,72.34590065828846,phantom_taobao,1,positive,data/phantom_taobao/masks_aug/0016_1753176278565_T_1_mask_aug0.png
16_aug1,0016_1753176278565_T_1.png,data/phantom_taobao/images_aug/0016_1753176278565_T_1_aug1.png,748647320620,1753176278565,4,50,8/10.0,4.0,528,557,72.34590065828846,phantom_taobao,1,positive,data/phantom_taobao/masks_aug/0016_1753176278565_T_1_mask_aug1.png
16_aug2,0016_1753176278565_T_1.png,data/phantom_taobao/images_aug/0016_1753176278565_T_1_aug2.png,748647320620,1753176278565,4,50,8/10.0,4.0,528,557,72.34590065828846,phantom_taobao,1,positive,data/phantom_taobao/masks_aug/0016_1753176278565_T_1_mask_aug2.png
16_aug3,0016_1753176278565_T_1.png,data/phantom_taobao/images_aug/0016_1753176278565_T_1_aug3.png,748647320620,1753176278565,4,50,8/10.0,4.0,528,557,72.34590065828846,phantom_taobao,1,positive,data/phantom_taobao/masks_aug/0016_1753176278565_T_1_mask_aug3.png
16_aug4,0016_1753176278565_T_1.png,data/phantom_taobao/images_aug/0016_1753176278565_T_1_aug4.png,748647320620,1753176278565,4,50,8/10.0,4.0,528,557,72.34590065828846,phantom_taobao,1,positive,data/phantom_taobao/masks_aug/0016_1753176278565_T_1_mask_aug4.png
16_aug5,0016_1753176278565_T_1.png,data/phantom_taobao/images_aug/0016_1753176278565_T_1_aug5.png,748647320620,1753176278565,4,50,8/10.0,4.0,528,557,72.34590065828846,phantom_taobao,1,positive,data/phantom_taobao/masks_aug/0016_1753176278565_T_1_mask_aug5.png
16_aug6,0016_1753176278565_T_1.png,data/phantom_taobao/images_aug/0016_1753176278565_T_1_aug6.png,748647320620,1753176278565,4,50,8/10.0,4.0,528,557,72.34590065828846,phantom_taobao,1,positive,data/phantom_taobao/masks_aug/0016_1753176278565_T_1_mask_aug6.png
16_aug7,0016_1753176278565_T_1.png,data/phantom_taobao/images_aug/0016_1753176278565_T_1_aug7.png,748647320620,1753176278565,4,50,8/10.0,4.0,528,557,72.34590065828846,phantom_taobao,1,positive,data/phantom_taobao/masks_aug/0016_1753176278565_T_1_mask_aug7.png
16_aug8,0016_1753176278565_T_1.png,data/phantom_taobao/images_aug/0016_1753176278565_T_1_aug8.png,748647320620,1753176278565,4,50,8/10.0,4.0,528,557,72.34590065828846,phantom_taobao,1,positive,data/phantom_taobao/masks_aug/0016_1753176278565_T_1_mask_aug8.png
16_aug9,0016_1753176278565_T_1.png,data/phantom_taobao/images_aug/0016_1753176278565_T_1_aug9.png,748647320620,1753176278565,4,50,8/10.0,4.0,528,557,72.34590065828846,phantom_taobao,1,positive,data/phantom_taobao/masks_aug/0016_1753176278565_T_1_mask_aug9.png
16_aug10,0016_1753176278565_T_1.png,data/phantom_taobao/images_aug/0016_1753176278565_T_1_aug10.png,748647320620,1753176278565,4,50,8/10.0,4.0,528,557,72.34590065828846,phantom_taobao,1,positive,data/phantom_taobao/masks_aug/0016_1753176278565_T_1_mask_aug10.png
16_aug11,0016_1753176278565_T_1.png,data/phantom_taobao/images_aug/0016_1753176278565_T_1_aug11.png,748647320620,1753176278565,4,50,8/10.0,4.0,528,557,72.34590065828846,phantom_taobao,1,positive,data/phantom_taobao/masks_aug/0016_1753176278565_T_1_mask_aug11.png
16_aug12,0016_1753176278565_T_1.png,data/phantom_taobao/images_aug/0016_1753176278565_T_1_aug12.png,748647320620,1753176278565,4,50,8/10.0,4.0,528,557,72.34590065828846,phantom_taobao,1,positive,data/phantom_taobao/masks_aug/0016_1753176278565_T_1_mask_aug12.png
16_aug13,0016_1753176278565_T_1.png,data/phantom_taobao/images_aug/0016_1753176278565_T_1_aug13.png,748647320620,1753176278565,4,50,8/10.0,4.0,528,557,72.34590065828846,phantom_taobao,1,positive,data/phantom_taobao/masks_aug/0016_1753176278565_T_1_mask_aug13.png
16_aug14,0016_1753176278565_T_1.png,data/phantom_taobao/images_aug/0016_1753176278565_T_1_aug14.png,748647320620,1753176278565,4,50,8/10.0,4.0,528,557,72.34590065828846,phantom_taobao,1,positive,data/phantom_taobao/masks_aug/0016_1753176278565_T_1_mask_aug14.png
17_aug0,0017_1753176285630_T_1.png,data/phantom_taobao/images_aug/0017_1753176285630_T_1_aug0.png,755710479070,1753176285630,4,50,8/10.0,4.0,528,557,72.34590065828846,phantom_taobao,1,positive,data/phantom_taobao/masks_aug/0017_1753176285630_T_1_mask_aug0.png
17_aug1,0017_1753176285630_T_1.png,data/phantom_taobao/images_aug/0017_1753176285630_T_1_aug1.png,755710479070,1753176285630,4,50,8/10.0,4.0,528,557,72.34590065828846,phantom_taobao,1,positive,data/phantom_taobao/masks_aug/0017_1753176285630_T_1_mask_aug1.png
17_aug2,0017_1753176285630_T_1.png,data/phantom_taobao/images_aug/0017_1753176285630_T_1_aug2.png,755710479070,1753176285630,4,50,8/10.0,4.0,528,557,72.34590065828846,phantom_taobao,1,positive,data/phantom_taobao/masks_aug/0017_1753176285630_T_1_mask_aug2.png
17_aug3,0017_1753176285630_T_1.png,data/phantom_taobao/images_aug/0017_1753176285630_T_1_aug3.png,755710479070,1753176285630,4,50,8/10.0,4.0,528,557,72.34590065828846,phantom_taobao,1,positive,data/phantom_taobao/masks_aug/0017_1753176285630_T_1_mask_aug3.png
17_aug4,0017_1753176285630_T_1.png,data/phantom_taobao/images_aug/0017_1753176285630_T_1_aug4.png,755710479070,1753176285630,4,50,8/10.0,4.0,528,557,72.34590065828846,phantom_taobao,1,positive,data/phantom_taobao/masks_aug/0017_1753176285630_T_1_mask_aug4.png
17_aug5,0017_1753176285630_T_1.png,data/phantom_taobao/images_aug/0017_1753176285630_T_1_aug5.png,755710479070,1753176285630,4,50,8/10.0,4.0,528,557,72.34590065828846,phantom_taobao,1,positive,data/phantom_taobao/masks_aug/0017_1753176285630_T_1_mask_aug5.png
17_aug6,0017_1753176285630_T_1.png,data/phantom_taobao/images_aug/0017_1753176285630_T_1_aug6.png,755710479070,1753176285630,4,50,8/10.0,4.0,528,557,72.34590065828846,phantom_taobao,1,positive,data/phantom_taobao/masks_aug/0017_1753176285630_T_1_mask_aug6.png
17_aug7,0017_1753176285630_T_1.png,data/phantom_taobao/images_aug/0017_1753176285630_T_1_aug7.png,755710479070,1753176285630,4,50,8/10.0,4.0,528,557,72.34590065828846,phantom_taobao,1,positive,data/phantom_taobao/masks_aug/0017_1753176285630_T_1_mask_aug7.png
17_aug8,0017_1753176285630_T_1.png,data/phantom_taobao/images_aug/0017_1753176285630_T_1_aug8.png,755710479070,1753176285630,4,50,8/10.0,4.0,528,557,72.34590065828846,phantom_taobao,1,positive,data/phantom_taobao/masks_aug/0017_1753176285630_T_1_mask_aug8.png
17_aug9,0017_1753176285630_T_1.png,data/phantom_taobao/images_aug/0017_1753176285630_T_1_aug9.png,755710479070,1753176285630,4,50,8/10.0,4.0,528,557,72.34590065828846,phantom_taobao,1,positive,data/phantom_taobao/masks_aug/0017_1753176285630_T_1_mask_aug9.png
17_aug10,0017_1753176285630_T_1.png,data/phantom_taobao/images_aug/0017_1753176285630_T_1_aug10.png,755710479070,1753176285630,4,50,8/10.0,4.0,528,557,72.34590065828846,phantom_taobao,1,positive,data/phantom_taobao/masks_aug/0017_1753176285630_T_1_mask_aug10.png
17_aug11,0017_1753176285630_T_1.png,data/phantom_taobao/images_aug/0017_1753176285630_T_1_aug11.png,755710479070,1753176285630,4,50,8/10.0,4.0,528,557,72.34590065828846,phantom_taobao,1,positive,data/phantom_taobao/masks_aug/0017_1753176285630_T_1_mask_aug11.png
17_aug12,0017_1753176285630_T_1.png,data/phantom_taobao/images_aug/0017_1753176285630_T_1_aug12.png,755710479070,1753176285630,4,50,8/10.0,4.0,528,557,72.34590065828846,phantom_taobao,1,positive,data/phantom_taobao/masks_aug/0017_1753176285630_T_1_mask_aug12.png
17_aug13,0017_1753176285630_T_1.png,data/phantom_taobao/images_aug/0017_1753176285630_T_1_aug13.png,755710479070,1753176285630,4,50,8/10.0,4.0,528,557,72.34590065828846,phantom_taobao,1,positive,data/phantom_taobao/masks_aug/0017_1753176285630_T_1_mask_aug13.png
17_aug14,0017_1753176285630_T_1.png,data/phantom_taobao/images_aug/0017_1753176285630_T_1_aug14.png,755710479070,1753176285630,4,50,8/10.0,4.0,528,557,72.34590065828846,phantom_taobao,1,positive,data/phantom_taobao/masks_aug/0017_1753176285630_T_1_mask_aug14.png
18_aug0,0018_1753176292176_T_1.png,data/phantom_taobao/images_aug/0018_1753176292176_T_1_aug0.png,762232180150,1753176292176,4,50,8/10.0,4.0,528,557,72.34590065828846,phantom_taobao,1,positive,data/phantom_taobao/masks_aug/0018_1753176292176_T_1_mask_aug0.png
18_aug1,0018_1753176292176_T_1.png,data/phantom_taobao/images_aug/0018_1753176292176_T_1_aug1.png,762232180150,1753176292176,4,50,8/10.0,4.0,528,557,72.34590065828846,phantom_taobao,1,positive,data/phantom_taobao/masks_aug/0018_1753176292176_T_1_mask_aug1.png
18_aug2,0018_1753176292176_T_1.png,data/phantom_taobao/images_aug/0018_1753176292176_T_1_aug2.png,762232180150,1753176292176,4,50,8/10.0,4.0,528,557,72.34590065828846,phantom_taobao,1,positive,data/phantom_taobao/masks_aug/0018_1753176292176_T_1_mask_aug2.png
18_aug3,0018_1753176292176_T_1.png,data/phantom_taobao/images_aug/0018_1753176292176_T_1_aug3.png,762232180150,1753176292176,4,50,8/10.0,4.0,528,557,72.34590065828846,phantom_taobao,1,positive,data/phantom_taobao/masks_aug/0018_1753176292176_T_1_mask_aug3.png
18_aug4,0018_1753176292176_T_1.png,data/phantom_taobao/images_aug/0018_1753176292176_T_1_aug4.png,762232180150,1753176292176,4,50,8/10.0,4.0,528,557,72.34590065828846,phantom_taobao,1,positive,data/phantom_taobao/masks_aug/0018_1753176292176_T_1_mask_aug4.png
18_aug5,0018_1753176292176_T_1.png,data/phantom_taobao/images_aug/0018_1753176292176_T_1_aug5.png,762232180150,1753176292176,4,50,8/10.0,4.0,528,557,72.34590065828846,phantom_taobao,1,positive,data/phantom_taobao/masks_aug/0018_1753176292176_T_1_mask_aug5.png
18_aug6,0018_1753176292176_T_1.png,data/phantom_taobao/images_aug/0018_1753176292176_T_1_aug6.png,762232180150,1753176292176,4,50,8/10.0,4.0,528,557,72.34590065828846,phantom_taobao,1,positive,data/phantom_taobao/masks_aug/0018_1753176292176_T_1_mask_aug6.png
18_aug7,0018_1753176292176_T_1.png,data/phantom_taobao/images_aug/0018_1753176292176_T_1_aug7.png,762232180150,1753176292176,4,50,8/10.0,4.0,528,557,72.34590065828846,phantom_taobao,1,positive,data/phantom_taobao/masks_aug/0018_1753176292176_T_1_mask_aug7.png
18_aug8,0018_1753176292176_T_1.png,data/phantom_taobao/images_aug/0018_1753176292176_T_1_aug8.png,762232180150,1753176292176,4,50,8/10.0,4.0,528,557,72.34590065828846,phantom_taobao,1,positive,data/phantom_taobao/masks_aug/0018_1753176292176_T_1_mask_aug8.png
18_aug9,0018_1753176292176_T_1.png,data/phantom_taobao/images_aug/0018_1753176292176_T_1_aug9.png,762232180150,1753176292176,4,50,8/10.0,4.0,528,557,72.34590065828846,phantom_taobao,1,positive,data/phantom_taobao/masks_aug/0018_1753176292176_T_1_mask_aug9.png
18_aug10,0018_1753176292176_T_1.png,data/phantom_taobao/images_aug/0018_1753176292176_T_1_aug10.png,762232180150,1753176292176,4,50,8/10.0,4.0,528,557,72.34590065828846,phantom_taobao,1,positive,data/phantom_taobao/masks_aug/0018_1753176292176_T_1_mask_aug10.png
18_aug11,0018_1753176292176_T_1.png,data/phantom_taobao/images_aug/0018_1753176292176_T_1_aug11.png,762232180150,1753176292176,4,50,8/10.0,4.0,528,557,72.34590065828846,phantom_taobao,1,positive,data/phantom_taobao/masks_aug/0018_1753176292176_T_1_mask_aug11.png
18_aug12,0018_1753176292176_T_1.png,data/phantom_taobao/images_aug/0018_1753176292176_T_1_aug12.png,762232180150,1753176292176,4,50,8/10.0,4.0,528,557,72.34590065828846,phantom_taobao,1,positive,data/phantom_taobao/masks_aug/0018_1753176292176_T_1_mask_aug12.png
18_aug13,0018_1753176292176_T_1.png,data/phantom_taobao/images_aug/0018_1753176292176_T_1_aug13.png,762232180150,1753176292176,4,50,8/10.0,4.0,528,557,72.34590065828846,phantom_taobao,1,positive,data/phantom_taobao/masks_aug/0018_1753176292176_T_1_mask_aug13.png
18_aug14,0018_1753176292176_T_1.png,data/phantom_taobao/images_aug/0018_1753176292176_T_1_aug14.png,762232180150,1753176292176,4,50,8/10.0,4.0,528,557,72.34590065828846,phantom_taobao,1,positive,data/phantom_taobao/masks_aug/0018_1753176292176_T_1_mask_aug14.png
19_aug0,0019_1753176295188_T_1.png,data/phantom_taobao/images_aug/0019_1753176295188_T_1_aug0.png,765272847230,1753176295188,4,50,8/10.0,4.0,528,557,72.34590065828846,phantom_taobao,1,positive,data/phantom_taobao/masks_aug/0019_1753176295188_T_1_mask_aug0.png
19_aug1,0019_1753176295188_T_1.png,data/phantom_taobao/images_aug/0019_1753176295188_T_1_aug1.png,765272847230,1753176295188,4,50,8/10.0,4.0,528,557,72.34590065828846,phantom_taobao,1,positive,data/phantom_taobao/masks_aug/0019_1753176295188_T_1_mask_aug1.png
19_aug2,0019_1753176295188_T_1.png,data/phantom_taobao/images_aug/0019_1753176295188_T_1_aug2.png,765272847230,1753176295188,4,50,8/10.0,4.0,528,557,72.34590065828846,phantom_taobao,1,positive,data/phantom_taobao/masks_aug/0019_1753176295188_T_1_mask_aug2.png
19_aug3,0019_1753176295188_T_1.png,data/phantom_taobao/images_aug/0019_1753176295188_T_1_aug3.png,765272847230,1753176295188,4,50,8/10.0,4.0,528,557,72.34590065828846,phantom_taobao,1,positive,data/phantom_taobao/masks_aug/0019_1753176295188_T_1_mask_aug3.png
19_aug4,0019_1753176295188_T_1.png,data/phantom_taobao/images_aug/0019_1753176295188_T_1_aug4.png,765272847230,1753176295188,4,50,8/10.0,4.0,528,557,72.34590065828846,phantom_taobao,1,positive,data/phantom_taobao/masks_aug/0019_1753176295188_T_1_mask_aug4.png
19_aug5,0019_1753176295188_T_1.png,data/phantom_taobao/images_aug/0019_1753176295188_T_1_aug5.png,765272847230,1753176295188,4,50,8/10.0,4.0,528,557,72.34590065828846,phantom_taobao,1,positive,data/phantom_taobao/masks_aug/0019_1753176295188_T_1_mask_aug5.png
19_aug6,0019_1753176295188_T_1.png,data/phantom_taobao/images_aug/0019_1753176295188_T_1_aug6.png,765272847230,1753176295188,4,50,8/10.0,4.0,528,557,72.34590065828846,phantom_taobao,1,positive,data/phantom_taobao/masks_aug/0019_1753176295188_T_1_mask_aug6.png
19_aug7,0019_1753176295188_T_1.png,data/phantom_taobao/images_aug/0019_1753176295188_T_1_aug7.png,765272847230,1753176295188,4,50,8/10.0,4.0,528,557,72.34590065828846,phantom_taobao,1,positive,data/phantom_taobao/masks_aug/0019_1753176295188_T_1_mask_aug7.png
19_aug8,0019_1753176295188_T_1.png,data/phantom_taobao/images_aug/0019_1753176295188_T_1_aug8.png,765272847230,1753176295188,4,50,8/10.0,4.0,528,557,72.34590065828846,phantom_taobao,1,positive,data/phantom_taobao/masks_aug/0019_1753176295188_T_1_mask_aug8.png
19_aug9,0019_1753176295188_T_1.png,data/phantom_taobao/images_aug/0019_1753176295188_T_1_aug9.png,765272847230,1753176295188,4,50,8/10.0,4.0,528,557,72.34590065828846,phantom_taobao,1,positive,data/phantom_taobao/masks_aug/0019_1753176295188_T_1_mask_aug9.png
19_aug10,0019_1753176295188_T_1.png,data/phantom_taobao/images_aug/0019_1753176295188_T_1_aug10.png,765272847230,1753176295188,4,50,8/10.0,4.0,528,557,72.34590065828846,phantom_taobao,1,positive,data/phantom_taobao/masks_aug/0019_1753176295188_T_1_mask_aug10.png
19_aug11,0019_1753176295188_T_1.png,data/phantom_taobao/images_aug/0019_1753176295188_T_1_aug11.png,765272847230,1753176295188,4,50,8/10.0,4.0,528,557,72.34590065828846,phantom_taobao,1,positive,data/phantom_taobao/masks_aug/0019_1753176295188_T_1_mask_aug11.png
19_aug12,0019_1753176295188_T_1.png,data/phantom_taobao/images_aug/0019_1753176295188_T_1_aug12.png,765272847230,1753176295188,4,50,8/10.0,4.0,528,557,72.34590065828846,phantom_taobao,1,positive,data/phantom_taobao/masks_aug/0019_1753176295188_T_1_mask_aug12.png
19_aug13,0019_1753176295188_T_1.png,data/phantom_taobao/images_aug/0019_1753176295188_T_1_aug13.png,765272847230,1753176295188,4,50,8/10.0,4.0,528,557,72.34590065828846,phantom_taobao,1,positive,data/phantom_taobao/masks_aug/0019_1753176295188_T_1_mask_aug13.png
19_aug14,0019_1753176295188_T_1.png,data/phantom_taobao/images_aug/0019_1753176295188_T_1_aug14.png,765272847230,1753176295188,4,50,8/10.0,4.0,528,557,72.34590065828846,phantom_taobao,1,positive,data/phantom_taobao/masks_aug/0019_1753176295188_T_1_mask_aug14.png
20_aug0,0020_1753176301274_T_1.png,data/phantom_taobao/images_aug/0020_1753176301274_T_1_aug0.png,771354265950,1753176301274,4,50,8/10.0,4.0,528,557,72.34590065828846,phantom_taobao,1,positive,data/phantom_taobao/masks_aug/0020_1753176301274_T_1_mask_aug0.png
20_aug1,0020_1753176301274_T_1.png,data/phantom_taobao/images_aug/0020_1753176301274_T_1_aug1.png,771354265950,1753176301274,4,50,8/10.0,4.0,528,557,72.34590065828846,phantom_taobao,1,positive,data/phantom_taobao/masks_aug/0020_1753176301274_T_1_mask_aug1.png
20_aug2,0020_1753176301274_T_1.png,data/phantom_taobao/images_aug/0020_1753176301274_T_1_aug2.png,771354265950,1753176301274,4,50,8/10.0,4.0,528,557,72.34590065828846,phantom_taobao,1,positive,data/phantom_taobao/masks_aug/0020_1753176301274_T_1_mask_aug2.png
20_aug3,0020_1753176301274_T_1.png,data/phantom_taobao/images_aug/0020_1753176301274_T_1_aug3.png,771354265950,1753176301274,4,50,8/10.0,4.0,528,557,72.34590065828846,phantom_taobao,1,positive,data/phantom_taobao/masks_aug/0020_1753176301274_T_1_mask_aug3.png
20_aug4,0020_1753176301274_T_1.png,data/phantom_taobao/images_aug/0020_1753176301274_T_1_aug4.png,771354265950,1753176301274,4,50,8/10.0,4.0,528,557,72.34590065828846,phantom_taobao,1,positive,data/phantom_taobao/masks_aug/0020_1753176301274_T_1_mask_aug4.png
20_aug5,0020_1753176301274_T_1.png,data/phantom_taobao/images_aug/0020_1753176301274_T_1_aug5.png,771354265950,1753176301274,4,50,8/10.0,4.0,528,557,72.34590065828846,phantom_taobao,1,positive,data/phantom_taobao/masks_aug/0020_1753176301274_T_1_mask_aug5.png
20_aug6,0020_1753176301274_T_1.png,data/phantom_taobao/images_aug/0020_1753176301274_T_1_aug6.png,771354265950,1753176301274,4,50,8/10.0,4.0,528,557,72.34590065828846,phantom_taobao,1,positive,data/phantom_taobao/masks_aug/0020_1753176301274_T_1_mask_aug6.png
20_aug7,0020_1753176301274_T_1.png,data/phantom_taobao/images_aug/0020_1753176301274_T_1_aug7.png,771354265950,1753176301274,4,50,8/10.0,4.0,528,557,72.34590065828846,phantom_taobao,1,positive,data/phantom_taobao/masks_aug/0020_1753176301274_T_1_mask_aug7.png
20_aug8,0020_1753176301274_T_1.png,data/phantom_taobao/images_aug/0020_1753176301274_T_1_aug8.png,771354265950,1753176301274,4,50,8/10.0,4.0,528,557,72.34590065828846,phantom_taobao,1,positive,data/phantom_taobao/masks_aug/0020_1753176301274_T_1_mask_aug8.png
20_aug9,0020_1753176301274_T_1.png,data/phantom_taobao/images_aug/0020_1753176301274_T_1_aug9.png,771354265950,1753176301274,4,50,8/10.0,4.0,528,557,72.34590065828846,phantom_taobao,1,positive,data/phantom_taobao/masks_aug/0020_1753176301274_T_1_mask_aug9.png
20_aug10,0020_1753176301274_T_1.png,data/phantom_taobao/images_aug/0020_1753176301274_T_1_aug10.png,771354265950,1753176301274,4,50,8/10.0,4.0,528,557,72.34590065828846,phantom_taobao,1,positive,data/phantom_taobao/masks_aug/0020_1753176301274_T_1_mask_aug10.png
20_aug11,0020_1753176301274_T_1.png,data/phantom_taobao/images_aug/0020_1753176301274_T_1_aug11.png,771354265950,1753176301274,4,50,8/10.0,4.0,528,557,72.34590065828846,phantom_taobao,1,positive,data/phantom_taobao/masks_aug/0020_1753176301274_T_1_mask_aug11.png
20_aug12,0020_1753176301274_T_1.png,data/phantom_taobao/images_aug/0020_1753176301274_T_1_aug12.png,771354265950,1753176301274,4,50,8/10.0,4.0,528,557,72.34590065828846,phantom_taobao,1,positive,data/phantom_taobao/masks_aug/0020_1753176301274_T_1_mask_aug12.png
20_aug13,0020_1753176301274_T_1.png,data/phantom_taobao/images_aug/0020_1753176301274_T_1_aug13.png,771354265950,1753176301274,4,50,8/10.0,4.0,528,557,72.34590065828846,phantom_taobao,1,positive,data/phantom_taobao/masks_aug/0020_1753176301274_T_1_mask_aug13.png
20_aug14,0020_1753176301274_T_1.png,data/phantom_taobao/images_aug/0020_1753176301274_T_1_aug14.png,771354265950,1753176301274,4,50,8/10.0,4.0,528,557,72.34590065828846,phantom_taobao,1,positive,data/phantom_taobao/masks_aug/0020_1753176301274_T_1_mask_aug14.png
21_aug0,0021_1753176304755_T_1.png,data/phantom_taobao/images_aug/0021_1753176304755_T_1_aug0.png,774826544660,1753176304755,4,50,8/10.0,4.0,528,557,72.34590065828846,phantom_taobao,1,positive,data/phantom_taobao/masks_aug/0021_1753176304755_T_1_mask_aug0.png
21_aug1,0021_1753176304755_T_1.png,data/phantom_taobao/images_aug/0021_1753176304755_T_1_aug1.png,774826544660,1753176304755,4,50,8/10.0,4.0,528,557,72.34590065828846,phantom_taobao,1,positive,data/phantom_taobao/masks_aug/0021_1753176304755_T_1_mask_aug1.png
21_aug2,0021_1753176304755_T_1.png,data/phantom_taobao/images_aug/0021_1753176304755_T_1_aug2.png,774826544660,1753176304755,4,50,8/10.0,4.0,528,557,72.34590065828846,phantom_taobao,1,positive,data/phantom_taobao/masks_aug/0021_1753176304755_T_1_mask_aug2.png
21_aug3,0021_1753176304755_T_1.png,data/phantom_taobao/images_aug/0021_1753176304755_T_1_aug3.png,774826544660,1753176304755,4,50,8/10.0,4.0,528,557,72.34590065828846,phantom_taobao,1,positive,data/phantom_taobao/masks_aug/0021_1753176304755_T_1_mask_aug3.png
21_aug4,0021_1753176304755_T_1.png,data/phantom_taobao/images_aug/0021_1753176304755_T_1_aug4.png,774826544660,1753176304755,4,50,8/10.0,4.0,528,557,72.34590065828846,phantom_taobao,1,positive,data/phantom_taobao/masks_aug/0021_1753176304755_T_1_mask_aug4.png
21_aug5,0021_1753176304755_T_1.png,data/phantom_taobao/images_aug/0021_1753176304755_T_1_aug5.png,774826544660,1753176304755,4,50,8/10.0,4.0,528,557,72.34590065828846,phantom_taobao,1,positive,data/phantom_taobao/masks_aug/0021_1753176304755_T_1_mask_aug5.png
21_aug6,0021_1753176304755_T_1.png,data/phantom_taobao/images_aug/0021_1753176304755_T_1_aug6.png,774826544660,1753176304755,4,50,8/10.0,4.0,528,557,72.34590065828846,phantom_taobao,1,positive,data/phantom_taobao/masks_aug/0021_1753176304755_T_1_mask_aug6.png
21_aug7,0021_1753176304755_T_1.png,data/phantom_taobao/images_aug/0021_1753176304755_T_1_aug7.png,774826544660,1753176304755,4,50,8/10.0,4.0,528,557,72.34590065828846,phantom_taobao,1,positive,data/phantom_taobao/masks_aug/0021_1753176304755_T_1_mask_aug7.png
21_aug8,0021_1753176304755_T_1.png,data/phantom_taobao/images_aug/0021_1753176304755_T_1_aug8.png,774826544660,1753176304755,4,50,8/10.0,4.0,528,557,72.34590065828846,phantom_taobao,1,positive,data/phantom_taobao/masks_aug/0021_1753176304755_T_1_mask_aug8.png
21_aug9,0021_1753176304755_T_1.png,data/phantom_taobao/images_aug/0021_1753176304755_T_1_aug9.png,774826544660,1753176304755,4,50,8/10.0,4.0,528,557,72.34590065828846,phantom_taobao,1,positive,data/phantom_taobao/masks_aug/0021_1753176304755_T_1_mask_aug9.png
21_aug10,0021_1753176304755_T_1.png,data/phantom_taobao/images_aug/0021_1753176304755_T_1_aug10.png,774826544660,1753176304755,4,50,8/10.0,4.0,528,557,72.34590065828846,phantom_taobao,1,positive,data/phantom_taobao/masks_aug/0021_1753176304755_T_1_mask_aug10.png
21_aug11,0021_1753176304755_T_1.png,data/phantom_taobao/images_aug/0021_1753176304755_T_1_aug11.png,774826544660,1753176304755,4,50,8/10.0,4.0,528,557,72.34590065828846,phantom_taobao,1,positive,data/phantom_taobao/masks_aug/0021_1753176304755_T_1_mask_aug11.png
21_aug12,0021_1753176304755_T_1.png,data/phantom_taobao/images_aug/0021_1753176304755_T_1_aug12.png,774826544660,1753176304755,4,50,8/10.0,4.0,528,557,72.34590065828846,phantom_taobao,1,positive,data/phantom_taobao/masks_aug/0021_1753176304755_T_1_mask_aug12.png
21_aug13,0021_1753176304755_T_1.png,data/phantom_taobao/images_aug/0021_1753176304755_T_1_aug13.png,774826544660,1753176304755,4,50,8/10.0,4.0,528,557,72.34590065828846,phantom_taobao,1,positive,data/phantom_taobao/masks_aug/0021_1753176304755_T_1_mask_aug13.png
21_aug14,0021_1753176304755_T_1.png,data/phantom_taobao/images_aug/0021_1753176304755_T_1_aug14.png,774826544660,1753176304755,4,50,8/10.0,4.0,528,557,72.34590065828846,phantom_taobao,1,positive,data/phantom_taobao/masks_aug/0021_1753176304755_T_1_mask_aug14.png
22_aug0,0022_1753176309746_T_1.png,data/phantom_taobao/images_aug/0022_1753176309746_T_1_aug0.png,779817503960,1753176309746,4,50,8/10.0,4.0,528,557,72.34590065828846,phantom_taobao,1,positive,data/phantom_taobao/masks_aug/0022_1753176309746_T_1_mask_aug0.png
22_aug1,0022_1753176309746_T_1.png,data/phantom_taobao/images_aug/0022_1753176309746_T_1_aug1.png,779817503960,1753176309746,4,50,8/10.0,4.0,528,557,72.34590065828846,phantom_taobao,1,positive,data/phantom_taobao/masks_aug/0022_1753176309746_T_1_mask_aug1.png
22_aug2,0022_1753176309746_T_1.png,data/phantom_taobao/images_aug/0022_1753176309746_T_1_aug2.png,779817503960,1753176309746,4,50,8/10.0,4.0,528,557,72.34590065828846,phantom_taobao,1,positive,data/phantom_taobao/masks_aug/0022_1753176309746_T_1_mask_aug2.png
22_aug3,0022_1753176309746_T_1.png,data/phantom_taobao/images_aug/0022_1753176309746_T_1_aug3.png,779817503960,1753176309746,4,50,8/10.0,4.0,528,557,72.34590065828846,phantom_taobao,1,positive,data/phantom_taobao/masks_aug/0022_1753176309746_T_1_mask_aug3.png
22_aug4,0022_1753176309746_T_1.png,data/phantom_taobao/images_aug/0022_1753176309746_T_1_aug4.png,779817503960,1753176309746,4,50,8/10.0,4.0,528,557,72.34590065828846,phantom_taobao,1,positive,data/phantom_taobao/masks_aug/0022_1753176309746_T_1_mask_aug4.png
22_aug5,0022_1753176309746_T_1.png,data/phantom_taobao/images_aug/0022_1753176309746_T_1_aug5.png,779817503960,1753176309746,4,50,8/10.0,4.0,528,557,72.34590065828846,phantom_taobao,1,positive,data/phantom_taobao/masks_aug/0022_1753176309746_T_1_mask_aug5.png
22_aug6,0022_1753176309746_T_1.png,data/phantom_taobao/images_aug/0022_1753176309746_T_1_aug6.png,779817503960,1753176309746,4,50,8/10.0,4.0,528,557,72.34590065828846,phantom_taobao,1,positive,data/phantom_taobao/masks_aug/0022_1753176309746_T_1_mask_aug6.png
22_aug7,0022_1753176309746_T_1.png,data/phantom_taobao/images_aug/0022_1753176309746_T_1_aug7.png,779817503960,1753176309746,4,50,8/10.0,4.0,528,557,72.34590065828846,phantom_taobao,1,positive,data/phantom_taobao/masks_aug/0022_1753176309746_T_1_mask_aug7.png
22_aug8,0022_1753176309746_T_1.png,data/phantom_taobao/images_aug/0022_1753176309746_T_1_aug8.png,779817503960,1753176309746,4,50,8/10.0,4.0,528,557,72.34590065828846,phantom_taobao,1,positive,data/phantom_taobao/masks_aug/0022_1753176309746_T_1_mask_aug8.png
22_aug9,0022_1753176309746_T_1.png,data/phantom_taobao/images_aug/0022_1753176309746_T_1_aug9.png,779817503960,1753176309746,4,50,8/10.0,4.0,528,557,72.34590065828846,phantom_taobao,1,positive,data/phantom_taobao/masks_aug/0022_1753176309746_T_1_mask_aug9.png
22_aug10,0022_1753176309746_T_1.png,data/phantom_taobao/images_aug/0022_1753176309746_T_1_aug10.png,779817503960,1753176309746,4,50,8/10.0,4.0,528,557,72.34590065828846,phantom_taobao,1,positive,data/phantom_taobao/masks_aug/0022_1753176309746_T_1_mask_aug10.png
22_aug11,0022_1753176309746_T_1.png,data/phantom_taobao/images_aug/0022_1753176309746_T_1_aug11.png,779817503960,1753176309746,4,50,8/10.0,4.0,528,557,72.34590065828846,phantom_taobao,1,positive,data/phantom_taobao/masks_aug/0022_1753176309746_T_1_mask_aug11.png
22_aug12,0022_1753176309746_T_1.png,data/phantom_taobao/images_aug/0022_1753176309746_T_1_aug12.png,779817503960,1753176309746,4,50,8/10.0,4.0,528,557,72.34590065828846,phantom_taobao,1,positive,data/phantom_taobao/masks_aug/0022_1753176309746_T_1_mask_aug12.png
22_aug13,0022_1753176309746_T_1.png,data/phantom_taobao/images_aug/0022_1753176309746_T_1_aug13.png,779817503960,1753176309746,4,50,8/10.0,4.0,528,557,72.34590065828846,phantom_taobao,1,positive,data/phantom_taobao/masks_aug/0022_1753176309746_T_1_mask_aug13.png
22_aug14,0022_1753176309746_T_1.png,data/phantom_taobao/images_aug/0022_1753176309746_T_1_aug14.png,779817503960,1753176309746,4,50,8/10.0,4.0,528,557,72.34590065828846,phantom_taobao,1,positive,data/phantom_taobao/masks_aug/0022_1753176309746_T_1_mask_aug14.png
23_aug0,0023_1753176313451_T_1.png,data/phantom_taobao/images_aug/0023_1753176313451_T_1_aug0.png,783508875480,1753176313451,4,50,8/10.0,4.0,528,557,72.34590065828846,phantom_taobao,1,positive,data/phantom_taobao/masks_aug/0023_1753176313451_T_1_mask_aug0.png
23_aug1,0023_1753176313451_T_1.png,data/phantom_taobao/images_aug/0023_1753176313451_T_1_aug1.png,783508875480,1753176313451,4,50,8/10.0,4.0,528,557,72.34590065828846,phantom_taobao,1,positive,data/phantom_taobao/masks_aug/0023_1753176313451_T_1_mask_aug1.png
23_aug2,0023_1753176313451_T_1.png,data/phantom_taobao/images_aug/0023_1753176313451_T_1_aug2.png,783508875480,1753176313451,4,50,8/10.0,4.0,528,557,72.34590065828846,phantom_taobao,1,positive,data/phantom_taobao/masks_aug/0023_1753176313451_T_1_mask_aug2.png
23_aug3,0023_1753176313451_T_1.png,data/phantom_taobao/images_aug/0023_1753176313451_T_1_aug3.png,783508875480,1753176313451,4,50,8/10.0,4.0,528,557,72.34590065828846,phantom_taobao,1,positive,data/phantom_taobao/masks_aug/0023_1753176313451_T_1_mask_aug3.png
23_aug4,0023_1753176313451_T_1.png,data/phantom_taobao/images_aug/0023_1753176313451_T_1_aug4.png,783508875480,1753176313451,4,50,8/10.0,4.0,528,557,72.34590065828846,phantom_taobao,1,positive,data/phantom_taobao/masks_aug/0023_1753176313451_T_1_mask_aug4.png
23_aug5,0023_1753176313451_T_1.png,data/phantom_taobao/images_aug/0023_1753176313451_T_1_aug5.png,783508875480,1753176313451,4,50,8/10.0,4.0,528,557,72.34590065828846,phantom_taobao,1,positive,data/phantom_taobao/masks_aug/0023_1753176313451_T_1_mask_aug5.png
23_aug6,0023_1753176313451_T_1.png,data/phantom_taobao/images_aug/0023_1753176313451_T_1_aug6.png,783508875480,1753176313451,4,50,8/10.0,4.0,528,557,72.34590065828846,phantom_taobao,1,positive,data/phantom_taobao/masks_aug/0023_1753176313451_T_1_mask_aug6.png
23_aug7,0023_1753176313451_T_1.png,data/phantom_taobao/images_aug/0023_1753176313451_T_1_aug7.png,783508875480,1753176313451,4,50,8/10.0,4.0,528,557,72.34590065828846,phantom_taobao,1,positive,data/phantom_taobao/masks_aug/0023_1753176313451_T_1_mask_aug7.png
23_aug8,0023_1753176313451_T_1.png,data/phantom_taobao/images_aug/0023_1753176313451_T_1_aug8.png,783508875480,1753176313451,4,50,8/10.0,4.0,528,557,72.34590065828846,phantom_taobao,1,positive,data/phantom_taobao/masks_aug/0023_1753176313451_T_1_mask_aug8.png
23_aug9,0023_1753176313451_T_1.png,data/phantom_taobao/images_aug/0023_1753176313451_T_1_aug9.png,783508875480,1753176313451,4,50,8/10.0,4.0,528,557,72.34590065828846,phantom_taobao,1,positive,data/phantom_taobao/masks_aug/0023_1753176313451_T_1_mask_aug9.png
23_aug10,0023_1753176313451_T_1.png,data/phantom_taobao/images_aug/0023_1753176313451_T_1_aug10.png,783508875480,1753176313451,4,50,8/10.0,4.0,528,557,72.34590065828846,phantom_taobao,1,positive,data/phantom_taobao/masks_aug/0023_1753176313451_T_1_mask_aug10.png
23_aug11,0023_1753176313451_T_1.png,data/phantom_taobao/images_aug/0023_1753176313451_T_1_aug11.png,783508875480,1753176313451,4,50,8/10.0,4.0,528,557,72.34590065828846,phantom_taobao,1,positive,data/phantom_taobao/masks_aug/0023_1753176313451_T_1_mask_aug11.png
23_aug12,0023_1753176313451_T_1.png,data/phantom_taobao/images_aug/0023_1753176313451_T_1_aug12.png,783508875480,1753176313451,4,50,8/10.0,4.0,528,557,72.34590065828846,phantom_taobao,1,positive,data/phantom_taobao/masks_aug/0023_1753176313451_T_1_mask_aug12.png
23_aug13,0023_1753176313451_T_1.png,data/phantom_taobao/images_aug/0023_1753176313451_T_1_aug13.png,783508875480,1753176313451,4,50,8/10.0,4.0,528,557,72.34590065828846,phantom_taobao,1,positive,data/phantom_taobao/masks_aug/0023_1753176313451_T_1_mask_aug13.png
23_aug14,0023_1753176313451_T_1.png,data/phantom_taobao/images_aug/0023_1753176313451_T_1_aug14.png,783508875480,1753176313451,4,50,8/10.0,4.0,528,557,72.34590065828846,phantom_taobao,1,positive,data/phantom_taobao/masks_aug/0023_1753176313451_T_1_mask_aug14.png
24_aug0,0024_1753176316701_T_1.png,data/phantom_taobao/images_aug/0024_1753176316701_T_1_aug0.png,786766367910,1753176316701,4,50,8/10.0,4.0,528,557,72.34590065828846,phantom_taobao,1,positive,data/phantom_taobao/masks_aug/0024_1753176316701_T_1_mask_aug0.png
24_aug1,0024_1753176316701_T_1.png,data/phantom_taobao/images_aug/0024_1753176316701_T_1_aug1.png,786766367910,1753176316701,4,50,8/10.0,4.0,528,557,72.34590065828846,phantom_taobao,1,positive,data/phantom_taobao/masks_aug/0024_1753176316701_T_1_mask_aug1.png
24_aug2,0024_1753176316701_T_1.png,data/phantom_taobao/images_aug/0024_1753176316701_T_1_aug2.png,786766367910,1753176316701,4,50,8/10.0,4.0,528,557,72.34590065828846,phantom_taobao,1,positive,data/phantom_taobao/masks_aug/0024_1753176316701_T_1_mask_aug2.png
24_aug3,0024_1753176316701_T_1.png,data/phantom_taobao/images_aug/0024_1753176316701_T_1_aug3.png,786766367910,1753176316701,4,50,8/10.0,4.0,528,557,72.34590065828846,phantom_taobao,1,positive,data/phantom_taobao/masks_aug/0024_1753176316701_T_1_mask_aug3.png
24_aug4,0024_1753176316701_T_1.png,data/phantom_taobao/images_aug/0024_1753176316701_T_1_aug4.png,786766367910,1753176316701,4,50,8/10.0,4.0,528,557,72.34590065828846,phantom_taobao,1,positive,data/phantom_taobao/masks_aug/0024_1753176316701_T_1_mask_aug4.png
24_aug5,0024_1753176316701_T_1.png,data/phantom_taobao/images_aug/0024_1753176316701_T_1_aug5.png,786766367910,1753176316701,4,50,8/10.0,4.0,528,557,72.34590065828846,phantom_taobao,1,positive,data/phantom_taobao/masks_aug/0024_1753176316701_T_1_mask_aug5.png
24_aug6,0024_1753176316701_T_1.png,data/phantom_taobao/images_aug/0024_1753176316701_T_1_aug6.png,786766367910,1753176316701,4,50,8/10.0,4.0,528,557,72.34590065828846,phantom_taobao,1,positive,data/phantom_taobao/masks_aug/0024_1753176316701_T_1_mask_aug6.png
24_aug7,0024_1753176316701_T_1.png,data/phantom_taobao/images_aug/0024_1753176316701_T_1_aug7.png,786766367910,1753176316701,4,50,8/10.0,4.0,528,557,72.34590065828846,phantom_taobao,1,positive,data/phantom_taobao/masks_aug/0024_1753176316701_T_1_mask_aug7.png
24_aug8,0024_1753176316701_T_1.png,data/phantom_taobao/images_aug/0024_1753176316701_T_1_aug8.png,786766367910,1753176316701,4,50,8/10.0,4.0,528,557,72.34590065828846,phantom_taobao,1,positive,data/phantom_taobao/masks_aug/0024_1753176316701_T_1_mask_aug8.png
24_aug9,0024_1753176316701_T_1.png,data/phantom_taobao/images_aug/0024_1753176316701_T_1_aug9.png,786766367910,1753176316701,4,50,8/10.0,4.0,528,557,72.34590065828846,phantom_taobao,1,positive,data/phantom_taobao/masks_aug/0024_1753176316701_T_1_mask_aug9.png
24_aug10,0024_1753176316701_T_1.png,data/phantom_taobao/images_aug/0024_1753176316701_T_1_aug10.png,786766367910,1753176316701,4,50,8/10.0,4.0,528,557,72.34590065828846,phantom_taobao,1,positive,data/phantom_taobao/masks_aug/0024_1753176316701_T_1_mask_aug10.png
24_aug11,0024_1753176316701_T_1.png,data/phantom_taobao/images_aug/0024_1753176316701_T_1_aug11.png,786766367910,1753176316701,4,50,8/10.0,4.0,528,557,72.34590065828846,phantom_taobao,1,positive,data/phantom_taobao/masks_aug/0024_1753176316701_T_1_mask_aug11.png
24_aug12,0024_1753176316701_T_1.png,data/phantom_taobao/images_aug/0024_1753176316701_T_1_aug12.png,786766367910,1753176316701,4,50,8/10.0,4.0,528,557,72.34590065828846,phantom_taobao,1,positive,data/phantom_taobao/masks_aug/0024_1753176316701_T_1_mask_aug12.png
24_aug13,0024_1753176316701_T_1.png,data/phantom_taobao/images_aug/0024_1753176316701_T_1_aug13.png,786766367910,1753176316701,4,50,8/10.0,4.0,528,557,72.34590065828846,phantom_taobao,1,positive,data/phantom_taobao/masks_aug/0024_1753176316701_T_1_mask_aug13.png
24_aug14,0024_1753176316701_T_1.png,data/phantom_taobao/images_aug/0024_1753176316701_T_1_aug14.png,786766367910,1753176316701,4,50,8/10.0,4.0,528,557,72.34590065828846,phantom_taobao,1,positive,data/phantom_taobao/masks_aug/0024_1753176316701_T_1_mask_aug14.png
28_aug0,0028_1753176335418_T_1.png,data/phantom_taobao/images_aug/0028_1753176335418_T_1_aug0.png,805497769480,1753176335418,4,50,8/10.0,4.0,528,557,72.34590065828846,phantom_taobao,1,positive,data/phantom_taobao/masks_aug/0028_1753176335418_T_1_mask_aug0.png
28_aug1,0028_1753176335418_T_1.png,data/phantom_taobao/images_aug/0028_1753176335418_T_1_aug1.png,805497769480,1753176335418,4,50,8/10.0,4.0,528,557,72.34590065828846,phantom_taobao,1,positive,data/phantom_taobao/masks_aug/0028_1753176335418_T_1_mask_aug1.png
28_aug2,0028_1753176335418_T_1.png,data/phantom_taobao/images_aug/0028_1753176335418_T_1_aug2.png,805497769480,1753176335418,4,50,8/10.0,4.0,528,557,72.34590065828846,phantom_taobao,1,positive,data/phantom_taobao/masks_aug/0028_1753176335418_T_1_mask_aug2.png
28_aug3,0028_1753176335418_T_1.png,data/phantom_taobao/images_aug/0028_1753176335418_T_1_aug3.png,805497769480,1753176335418,4,50,8/10.0,4.0,528,557,72.34590065828846,phantom_taobao,1,positive,data/phantom_taobao/masks_aug/0028_1753176335418_T_1_mask_aug3.png
28_aug4,0028_1753176335418_T_1.png,data/phantom_taobao/images_aug/0028_1753176335418_T_1_aug4.png,805497769480,1753176335418,4,50,8/10.0,4.0,528,557,72.34590065828846,phantom_taobao,1,positive,data/phantom_taobao/masks_aug/0028_1753176335418_T_1_mask_aug4.png
28_aug5,0028_1753176335418_T_1.png,data/phantom_taobao/images_aug/0028_1753176335418_T_1_aug5.png,805497769480,1753176335418,4,50,8/10.0,4.0,528,557,72.34590065828846,phantom_taobao,1,positive,data/phantom_taobao/masks_aug/0028_1753176335418_T_1_mask_aug5.png
28_aug6,0028_1753176335418_T_1.png,data/phantom_taobao/images_aug/0028_1753176335418_T_1_aug6.png,805497769480,1753176335418,4,50,8/10.0,4.0,528,557,72.34590065828846,phantom_taobao,1,positive,data/phantom_taobao/masks_aug/0028_1753176335418_T_1_mask_aug6.png
28_aug7,0028_1753176335418_T_1.png,data/phantom_taobao/images_aug/0028_1753176335418_T_1_aug7.png,805497769480,1753176335418,4,50,8/10.0,4.0,528,557,72.34590065828846,phantom_taobao,1,positive,data/phantom_taobao/masks_aug/0028_1753176335418_T_1_mask_aug7.png
28_aug8,0028_1753176335418_T_1.png,data/phantom_taobao/images_aug/0028_1753176335418_T_1_aug8.png,805497769480,1753176335418,4,50,8/10.0,4.0,528,557,72.34590065828846,phantom_taobao,1,positive,data/phantom_taobao/masks_aug/0028_1753176335418_T_1_mask_aug8.png
28_aug9,0028_1753176335418_T_1.png,data/phantom_taobao/images_aug/0028_1753176335418_T_1_aug9.png,805497769480,1753176335418,4,50,8/10.0,4.0,528,557,72.34590065828846,phantom_taobao,1,positive,data/phantom_taobao/masks_aug/0028_1753176335418_T_1_mask_aug9.png
28_aug10,0028_1753176335418_T_1.png,data/phantom_taobao/images_aug/0028_1753176335418_T_1_aug10.png,805497769480,1753176335418,4,50,8/10.0,4.0,528,557,72.34590065828846,phantom_taobao,1,positive,data/phantom_taobao/masks_aug/0028_1753176335418_T_1_mask_aug10.png
28_aug11,0028_1753176335418_T_1.png,data/phantom_taobao/images_aug/0028_1753176335418_T_1_aug11.png,805497769480,1753176335418,4,50,8/10.0,4.0,528,557,72.34590065828846,phantom_taobao,1,positive,data/phantom_taobao/masks_aug/0028_1753176335418_T_1_mask_aug11.png
28_aug12,0028_1753176335418_T_1.png,data/phantom_taobao/images_aug/0028_1753176335418_T_1_aug12.png,805497769480,1753176335418,4,50,8/10.0,4.0,528,557,72.34590065828846,phantom_taobao,1,positive,data/phantom_taobao/masks_aug/0028_1753176335418_T_1_mask_aug12.png
28_aug13,0028_1753176335418_T_1.png,data/phantom_taobao/images_aug/0028_1753176335418_T_1_aug13.png,805497769480,1753176335418,4,50,8/10.0,4.0,528,557,72.34590065828846,phantom_taobao,1,positive,data/phantom_taobao/masks_aug/0028_1753176335418_T_1_mask_aug13.png
28_aug14,0028_1753176335418_T_1.png,data/phantom_taobao/images_aug/0028_1753176335418_T_1_aug14.png,805497769480,1753176335418,4,50,8/10.0,4.0,528,557,72.34590065828846,phantom_taobao,1,positive,data/phantom_taobao/masks_aug/0028_1753176335418_T_1_mask_aug14.png
29_aug0,0029_1753176338236_T_1.png,data/phantom_taobao/images_aug/0029_1753176338236_T_1_aug0.png,808320459980,1753176338236,4,50,8/10.0,4.0,528,557,72.34590065828846,phantom_taobao,1,positive,data/phantom_taobao/masks_aug/0029_1753176338236_T_1_mask_aug0.png
29_aug1,0029_1753176338236_T_1.png,data/phantom_taobao/images_aug/0029_1753176338236_T_1_aug1.png,808320459980,1753176338236,4,50,8/10.0,4.0,528,557,72.34590065828846,phantom_taobao,1,positive,data/phantom_taobao/masks_aug/0029_1753176338236_T_1_mask_aug1.png
29_aug2,0029_1753176338236_T_1.png,data/phantom_taobao/images_aug/0029_1753176338236_T_1_aug2.png,808320459980,1753176338236,4,50,8/10.0,4.0,528,557,72.34590065828846,phantom_taobao,1,positive,data/phantom_taobao/masks_aug/0029_1753176338236_T_1_mask_aug2.png
29_aug3,0029_1753176338236_T_1.png,data/phantom_taobao/images_aug/0029_1753176338236_T_1_aug3.png,808320459980,1753176338236,4,50,8/10.0,4.0,528,557,72.34590065828846,phantom_taobao,1,positive,data/phantom_taobao/masks_aug/0029_1753176338236_T_1_mask_aug3.png
29_aug4,0029_1753176338236_T_1.png,data/phantom_taobao/images_aug/0029_1753176338236_T_1_aug4.png,808320459980,1753176338236,4,50,8/10.0,4.0,528,557,72.34590065828846,phantom_taobao,1,positive,data/phantom_taobao/masks_aug/0029_1753176338236_T_1_mask_aug4.png
29_aug5,0029_1753176338236_T_1.png,data/phantom_taobao/images_aug/0029_1753176338236_T_1_aug5.png,808320459980,1753176338236,4,50,8/10.0,4.0,528,557,72.34590065828846,phantom_taobao,1,positive,data/phantom_taobao/masks_aug/0029_1753176338236_T_1_mask_aug5.png
29_aug6,0029_1753176338236_T_1.png,data/phantom_taobao/images_aug/0029_1753176338236_T_1_aug6.png,808320459980,1753176338236,4,50,8/10.0,4.0,528,557,72.34590065828846,phantom_taobao,1,positive,data/phantom_taobao/masks_aug/0029_1753176338236_T_1_mask_aug6.png
29_aug7,0029_1753176338236_T_1.png,data/phantom_taobao/images_aug/0029_1753176338236_T_1_aug7.png,808320459980,1753176338236,4,50,8/10.0,4.0,528,557,72.34590065828846,phantom_taobao,1,positive,data/phantom_taobao/masks_aug/0029_1753176338236_T_1_mask_aug7.png
29_aug8,0029_1753176338236_T_1.png,data/phantom_taobao/images_aug/0029_1753176338236_T_1_aug8.png,808320459980,1753176338236,4,50,8/10.0,4.0,528,557,72.34590065828846,phantom_taobao,1,positive,data/phantom_taobao/masks_aug/0029_1753176338236_T_1_mask_aug8.png
29_aug9,0029_1753176338236_T_1.png,data/phantom_taobao/images_aug/0029_1753176338236_T_1_aug9.png,808320459980,1753176338236,4,50,8/10.0,4.0,528,557,72.34590065828846,phantom_taobao,1,positive,data/phantom_taobao/masks_aug/0029_1753176338236_T_1_mask_aug9.png
29_aug10,0029_1753176338236_T_1.png,data/phantom_taobao/images_aug/0029_1753176338236_T_1_aug10.png,808320459980,1753176338236,4,50,8/10.0,4.0,528,557,72.34590065828846,phantom_taobao,1,positive,data/phantom_taobao/masks_aug/0029_1753176338236_T_1_mask_aug10.png
29_aug11,0029_1753176338236_T_1.png,data/phantom_taobao/images_aug/0029_1753176338236_T_1_aug11.png,808320459980,1753176338236,4,50,8/10.0,4.0,528,557,72.34590065828846,phantom_taobao,1,positive,data/phantom_taobao/masks_aug/0029_1753176338236_T_1_mask_aug11.png
29_aug12,0029_1753176338236_T_1.png,data/phantom_taobao/images_aug/0029_1753176338236_T_1_aug12.png,808320459980,1753176338236,4,50,8/10.0,4.0,528,557,72.34590065828846,phantom_taobao,1,positive,data/phantom_taobao/masks_aug/0029_1753176338236_T_1_mask_aug12.png
29_aug13,0029_1753176338236_T_1.png,data/phantom_taobao/images_aug/0029_1753176338236_T_1_aug13.png,808320459980,1753176338236,4,50,8/10.0,4.0,528,557,72.34590065828846,phantom_taobao,1,positive,data/phantom_taobao/masks_aug/0029_1753176338236_T_1_mask_aug13.png
29_aug14,0029_1753176338236_T_1.png,data/phantom_taobao/images_aug/0029_1753176338236_T_1_aug14.png,808320459980,1753176338236,4,50,8/10.0,4.0,528,557,72.34590065828846,phantom_taobao,1,positive,data/phantom_taobao/masks_aug/0029_1753176338236_T_1_mask_aug14.png
30_aug0,0030_1753176348426_T_1.png,data/phantom_taobao/images_aug/0030_1753176348426_T_1_aug0.png,818504345600,1753176348426,4,50,8/10.0,4.0,528,557,72.34590065828846,phantom_taobao,1,positive,data/phantom_taobao/masks_aug/0030_1753176348426_T_1_mask_aug0.png
30_aug1,0030_1753176348426_T_1.png,data/phantom_taobao/images_aug/0030_1753176348426_T_1_aug1.png,818504345600,1753176348426,4,50,8/10.0,4.0,528,557,72.34590065828846,phantom_taobao,1,positive,data/phantom_taobao/masks_aug/0030_1753176348426_T_1_mask_aug1.png
30_aug2,0030_1753176348426_T_1.png,data/phantom_taobao/images_aug/0030_1753176348426_T_1_aug2.png,818504345600,1753176348426,4,50,8/10.0,4.0,528,557,72.34590065828846,phantom_taobao,1,positive,data/phantom_taobao/masks_aug/0030_1753176348426_T_1_mask_aug2.png
30_aug3,0030_1753176348426_T_1.png,data/phantom_taobao/images_aug/0030_1753176348426_T_1_aug3.png,818504345600,1753176348426,4,50,8/10.0,4.0,528,557,72.34590065828846,phantom_taobao,1,positive,data/phantom_taobao/masks_aug/0030_1753176348426_T_1_mask_aug3.png
30_aug4,0030_1753176348426_T_1.png,data/phantom_taobao/images_aug/0030_1753176348426_T_1_aug4.png,818504345600,1753176348426,4,50,8/10.0,4.0,528,557,72.34590065828846,phantom_taobao,1,positive,data/phantom_taobao/masks_aug/0030_1753176348426_T_1_mask_aug4.png
30_aug5,0030_1753176348426_T_1.png,data/phantom_taobao/images_aug/0030_1753176348426_T_1_aug5.png,818504345600,1753176348426,4,50,8/10.0,4.0,528,557,72.34590065828846,phantom_taobao,1,positive,data/phantom_taobao/masks_aug/0030_1753176348426_T_1_mask_aug5.png
30_aug6,0030_1753176348426_T_1.png,data/phantom_taobao/images_aug/0030_1753176348426_T_1_aug6.png,818504345600,1753176348426,4,50,8/10.0,4.0,528,557,72.34590065828846,phantom_taobao,1,positive,data/phantom_taobao/masks_aug/0030_1753176348426_T_1_mask_aug6.png
30_aug7,0030_1753176348426_T_1.png,data/phantom_taobao/images_aug/0030_1753176348426_T_1_aug7.png,818504345600,1753176348426,4,50,8/10.0,4.0,528,557,72.34590065828846,phantom_taobao,1,positive,data/phantom_taobao/masks_aug/0030_1753176348426_T_1_mask_aug7.png
30_aug8,0030_1753176348426_T_1.png,data/phantom_taobao/images_aug/0030_1753176348426_T_1_aug8.png,818504345600,1753176348426,4,50,8/10.0,4.0,528,557,72.34590065828846,phantom_taobao,1,positive,data/phantom_taobao/masks_aug/0030_1753176348426_T_1_mask_aug8.png
30_aug9,0030_1753176348426_T_1.png,data/phantom_taobao/images_aug/0030_1753176348426_T_1_aug9.png,818504345600,1753176348426,4,50,8/10.0,4.0,528,557,72.34590065828846,phantom_taobao,1,positive,data/phantom_taobao/masks_aug/0030_1753176348426_T_1_mask_aug9.png
30_aug10,0030_1753176348426_T_1.png,data/phantom_taobao/images_aug/0030_1753176348426_T_1_aug10.png,818504345600,1753176348426,4,50,8/10.0,4.0,528,557,72.34590065828846,phantom_taobao,1,positive,data/phantom_taobao/masks_aug/0030_1753176348426_T_1_mask_aug10.png
30_aug11,0030_1753176348426_T_1.png,data/phantom_taobao/images_aug/0030_1753176348426_T_1_aug11.png,818504345600,1753176348426,4,50,8/10.0,4.0,528,557,72.34590065828846,phantom_taobao,1,positive,data/phantom_taobao/masks_aug/0030_1753176348426_T_1_mask_aug11.png
30_aug12,0030_1753176348426_T_1.png,data/phantom_taobao/images_aug/0030_1753176348426_T_1_aug12.png,818504345600,1753176348426,4,50,8/10.0,4.0,528,557,72.34590065828846,phantom_taobao,1,positive,data/phantom_taobao/masks_aug/0030_1753176348426_T_1_mask_aug12.png
30_aug13,0030_1753176348426_T_1.png,data/phantom_taobao/images_aug/0030_1753176348426_T_1_aug13.png,818504345600,1753176348426,4,50,8/10.0,4.0,528,557,72.34590065828846,phantom_taobao,1,positive,data/phantom_taobao/masks_aug/0030_1753176348426_T_1_mask_aug13.png
30_aug14,0030_1753176348426_T_1.png,data/phantom_taobao/images_aug/0030_1753176348426_T_1_aug14.png,818504345600,1753176348426,4,50,8/10.0,4.0,528,557,72.34590065828846,phantom_taobao,1,positive,data/phantom_taobao/masks_aug/0030_1753176348426_T_1_mask_aug14.png
31_aug0,0031_1753176351289_T_1.png,data/phantom_taobao/images_aug/0031_1753176351289_T_1_aug0.png,821364252810,1753176351289,4,50,8/10.0,4.0,528,557,72.34590065828846,phantom_taobao,1,positive,data/phantom_taobao/masks_aug/0031_1753176351289_T_1_mask_aug0.png
31_aug1,0031_1753176351289_T_1.png,data/phantom_taobao/images_aug/0031_1753176351289_T_1_aug1.png,821364252810,1753176351289,4,50,8/10.0,4.0,528,557,72.34590065828846,phantom_taobao,1,positive,data/phantom_taobao/masks_aug/0031_1753176351289_T_1_mask_aug1.png
31_aug2,0031_1753176351289_T_1.png,data/phantom_taobao/images_aug/0031_1753176351289_T_1_aug2.png,821364252810,1753176351289,4,50,8/10.0,4.0,528,557,72.34590065828846,phantom_taobao,1,positive,data/phantom_taobao/masks_aug/0031_1753176351289_T_1_mask_aug2.png
31_aug3,0031_1753176351289_T_1.png,data/phantom_taobao/images_aug/0031_1753176351289_T_1_aug3.png,821364252810,1753176351289,4,50,8/10.0,4.0,528,557,72.34590065828846,phantom_taobao,1,positive,data/phantom_taobao/masks_aug/0031_1753176351289_T_1_mask_aug3.png
31_aug4,0031_1753176351289_T_1.png,data/phantom_taobao/images_aug/0031_1753176351289_T_1_aug4.png,821364252810,1753176351289,4,50,8/10.0,4.0,528,557,72.34590065828846,phantom_taobao,1,positive,data/phantom_taobao/masks_aug/0031_1753176351289_T_1_mask_aug4.png
31_aug5,0031_1753176351289_T_1.png,data/phantom_taobao/images_aug/0031_1753176351289_T_1_aug5.png,821364252810,1753176351289,4,50,8/10.0,4.0,528,557,72.34590065828846,phantom_taobao,1,positive,data/phantom_taobao/masks_aug/0031_1753176351289_T_1_mask_aug5.png
31_aug6,0031_1753176351289_T_1.png,data/phantom_taobao/images_aug/0031_1753176351289_T_1_aug6.png,821364252810,1753176351289,4,50,8/10.0,4.0,528,557,72.34590065828846,phantom_taobao,1,positive,data/phantom_taobao/masks_aug/0031_1753176351289_T_1_mask_aug6.png
31_aug7,0031_1753176351289_T_1.png,data/phantom_taobao/images_aug/0031_1753176351289_T_1_aug7.png,821364252810,1753176351289,4,50,8/10.0,4.0,528,557,72.34590065828846,phantom_taobao,1,positive,data/phantom_taobao/masks_aug/0031_1753176351289_T_1_mask_aug7.png
31_aug8,0031_1753176351289_T_1.png,data/phantom_taobao/images_aug/0031_1753176351289_T_1_aug8.png,821364252810,1753176351289,4,50,8/10.0,4.0,528,557,72.34590065828846,phantom_taobao,1,positive,data/phantom_taobao/masks_aug/0031_1753176351289_T_1_mask_aug8.png
31_aug9,0031_1753176351289_T_1.png,data/phantom_taobao/images_aug/0031_1753176351289_T_1_aug9.png,821364252810,1753176351289,4,50,8/10.0,4.0,528,557,72.34590065828846,phantom_taobao,1,positive,data/phantom_taobao/masks_aug/0031_1753176351289_T_1_mask_aug9.png
31_aug10,0031_1753176351289_T_1.png,data/phantom_taobao/images_aug/0031_1753176351289_T_1_aug10.png,821364252810,1753176351289,4,50,8/10.0,4.0,528,557,72.34590065828846,phantom_taobao,1,positive,data/phantom_taobao/masks_aug/0031_1753176351289_T_1_mask_aug10.png
31_aug11,0031_1753176351289_T_1.png,data/phantom_taobao/images_aug/0031_1753176351289_T_1_aug11.png,821364252810,1753176351289,4,50,8/10.0,4.0,528,557,72.34590065828846,phantom_taobao,1,positive,data/phantom_taobao/masks_aug/0031_1753176351289_T_1_mask_aug11.png
31_aug12,0031_1753176351289_T_1.png,data/phantom_taobao/images_aug/0031_1753176351289_T_1_aug12.png,821364252810,1753176351289,4,50,8/10.0,4.0,528,557,72.34590065828846,phantom_taobao,1,positive,data/phantom_taobao/masks_aug/0031_1753176351289_T_1_mask_aug12.png
31_aug13,0031_1753176351289_T_1.png,data/phantom_taobao/images_aug/0031_1753176351289_T_1_aug13.png,821364252810,1753176351289,4,50,8/10.0,4.0,528,557,72.34590065828846,phantom_taobao,1,positive,data/phantom_taobao/masks_aug/0031_1753176351289_T_1_mask_aug13.png
31_aug14,0031_1753176351289_T_1.png,data/phantom_taobao/images_aug/0031_1753176351289_T_1_aug14.png,821364252810,1753176351289,4,50,8/10.0,4.0,528,557,72.34590065828846,phantom_taobao,1,positive,data/phantom_taobao/masks_aug/0031_1753176351289_T_1_mask_aug14.png
32_aug0,0032_1753176364749_T_1.png,data/phantom_taobao/images_aug/0032_1753176364749_T_1_aug0.png,834810379860,1753176364749,4,50,8/10.0,4.0,528,557,72.34590065828846,phantom_taobao,1,positive,data/phantom_taobao/masks_aug/0032_1753176364749_T_1_mask_aug0.png
32_aug1,0032_1753176364749_T_1.png,data/phantom_taobao/images_aug/0032_1753176364749_T_1_aug1.png,834810379860,1753176364749,4,50,8/10.0,4.0,528,557,72.34590065828846,phantom_taobao,1,positive,data/phantom_taobao/masks_aug/0032_1753176364749_T_1_mask_aug1.png
32_aug2,0032_1753176364749_T_1.png,data/phantom_taobao/images_aug/0032_1753176364749_T_1_aug2.png,834810379860,1753176364749,4,50,8/10.0,4.0,528,557,72.34590065828846,phantom_taobao,1,positive,data/phantom_taobao/masks_aug/0032_1753176364749_T_1_mask_aug2.png
32_aug3,0032_1753176364749_T_1.png,data/phantom_taobao/images_aug/0032_1753176364749_T_1_aug3.png,834810379860,1753176364749,4,50,8/10.0,4.0,528,557,72.34590065828846,phantom_taobao,1,positive,data/phantom_taobao/masks_aug/0032_1753176364749_T_1_mask_aug3.png
32_aug4,0032_1753176364749_T_1.png,data/phantom_taobao/images_aug/0032_1753176364749_T_1_aug4.png,834810379860,1753176364749,4,50,8/10.0,4.0,528,557,72.34590065828846,phantom_taobao,1,positive,data/phantom_taobao/masks_aug/0032_1753176364749_T_1_mask_aug4.png
32_aug5,0032_1753176364749_T_1.png,data/phantom_taobao/images_aug/0032_1753176364749_T_1_aug5.png,834810379860,1753176364749,4,50,8/10.0,4.0,528,557,72.34590065828846,phantom_taobao,1,positive,data/phantom_taobao/masks_aug/0032_1753176364749_T_1_mask_aug5.png
32_aug6,0032_1753176364749_T_1.png,data/phantom_taobao/images_aug/0032_1753176364749_T_1_aug6.png,834810379860,1753176364749,4,50,8/10.0,4.0,528,557,72.34590065828846,phantom_taobao,1,positive,data/phantom_taobao/masks_aug/0032_1753176364749_T_1_mask_aug6.png
32_aug7,0032_1753176364749_T_1.png,data/phantom_taobao/images_aug/0032_1753176364749_T_1_aug7.png,834810379860,1753176364749,4,50,8/10.0,4.0,528,557,72.34590065828846,phantom_taobao,1,positive,data/phantom_taobao/masks_aug/0032_1753176364749_T_1_mask_aug7.png
32_aug8,0032_1753176364749_T_1.png,data/phantom_taobao/images_aug/0032_1753176364749_T_1_aug8.png,834810379860,1753176364749,4,50,8/10.0,4.0,528,557,72.34590065828846,phantom_taobao,1,positive,data/phantom_taobao/masks_aug/0032_1753176364749_T_1_mask_aug8.png
32_aug9,0032_1753176364749_T_1.png,data/phantom_taobao/images_aug/0032_1753176364749_T_1_aug9.png,834810379860,1753176364749,4,50,8/10.0,4.0,528,557,72.34590065828846,phantom_taobao,1,positive,data/phantom_taobao/masks_aug/0032_1753176364749_T_1_mask_aug9.png
32_aug10,0032_1753176364749_T_1.png,data/phantom_taobao/images_aug/0032_1753176364749_T_1_aug10.png,834810379860,1753176364749,4,50,8/10.0,4.0,528,557,72.34590065828846,phantom_taobao,1,positive,data/phantom_taobao/masks_aug/0032_1753176364749_T_1_mask_aug10.png
32_aug11,0032_1753176364749_T_1.png,data/phantom_taobao/images_aug/0032_1753176364749_T_1_aug11.png,834810379860,1753176364749,4,50,8/10.0,4.0,528,557,72.34590065828846,phantom_taobao,1,positive,data/phantom_taobao/masks_aug/0032_1753176364749_T_1_mask_aug11.png
32_aug12,0032_1753176364749_T_1.png,data/phantom_taobao/images_aug/0032_1753176364749_T_1_aug12.png,834810379860,1753176364749,4,50,8/10.0,4.0,528,557,72.34590065828846,phantom_taobao,1,positive,data/phantom_taobao/masks_aug/0032_1753176364749_T_1_mask_aug12.png
32_aug13,0032_1753176364749_T_1.png,data/phantom_taobao/images_aug/0032_1753176364749_T_1_aug13.png,834810379860,1753176364749,4,50,8/10.0,4.0,528,557,72.34590065828846,phantom_taobao,1,positive,data/phantom_taobao/masks_aug/0032_1753176364749_T_1_mask_aug13.png
32_aug14,0032_1753176364749_T_1.png,data/phantom_taobao/images_aug/0032_1753176364749_T_1_aug14.png,834810379860,1753176364749,4,50,8/10.0,4.0,528,557,72.34590065828846,phantom_taobao,1,positive,data/phantom_taobao/masks_aug/0032_1753176364749_T_1_mask_aug14.png
33_aug0,0033_1753176369432_T_1.png,data/phantom_taobao/images_aug/0033_1753176369432_T_1_aug0.png,839508786340,1753176369432,4,50,8/10.0,4.0,528,557,72.34590065828846,phantom_taobao,1,positive,data/phantom_taobao/masks_aug/0033_1753176369432_T_1_mask_aug0.png
33_aug1,0033_1753176369432_T_1.png,data/phantom_taobao/images_aug/0033_1753176369432_T_1_aug1.png,839508786340,1753176369432,4,50,8/10.0,4.0,528,557,72.34590065828846,phantom_taobao,1,positive,data/phantom_taobao/masks_aug/0033_1753176369432_T_1_mask_aug1.png
33_aug2,0033_1753176369432_T_1.png,data/phantom_taobao/images_aug/0033_1753176369432_T_1_aug2.png,839508786340,1753176369432,4,50,8/10.0,4.0,528,557,72.34590065828846,phantom_taobao,1,positive,data/phantom_taobao/masks_aug/0033_1753176369432_T_1_mask_aug2.png
33_aug3,0033_1753176369432_T_1.png,data/phantom_taobao/images_aug/0033_1753176369432_T_1_aug3.png,839508786340,1753176369432,4,50,8/10.0,4.0,528,557,72.34590065828846,phantom_taobao,1,positive,data/phantom_taobao/masks_aug/0033_1753176369432_T_1_mask_aug3.png
33_aug4,0033_1753176369432_T_1.png,data/phantom_taobao/images_aug/0033_1753176369432_T_1_aug4.png,839508786340,1753176369432,4,50,8/10.0,4.0,528,557,72.34590065828846,phantom_taobao,1,positive,data/phantom_taobao/masks_aug/0033_1753176369432_T_1_mask_aug4.png
33_aug5,0033_1753176369432_T_1.png,data/phantom_taobao/images_aug/0033_1753176369432_T_1_aug5.png,839508786340,1753176369432,4,50,8/10.0,4.0,528,557,72.34590065828846,phantom_taobao,1,positive,data/phantom_taobao/masks_aug/0033_1753176369432_T_1_mask_aug5.png
33_aug6,0033_1753176369432_T_1.png,data/phantom_taobao/images_aug/0033_1753176369432_T_1_aug6.png,839508786340,1753176369432,4,50,8/10.0,4.0,528,557,72.34590065828846,phantom_taobao,1,positive,data/phantom_taobao/masks_aug/0033_1753176369432_T_1_mask_aug6.png
33_aug7,0033_1753176369432_T_1.png,data/phantom_taobao/images_aug/0033_1753176369432_T_1_aug7.png,839508786340,1753176369432,4,50,8/10.0,4.0,528,557,72.34590065828846,phantom_taobao,1,positive,data/phantom_taobao/masks_aug/0033_1753176369432_T_1_mask_aug7.png
33_aug8,0033_1753176369432_T_1.png,data/phantom_taobao/images_aug/0033_1753176369432_T_1_aug8.png,839508786340,1753176369432,4,50,8/10.0,4.0,528,557,72.34590065828846,phantom_taobao,1,positive,data/phantom_taobao/masks_aug/0033_1753176369432_T_1_mask_aug8.png
33_aug9,0033_1753176369432_T_1.png,data/phantom_taobao/images_aug/0033_1753176369432_T_1_aug9.png,839508786340,1753176369432,4,50,8/10.0,4.0,528,557,72.34590065828846,phantom_taobao,1,positive,data/phantom_taobao/masks_aug/0033_1753176369432_T_1_mask_aug9.png
33_aug10,0033_1753176369432_T_1.png,data/phantom_taobao/images_aug/0033_1753176369432_T_1_aug10.png,839508786340,1753176369432,4,50,8/10.0,4.0,528,557,72.34590065828846,phantom_taobao,1,positive,data/phantom_taobao/masks_aug/0033_1753176369432_T_1_mask_aug10.png
33_aug11,0033_1753176369432_T_1.png,data/phantom_taobao/images_aug/0033_1753176369432_T_1_aug11.png,839508786340,1753176369432,4,50,8/10.0,4.0,528,557,72.34590065828846,phantom_taobao,1,positive,data/phantom_taobao/masks_aug/0033_1753176369432_T_1_mask_aug11.png
33_aug12,0033_1753176369432_T_1.png,data/phantom_taobao/images_aug/0033_1753176369432_T_1_aug12.png,839508786340,1753176369432,4,50,8/10.0,4.0,528,557,72.34590065828846,phantom_taobao,1,positive,data/phantom_taobao/masks_aug/0033_1753176369432_T_1_mask_aug12.png
33_aug13,0033_1753176369432_T_1.png,data/phantom_taobao/images_aug/0033_1753176369432_T_1_aug13.png,839508786340,1753176369432,4,50,8/10.0,4.0,528,557,72.34590065828846,phantom_taobao,1,positive,data/phantom_taobao/masks_aug/0033_1753176369432_T_1_mask_aug13.png
33_aug14,0033_1753176369432_T_1.png,data/phantom_taobao/images_aug/0033_1753176369432_T_1_aug14.png,839508786340,1753176369432,4,50,8/10.0,4.0,528,557,72.34590065828846,phantom_taobao,1,positive,data/phantom_taobao/masks_aug/0033_1753176369432_T_1_mask_aug14.png
34_aug0,0034_1753176371857_T_1.png,data/phantom_taobao/images_aug/0034_1753176371857_T_1_aug0.png,841937909380,1753176371857,4,50,8/10.0,4.0,528,557,72.34590065828846,phantom_taobao,1,positive,data/phantom_taobao/masks_aug/0034_1753176371857_T_1_mask_aug0.png
34_aug1,0034_1753176371857_T_1.png,data/phantom_taobao/images_aug/0034_1753176371857_T_1_aug1.png,841937909380,1753176371857,4,50,8/10.0,4.0,528,557,72.34590065828846,phantom_taobao,1,positive,data/phantom_taobao/masks_aug/0034_1753176371857_T_1_mask_aug1.png
34_aug2,0034_1753176371857_T_1.png,data/phantom_taobao/images_aug/0034_1753176371857_T_1_aug2.png,841937909380,1753176371857,4,50,8/10.0,4.0,528,557,72.34590065828846,phantom_taobao,1,positive,data/phantom_taobao/masks_aug/0034_1753176371857_T_1_mask_aug2.png
34_aug3,0034_1753176371857_T_1.png,data/phantom_taobao/images_aug/0034_1753176371857_T_1_aug3.png,841937909380,1753176371857,4,50,8/10.0,4.0,528,557,72.34590065828846,phantom_taobao,1,positive,data/phantom_taobao/masks_aug/0034_1753176371857_T_1_mask_aug3.png
34_aug4,0034_1753176371857_T_1.png,data/phantom_taobao/images_aug/0034_1753176371857_T_1_aug4.png,841937909380,1753176371857,4,50,8/10.0,4.0,528,557,72.34590065828846,phantom_taobao,1,positive,data/phantom_taobao/masks_aug/0034_1753176371857_T_1_mask_aug4.png
34_aug5,0034_1753176371857_T_1.png,data/phantom_taobao/images_aug/0034_1753176371857_T_1_aug5.png,841937909380,1753176371857,4,50,8/10.0,4.0,528,557,72.34590065828846,phantom_taobao,1,positive,data/phantom_taobao/masks_aug/0034_1753176371857_T_1_mask_aug5.png
34_aug6,0034_1753176371857_T_1.png,data/phantom_taobao/images_aug/0034_1753176371857_T_1_aug6.png,841937909380,1753176371857,4,50,8/10.0,4.0,528,557,72.34590065828846,phantom_taobao,1,positive,data/phantom_taobao/masks_aug/0034_1753176371857_T_1_mask_aug6.png
34_aug7,0034_1753176371857_T_1.png,data/phantom_taobao/images_aug/0034_1753176371857_T_1_aug7.png,841937909380,1753176371857,4,50,8/10.0,4.0,528,557,72.34590065828846,phantom_taobao,1,positive,data/phantom_taobao/masks_aug/0034_1753176371857_T_1_mask_aug7.png
34_aug8,0034_1753176371857_T_1.png,data/phantom_taobao/images_aug/0034_1753176371857_T_1_aug8.png,841937909380,1753176371857,4,50,8/10.0,4.0,528,557,72.34590065828846,phantom_taobao,1,positive,data/phantom_taobao/masks_aug/0034_1753176371857_T_1_mask_aug8.png
34_aug9,0034_1753176371857_T_1.png,data/phantom_taobao/images_aug/0034_1753176371857_T_1_aug9.png,841937909380,1753176371857,4,50,8/10.0,4.0,528,557,72.34590065828846,phantom_taobao,1,positive,data/phantom_taobao/masks_aug/0034_1753176371857_T_1_mask_aug9.png
34_aug10,0034_1753176371857_T_1.png,data/phantom_taobao/images_aug/0034_1753176371857_T_1_aug10.png,841937909380,1753176371857,4,50,8/10.0,4.0,528,557,72.34590065828846,phantom_taobao,1,positive,data/phantom_taobao/masks_aug/0034_1753176371857_T_1_mask_aug10.png
34_aug11,0034_1753176371857_T_1.png,data/phantom_taobao/images_aug/0034_1753176371857_T_1_aug11.png,841937909380,1753176371857,4,50,8/10.0,4.0,528,557,72.34590065828846,phantom_taobao,1,positive,data/phantom_taobao/masks_aug/0034_1753176371857_T_1_mask_aug11.png
34_aug12,0034_1753176371857_T_1.png,data/phantom_taobao/images_aug/0034_1753176371857_T_1_aug12.png,841937909380,1753176371857,4,50,8/10.0,4.0,528,557,72.34590065828846,phantom_taobao,1,positive,data/phantom_taobao/masks_aug/0034_1753176371857_T_1_mask_aug12.png
34_aug13,0034_1753176371857_T_1.png,data/phantom_taobao/images_aug/0034_1753176371857_T_1_aug13.png,841937909380,1753176371857,4,50,8/10.0,4.0,528,557,72.34590065828846,phantom_taobao,1,positive,data/phantom_taobao/masks_aug/0034_1753176371857_T_1_mask_aug13.png
34_aug14,0034_1753176371857_T_1.png,data/phantom_taobao/images_aug/0034_1753176371857_T_1_aug14.png,841937909380,1753176371857,4,50,8/10.0,4.0,528,557,72.34590065828846,phantom_taobao,1,positive,data/phantom_taobao/masks_aug/0034_1753176371857_T_1_mask_aug14.png
35_aug0,0035_1753178525350_T_1.png,data/phantom_taobao/images_aug/0035_1753178525350_T_1_aug0.png,223303975130,1753178525350,4,50,8/10.0,4.0,532,557,71.79293836026332,phantom_taobao,1,positive,data/phantom_taobao/masks_aug/0035_1753178525350_T_1_mask_aug0.png
35_aug1,0035_1753178525350_T_1.png,data/phantom_taobao/images_aug/0035_1753178525350_T_1_aug1.png,223303975130,1753178525350,4,50,8/10.0,4.0,532,557,71.79293836026332,phantom_taobao,1,positive,data/phantom_taobao/masks_aug/0035_1753178525350_T_1_mask_aug1.png
35_aug2,0035_1753178525350_T_1.png,data/phantom_taobao/images_aug/0035_1753178525350_T_1_aug2.png,223303975130,1753178525350,4,50,8/10.0,4.0,532,557,71.79293836026332,phantom_taobao,1,positive,data/phantom_taobao/masks_aug/0035_1753178525350_T_1_mask_aug2.png
35_aug3,0035_1753178525350_T_1.png,data/phantom_taobao/images_aug/0035_1753178525350_T_1_aug3.png,223303975130,1753178525350,4,50,8/10.0,4.0,532,557,71.79293836026332,phantom_taobao,1,positive,data/phantom_taobao/masks_aug/0035_1753178525350_T_1_mask_aug3.png
35_aug4,0035_1753178525350_T_1.png,data/phantom_taobao/images_aug/0035_1753178525350_T_1_aug4.png,223303975130,1753178525350,4,50,8/10.0,4.0,532,557,71.79293836026332,phantom_taobao,1,positive,data/phantom_taobao/masks_aug/0035_1753178525350_T_1_mask_aug4.png
35_aug5,0035_1753178525350_T_1.png,data/phantom_taobao/images_aug/0035_1753178525350_T_1_aug5.png,223303975130,1753178525350,4,50,8/10.0,4.0,532,557,71.79293836026332,phantom_taobao,1,positive,data/phantom_taobao/masks_aug/0035_1753178525350_T_1_mask_aug5.png
35_aug6,0035_1753178525350_T_1.png,data/phantom_taobao/images_aug/0035_1753178525350_T_1_aug6.png,223303975130,1753178525350,4,50,8/10.0,4.0,532,557,71.79293836026332,phantom_taobao,1,positive,data/phantom_taobao/masks_aug/0035_1753178525350_T_1_mask_aug6.png
35_aug7,0035_1753178525350_T_1.png,data/phantom_taobao/images_aug/0035_1753178525350_T_1_aug7.png,223303975130,1753178525350,4,50,8/10.0,4.0,532,557,71.79293836026332,phantom_taobao,1,positive,data/phantom_taobao/masks_aug/0035_1753178525350_T_1_mask_aug7.png
35_aug8,0035_1753178525350_T_1.png,data/phantom_taobao/images_aug/0035_1753178525350_T_1_aug8.png,223303975130,1753178525350,4,50,8/10.0,4.0,532,557,71.79293836026332,phantom_taobao,1,positive,data/phantom_taobao/masks_aug/0035_1753178525350_T_1_mask_aug8.png
35_aug9,0035_1753178525350_T_1.png,data/phantom_taobao/images_aug/0035_1753178525350_T_1_aug9.png,223303975130,1753178525350,4,50,8/10.0,4.0,532,557,71.79293836026332,phantom_taobao,1,positive,data/phantom_taobao/masks_aug/0035_1753178525350_T_1_mask_aug9.png
35_aug10,0035_1753178525350_T_1.png,data/phantom_taobao/images_aug/0035_1753178525350_T_1_aug10.png,223303975130,1753178525350,4,50,8/10.0,4.0,532,557,71.79293836026332,phantom_taobao,1,positive,data/phantom_taobao/masks_aug/0035_1753178525350_T_1_mask_aug10.png
35_aug11,0035_1753178525350_T_1.png,data/phantom_taobao/images_aug/0035_1753178525350_T_1_aug11.png,223303975130,1753178525350,4,50,8/10.0,4.0,532,557,71.79293836026332,phantom_taobao,1,positive,data/phantom_taobao/masks_aug/0035_1753178525350_T_1_mask_aug11.png
35_aug12,0035_1753178525350_T_1.png,data/phantom_taobao/images_aug/0035_1753178525350_T_1_aug12.png,223303975130,1753178525350,4,50,8/10.0,4.0,532,557,71.79293836026332,phantom_taobao,1,positive,data/phantom_taobao/masks_aug/0035_1753178525350_T_1_mask_aug12.png
35_aug13,0035_1753178525350_T_1.png,data/phantom_taobao/images_aug/0035_1753178525350_T_1_aug13.png,223303975130,1753178525350,4,50,8/10.0,4.0,532,557,71.79293836026332,phantom_taobao,1,positive,data/phantom_taobao/masks_aug/0035_1753178525350_T_1_mask_aug13.png
35_aug14,0035_1753178525350_T_1.png,data/phantom_taobao/images_aug/0035_1753178525350_T_1_aug14.png,223303975130,1753178525350,4,50,8/10.0,4.0,532,557,71.79293836026332,phantom_taobao,1,positive,data/phantom_taobao/masks_aug/0035_1753178525350_T_1_mask_aug14.png
36_aug0,0036_1753178534829_T_1.png,data/phantom_taobao/images_aug/0036_1753178534829_T_1_aug0.png,232762775940,1753178534829,4,50,8/10.0,4.0,532,557,71.79293836026332,phantom_taobao,1,positive,data/phantom_taobao/masks_aug/0036_1753178534829_T_1_mask_aug0.png
36_aug1,0036_1753178534829_T_1.png,data/phantom_taobao/images_aug/0036_1753178534829_T_1_aug1.png,232762775940,1753178534829,4,50,8/10.0,4.0,532,557,71.79293836026332,phantom_taobao,1,positive,data/phantom_taobao/masks_aug/0036_1753178534829_T_1_mask_aug1.png
36_aug2,0036_1753178534829_T_1.png,data/phantom_taobao/images_aug/0036_1753178534829_T_1_aug2.png,232762775940,1753178534829,4,50,8/10.0,4.0,532,557,71.79293836026332,phantom_taobao,1,positive,data/phantom_taobao/masks_aug/0036_1753178534829_T_1_mask_aug2.png
36_aug3,0036_1753178534829_T_1.png,data/phantom_taobao/images_aug/0036_1753178534829_T_1_aug3.png,232762775940,1753178534829,4,50,8/10.0,4.0,532,557,71.79293836026332,phantom_taobao,1,positive,data/phantom_taobao/masks_aug/0036_1753178534829_T_1_mask_aug3.png
36_aug4,0036_1753178534829_T_1.png,data/phantom_taobao/images_aug/0036_1753178534829_T_1_aug4.png,232762775940,1753178534829,4,50,8/10.0,4.0,532,557,71.79293836026332,phantom_taobao,1,positive,data/phantom_taobao/masks_aug/0036_1753178534829_T_1_mask_aug4.png
36_aug5,0036_1753178534829_T_1.png,data/phantom_taobao/images_aug/0036_1753178534829_T_1_aug5.png,232762775940,1753178534829,4,50,8/10.0,4.0,532,557,71.79293836026332,phantom_taobao,1,positive,data/phantom_taobao/masks_aug/0036_1753178534829_T_1_mask_aug5.png
36_aug6,0036_1753178534829_T_1.png,data/phantom_taobao/images_aug/0036_1753178534829_T_1_aug6.png,232762775940,1753178534829,4,50,8/10.0,4.0,532,557,71.79293836026332,phantom_taobao,1,positive,data/phantom_taobao/masks_aug/0036_1753178534829_T_1_mask_aug6.png
36_aug7,0036_1753178534829_T_1.png,data/phantom_taobao/images_aug/0036_1753178534829_T_1_aug7.png,232762775940,1753178534829,4,50,8/10.0,4.0,532,557,71.79293836026332,phantom_taobao,1,positive,data/phantom_taobao/masks_aug/0036_1753178534829_T_1_mask_aug7.png
36_aug8,0036_1753178534829_T_1.png,data/phantom_taobao/images_aug/0036_1753178534829_T_1_aug8.png,232762775940,1753178534829,4,50,8/10.0,4.0,532,557,71.79293836026332,phantom_taobao,1,positive,data/phantom_taobao/masks_aug/0036_1753178534829_T_1_mask_aug8.png
36_aug9,0036_1753178534829_T_1.png,data/phantom_taobao/images_aug/0036_1753178534829_T_1_aug9.png,232762775940,1753178534829,4,50,8/10.0,4.0,532,557,71.79293836026332,phantom_taobao,1,positive,data/phantom_taobao/masks_aug/0036_1753178534829_T_1_mask_aug9.png
36_aug10,0036_1753178534829_T_1.png,data/phantom_taobao/images_aug/0036_1753178534829_T_1_aug10.png,232762775940,1753178534829,4,50,8/10.0,4.0,532,557,71.79293836026332,phantom_taobao,1,positive,data/phantom_taobao/masks_aug/0036_1753178534829_T_1_mask_aug10.png
36_aug11,0036_1753178534829_T_1.png,data/phantom_taobao/images_aug/0036_1753178534829_T_1_aug11.png,232762775940,1753178534829,4,50,8/10.0,4.0,532,557,71.79293836026332,phantom_taobao,1,positive,data/phantom_taobao/masks_aug/0036_1753178534829_T_1_mask_aug11.png
36_aug12,0036_1753178534829_T_1.png,data/phantom_taobao/images_aug/0036_1753178534829_T_1_aug12.png,232762775940,1753178534829,4,50,8/10.0,4.0,532,557,71.79293836026332,phantom_taobao,1,positive,data/phantom_taobao/masks_aug/0036_1753178534829_T_1_mask_aug12.png
36_aug13,0036_1753178534829_T_1.png,data/phantom_taobao/images_aug/0036_1753178534829_T_1_aug13.png,232762775940,1753178534829,4,50,8/10.0,4.0,532,557,71.79293836026332,phantom_taobao,1,positive,data/phantom_taobao/masks_aug/0036_1753178534829_T_1_mask_aug13.png
36_aug14,0036_1753178534829_T_1.png,data/phantom_taobao/images_aug/0036_1753178534829_T_1_aug14.png,232762775940,1753178534829,4,50,8/10.0,4.0,532,557,71.79293836026332,phantom_taobao,1,positive,data/phantom_taobao/masks_aug/0036_1753178534829_T_1_mask_aug14.png
38_aug0,0038_1753178789243_T_1.png,data/phantom_taobao/images_aug/0038_1753178789243_T_1_aug0.png,487224544750,1753178789243,5,70,8/10.0,4.0,424,557,90.13285457809695,phantom_taobao,1,positive,data/phantom_taobao/masks_aug/0038_1753178789243_T_1_mask_aug0.png
38_aug1,0038_1753178789243_T_1.png,data/phantom_taobao/images_aug/0038_1753178789243_T_1_aug1.png,487224544750,1753178789243,5,70,8/10.0,4.0,424,557,90.13285457809695,phantom_taobao,1,positive,data/phantom_taobao/masks_aug/0038_1753178789243_T_1_mask_aug1.png
38_aug2,0038_1753178789243_T_1.png,data/phantom_taobao/images_aug/0038_1753178789243_T_1_aug2.png,487224544750,1753178789243,5,70,8/10.0,4.0,424,557,90.13285457809695,phantom_taobao,1,positive,data/phantom_taobao/masks_aug/0038_1753178789243_T_1_mask_aug2.png
38_aug3,0038_1753178789243_T_1.png,data/phantom_taobao/images_aug/0038_1753178789243_T_1_aug3.png,487224544750,1753178789243,5,70,8/10.0,4.0,424,557,90.13285457809695,phantom_taobao,1,positive,data/phantom_taobao/masks_aug/0038_1753178789243_T_1_mask_aug3.png
38_aug4,0038_1753178789243_T_1.png,data/phantom_taobao/images_aug/0038_1753178789243_T_1_aug4.png,487224544750,1753178789243,5,70,8/10.0,4.0,424,557,90.13285457809695,phantom_taobao,1,positive,data/phantom_taobao/masks_aug/0038_1753178789243_T_1_mask_aug4.png
38_aug5,0038_1753178789243_T_1.png,data/phantom_taobao/images_aug/0038_1753178789243_T_1_aug5.png,487224544750,1753178789243,5,70,8/10.0,4.0,424,557,90.13285457809695,phantom_taobao,1,positive,data/phantom_taobao/masks_aug/0038_1753178789243_T_1_mask_aug5.png
38_aug6,0038_1753178789243_T_1.png,data/phantom_taobao/images_aug/0038_1753178789243_T_1_aug6.png,487224544750,1753178789243,5,70,8/10.0,4.0,424,557,90.13285457809695,phantom_taobao,1,positive,data/phantom_taobao/masks_aug/0038_1753178789243_T_1_mask_aug6.png
38_aug7,0038_1753178789243_T_1.png,data/phantom_taobao/images_aug/0038_1753178789243_T_1_aug7.png,487224544750,1753178789243,5,70,8/10.0,4.0,424,557,90.13285457809695,phantom_taobao,1,positive,data/phantom_taobao/masks_aug/0038_1753178789243_T_1_mask_aug7.png
38_aug8,0038_1753178789243_T_1.png,data/phantom_taobao/images_aug/0038_1753178789243_T_1_aug8.png,487224544750,1753178789243,5,70,8/10.0,4.0,424,557,90.13285457809695,phantom_taobao,1,positive,data/phantom_taobao/masks_aug/0038_1753178789243_T_1_mask_aug8.png
38_aug9,0038_1753178789243_T_1.png,data/phantom_taobao/images_aug/0038_1753178789243_T_1_aug9.png,487224544750,1753178789243,5,70,8/10.0,4.0,424,557,90.13285457809695,phantom_taobao,1,positive,data/phantom_taobao/masks_aug/0038_1753178789243_T_1_mask_aug9.png
38_aug10,0038_1753178789243_T_1.png,data/phantom_taobao/images_aug/0038_1753178789243_T_1_aug10.png,487224544750,1753178789243,5,70,8/10.0,4.0,424,557,90.13285457809695,phantom_taobao,1,positive,data/phantom_taobao/masks_aug/0038_1753178789243_T_1_mask_aug10.png
38_aug11,0038_1753178789243_T_1.png,data/phantom_taobao/images_aug/0038_1753178789243_T_1_aug11.png,487224544750,1753178789243,5,70,8/10.0,4.0,424,557,90.13285457809695,phantom_taobao,1,positive,data/phantom_taobao/masks_aug/0038_1753178789243_T_1_mask_aug11.png
38_aug12,0038_1753178789243_T_1.png,data/phantom_taobao/images_aug/0038_1753178789243_T_1_aug12.png,487224544750,1753178789243,5,70,8/10.0,4.0,424,557,90.13285457809695,phantom_taobao,1,positive,data/phantom_taobao/masks_aug/0038_1753178789243_T_1_mask_aug12.png
38_aug13,0038_1753178789243_T_1.png,data/phantom_taobao/images_aug/0038_1753178789243_T_1_aug13.png,487224544750,1753178789243,5,70,8/10.0,4.0,424,557,90.13285457809695,phantom_taobao,1,positive,data/phantom_taobao/masks_aug/0038_1753178789243_T_1_mask_aug13.png
38_aug14,0038_1753178789243_T_1.png,data/phantom_taobao/images_aug/0038_1753178789243_T_1_aug14.png,487224544750,1753178789243,5,70,8/10.0,4.0,424,557,90.13285457809695,phantom_taobao,1,positive,data/phantom_taobao/masks_aug/0038_1753178789243_T_1_mask_aug14.png
39_aug0,0039_1753178794167_T_1.png,data/phantom_taobao/images_aug/0039_1753178794167_T_1_aug0.png,492146144130,1753178794167,5,70,8/10.0,4.0,424,557,90.13285457809695,phantom_taobao,1,positive,data/phantom_taobao/masks_aug/0039_1753178794167_T_1_mask_aug0.png
39_aug1,0039_1753178794167_T_1.png,data/phantom_taobao/images_aug/0039_1753178794167_T_1_aug1.png,492146144130,1753178794167,5,70,8/10.0,4.0,424,557,90.13285457809695,phantom_taobao,1,positive,data/phantom_taobao/masks_aug/0039_1753178794167_T_1_mask_aug1.png
39_aug2,0039_1753178794167_T_1.png,data/phantom_taobao/images_aug/0039_1753178794167_T_1_aug2.png,492146144130,1753178794167,5,70,8/10.0,4.0,424,557,90.13285457809695,phantom_taobao,1,positive,data/phantom_taobao/masks_aug/0039_1753178794167_T_1_mask_aug2.png
39_aug3,0039_1753178794167_T_1.png,data/phantom_taobao/images_aug/0039_1753178794167_T_1_aug3.png,492146144130,1753178794167,5,70,8/10.0,4.0,424,557,90.13285457809695,phantom_taobao,1,positive,data/phantom_taobao/masks_aug/0039_1753178794167_T_1_mask_aug3.png
39_aug4,0039_1753178794167_T_1.png,data/phantom_taobao/images_aug/0039_1753178794167_T_1_aug4.png,492146144130,1753178794167,5,70,8/10.0,4.0,424,557,90.13285457809695,phantom_taobao,1,positive,data/phantom_taobao/masks_aug/0039_1753178794167_T_1_mask_aug4.png
39_aug5,0039_1753178794167_T_1.png,data/phantom_taobao/images_aug/0039_1753178794167_T_1_aug5.png,492146144130,1753178794167,5,70,8/10.0,4.0,424,557,90.13285457809695,phantom_taobao,1,positive,data/phantom_taobao/masks_aug/0039_1753178794167_T_1_mask_aug5.png
39_aug6,0039_1753178794167_T_1.png,data/phantom_taobao/images_aug/0039_1753178794167_T_1_aug6.png,492146144130,1753178794167,5,70,8/10.0,4.0,424,557,90.13285457809695,phantom_taobao,1,positive,data/phantom_taobao/masks_aug/0039_1753178794167_T_1_mask_aug6.png
39_aug7,0039_1753178794167_T_1.png,data/phantom_taobao/images_aug/0039_1753178794167_T_1_aug7.png,492146144130,1753178794167,5,70,8/10.0,4.0,424,557,90.13285457809695,phantom_taobao,1,positive,data/phantom_taobao/masks_aug/0039_1753178794167_T_1_mask_aug7.png
39_aug8,0039_1753178794167_T_1.png,data/phantom_taobao/images_aug/0039_1753178794167_T_1_aug8.png,492146144130,1753178794167,5,70,8/10.0,4.0,424,557,90.13285457809695,phantom_taobao,1,positive,data/phantom_taobao/masks_aug/0039_1753178794167_T_1_mask_aug8.png
39_aug9,0039_1753178794167_T_1.png,data/phantom_taobao/images_aug/0039_1753178794167_T_1_aug9.png,492146144130,1753178794167,5,70,8/10.0,4.0,424,557,90.13285457809695,phantom_taobao,1,positive,data/phantom_taobao/masks_aug/0039_1753178794167_T_1_mask_aug9.png
39_aug10,0039_1753178794167_T_1.png,data/phantom_taobao/images_aug/0039_1753178794167_T_1_aug10.png,492146144130,1753178794167,5,70,8/10.0,4.0,424,557,90.13285457809695,phantom_taobao,1,positive,data/phantom_taobao/masks_aug/0039_1753178794167_T_1_mask_aug10.png
39_aug11,0039_1753178794167_T_1.png,data/phantom_taobao/images_aug/0039_1753178794167_T_1_aug11.png,492146144130,1753178794167,5,70,8/10.0,4.0,424,557,90.13285457809695,phantom_taobao,1,positive,data/phantom_taobao/masks_aug/0039_1753178794167_T_1_mask_aug11.png
39_aug12,0039_1753178794167_T_1.png,data/phantom_taobao/images_aug/0039_1753178794167_T_1_aug12.png,492146144130,1753178794167,5,70,8/10.0,4.0,424,557,90.13285457809695,phantom_taobao,1,positive,data/phantom_taobao/masks_aug/0039_1753178794167_T_1_mask_aug12.png
39_aug13,0039_1753178794167_T_1.png,data/phantom_taobao/images_aug/0039_1753178794167_T_1_aug13.png,492146144130,1753178794167,5,70,8/10.0,4.0,424,557,90.13285457809695,phantom_taobao,1,positive,data/phantom_taobao/masks_aug/0039_1753178794167_T_1_mask_aug13.png
39_aug14,0039_1753178794167_T_1.png,data/phantom_taobao/images_aug/0039_1753178794167_T_1_aug14.png,492146144130,1753178794167,5,70,8/10.0,4.0,424,557,90.13285457809695,phantom_taobao,1,positive,data/phantom_taobao/masks_aug/0039_1753178794167_T_1_mask_aug14.png
40_aug0,0040_1753178796800_T_1.png,data/phantom_taobao/images_aug/0040_1753178796800_T_1_aug0.png,494775074810,1753178796800,5,70,8/10.0,4.0,424,557,90.13285457809695,phantom_taobao,1,positive,data/phantom_taobao/masks_aug/0040_1753178796800_T_1_mask_aug0.png
40_aug1,0040_1753178796800_T_1.png,data/phantom_taobao/images_aug/0040_1753178796800_T_1_aug1.png,494775074810,1753178796800,5,70,8/10.0,4.0,424,557,90.13285457809695,phantom_taobao,1,positive,data/phantom_taobao/masks_aug/0040_1753178796800_T_1_mask_aug1.png
40_aug2,0040_1753178796800_T_1.png,data/phantom_taobao/images_aug/0040_1753178796800_T_1_aug2.png,494775074810,1753178796800,5,70,8/10.0,4.0,424,557,90.13285457809695,phantom_taobao,1,positive,data/phantom_taobao/masks_aug/0040_1753178796800_T_1_mask_aug2.png
40_aug3,0040_1753178796800_T_1.png,data/phantom_taobao/images_aug/0040_1753178796800_T_1_aug3.png,494775074810,1753178796800,5,70,8/10.0,4.0,424,557,90.13285457809695,phantom_taobao,1,positive,data/phantom_taobao/masks_aug/0040_1753178796800_T_1_mask_aug3.png
40_aug4,0040_1753178796800_T_1.png,data/phantom_taobao/images_aug/0040_1753178796800_T_1_aug4.png,494775074810,1753178796800,5,70,8/10.0,4.0,424,557,90.13285457809695,phantom_taobao,1,positive,data/phantom_taobao/masks_aug/0040_1753178796800_T_1_mask_aug4.png
40_aug5,0040_1753178796800_T_1.png,data/phantom_taobao/images_aug/0040_1753178796800_T_1_aug5.png,494775074810,1753178796800,5,70,8/10.0,4.0,424,557,90.13285457809695,phantom_taobao,1,positive,data/phantom_taobao/masks_aug/0040_1753178796800_T_1_mask_aug5.png
40_aug6,0040_1753178796800_T_1.png,data/phantom_taobao/images_aug/0040_1753178796800_T_1_aug6.png,494775074810,1753178796800,5,70,8/10.0,4.0,424,557,90.13285457809695,phantom_taobao,1,positive,data/phantom_taobao/masks_aug/0040_1753178796800_T_1_mask_aug6.png
40_aug7,0040_1753178796800_T_1.png,data/phantom_taobao/images_aug/0040_1753178796800_T_1_aug7.png,494775074810,1753178796800,5,70,8/10.0,4.0,424,557,90.13285457809695,phantom_taobao,1,positive,data/phantom_taobao/masks_aug/0040_1753178796800_T_1_mask_aug7.png
40_aug8,0040_1753178796800_T_1.png,data/phantom_taobao/images_aug/0040_1753178796800_T_1_aug8.png,494775074810,1753178796800,5,70,8/10.0,4.0,424,557,90.13285457809695,phantom_taobao,1,positive,data/phantom_taobao/masks_aug/0040_1753178796800_T_1_mask_aug8.png
40_aug9,0040_1753178796800_T_1.png,data/phantom_taobao/images_aug/0040_1753178796800_T_1_aug9.png,494775074810,1753178796800,5,70,8/10.0,4.0,424,557,90.13285457809695,phantom_taobao,1,positive,data/phantom_taobao/masks_aug/0040_1753178796800_T_1_mask_aug9.png
40_aug10,0040_1753178796800_T_1.png,data/phantom_taobao/images_aug/0040_1753178796800_T_1_aug10.png,494775074810,1753178796800,5,70,8/10.0,4.0,424,557,90.13285457809695,phantom_taobao,1,positive,data/phantom_taobao/masks_aug/0040_1753178796800_T_1_mask_aug10.png
40_aug11,0040_1753178796800_T_1.png,data/phantom_taobao/images_aug/0040_1753178796800_T_1_aug11.png,494775074810,1753178796800,5,70,8/10.0,4.0,424,557,90.13285457809695,phantom_taobao,1,positive,data/phantom_taobao/masks_aug/0040_1753178796800_T_1_mask_aug11.png
40_aug12,0040_1753178796800_T_1.png,data/phantom_taobao/images_aug/0040_1753178796800_T_1_aug12.png,494775074810,1753178796800,5,70,8/10.0,4.0,424,557,90.13285457809695,phantom_taobao,1,positive,data/phantom_taobao/masks_aug/0040_1753178796800_T_1_mask_aug12.png
40_aug13,0040_1753178796800_T_1.png,data/phantom_taobao/images_aug/0040_1753178796800_T_1_aug13.png,494775074810,1753178796800,5,70,8/10.0,4.0,424,557,90.13285457809695,phantom_taobao,1,positive,data/phantom_taobao/masks_aug/0040_1753178796800_T_1_mask_aug13.png
40_aug14,0040_1753178796800_T_1.png,data/phantom_taobao/images_aug/0040_1753178796800_T_1_aug14.png,494775074810,1753178796800,5,70,8/10.0,4.0,424,557,90.13285457809695,phantom_taobao,1,positive,data/phantom_taobao/masks_aug/0040_1753178796800_T_1_mask_aug14.png
41_aug0,0041_1753178803543_T_1.png,data/phantom_taobao/images_aug/0041_1753178803543_T_1_aug0.png,501540427680,1753178803543,5,70,8/10.0,4.0,424,557,90.13285457809695,phantom_taobao,1,positive,data/phantom_taobao/masks_aug/0041_1753178803543_T_1_mask_aug0.png
41_aug1,0041_1753178803543_T_1.png,data/phantom_taobao/images_aug/0041_1753178803543_T_1_aug1.png,501540427680,1753178803543,5,70,8/10.0,4.0,424,557,90.13285457809695,phantom_taobao,1,positive,data/phantom_taobao/masks_aug/0041_1753178803543_T_1_mask_aug1.png
41_aug2,0041_1753178803543_T_1.png,data/phantom_taobao/images_aug/0041_1753178803543_T_1_aug2.png,501540427680,1753178803543,5,70,8/10.0,4.0,424,557,90.13285457809695,phantom_taobao,1,positive,data/phantom_taobao/masks_aug/0041_1753178803543_T_1_mask_aug2.png
41_aug3,0041_1753178803543_T_1.png,data/phantom_taobao/images_aug/0041_1753178803543_T_1_aug3.png,501540427680,1753178803543,5,70,8/10.0,4.0,424,557,90.13285457809695,phantom_taobao,1,positive,data/phantom_taobao/masks_aug/0041_1753178803543_T_1_mask_aug3.png
41_aug4,0041_1753178803543_T_1.png,data/phantom_taobao/images_aug/0041_1753178803543_T_1_aug4.png,501540427680,1753178803543,5,70,8/10.0,4.0,424,557,90.13285457809695,phantom_taobao,1,positive,data/phantom_taobao/masks_aug/0041_1753178803543_T_1_mask_aug4.png
41_aug5,0041_1753178803543_T_1.png,data/phantom_taobao/images_aug/0041_1753178803543_T_1_aug5.png,501540427680,1753178803543,5,70,8/10.0,4.0,424,557,90.13285457809695,phantom_taobao,1,positive,data/phantom_taobao/masks_aug/0041_1753178803543_T_1_mask_aug5.png
41_aug6,0041_1753178803543_T_1.png,data/phantom_taobao/images_aug/0041_1753178803543_T_1_aug6.png,501540427680,1753178803543,5,70,8/10.0,4.0,424,557,90.13285457809695,phantom_taobao,1,positive,data/phantom_taobao/masks_aug/0041_1753178803543_T_1_mask_aug6.png
41_aug7,0041_1753178803543_T_1.png,data/phantom_taobao/images_aug/0041_1753178803543_T_1_aug7.png,501540427680,1753178803543,5,70,8/10.0,4.0,424,557,90.13285457809695,phantom_taobao,1,positive,data/phantom_taobao/masks_aug/0041_1753178803543_T_1_mask_aug7.png
41_aug8,0041_1753178803543_T_1.png,data/phantom_taobao/images_aug/0041_1753178803543_T_1_aug8.png,501540427680,1753178803543,5,70,8/10.0,4.0,424,557,90.13285457809695,phantom_taobao,1,positive,data/phantom_taobao/masks_aug/0041_1753178803543_T_1_mask_aug8.png
41_aug9,0041_1753178803543_T_1.png,data/phantom_taobao/images_aug/0041_1753178803543_T_1_aug9.png,501540427680,1753178803543,5,70,8/10.0,4.0,424,557,90.13285457809695,phantom_taobao,1,positive,data/phantom_taobao/masks_aug/0041_1753178803543_T_1_mask_aug9.png
41_aug10,0041_1753178803543_T_1.png,data/phantom_taobao/images_aug/0041_1753178803543_T_1_aug10.png,501540427680,1753178803543,5,70,8/10.0,4.0,424,557,90.13285457809695,phantom_taobao,1,positive,data/phantom_taobao/masks_aug/0041_1753178803543_T_1_mask_aug10.png
41_aug11,0041_1753178803543_T_1.png,data/phantom_taobao/images_aug/0041_1753178803543_T_1_aug11.png,501540427680,1753178803543,5,70,8/10.0,4.0,424,557,90.13285457809695,phantom_taobao,1,positive,data/phantom_taobao/masks_aug/0041_1753178803543_T_1_mask_aug11.png
41_aug12,0041_1753178803543_T_1.png,data/phantom_taobao/images_aug/0041_1753178803543_T_1_aug12.png,501540427680,1753178803543,5,70,8/10.0,4.0,424,557,90.13285457809695,phantom_taobao,1,positive,data/phantom_taobao/masks_aug/0041_1753178803543_T_1_mask_aug12.png
41_aug13,0041_1753178803543_T_1.png,data/phantom_taobao/images_aug/0041_1753178803543_T_1_aug13.png,501540427680,1753178803543,5,70,8/10.0,4.0,424,557,90.13285457809695,phantom_taobao,1,positive,data/phantom_taobao/masks_aug/0041_1753178803543_T_1_mask_aug13.png
41_aug14,0041_1753178803543_T_1.png,data/phantom_taobao/images_aug/0041_1753178803543_T_1_aug14.png,501540427680,1753178803543,5,70,8/10.0,4.0,424,557,90.13285457809695,phantom_taobao,1,positive,data/phantom_taobao/masks_aug/0041_1753178803543_T_1_mask_aug14.png
42_aug0,0042_1753178806006_T_1.png,data/phantom_taobao/images_aug/0042_1753178806006_T_1_aug0.png,504000898430,1753178806006,5,70,8/10.0,4.0,424,557,90.13285457809695,phantom_taobao,1,positive,data/phantom_taobao/masks_aug/0042_1753178806006_T_1_mask_aug0.png
42_aug1,0042_1753178806006_T_1.png,data/phantom_taobao/images_aug/0042_1753178806006_T_1_aug1.png,504000898430,1753178806006,5,70,8/10.0,4.0,424,557,90.13285457809695,phantom_taobao,1,positive,data/phantom_taobao/masks_aug/0042_1753178806006_T_1_mask_aug1.png
42_aug2,0042_1753178806006_T_1.png,data/phantom_taobao/images_aug/0042_1753178806006_T_1_aug2.png,504000898430,1753178806006,5,70,8/10.0,4.0,424,557,90.13285457809695,phantom_taobao,1,positive,data/phantom_taobao/masks_aug/0042_1753178806006_T_1_mask_aug2.png
42_aug3,0042_1753178806006_T_1.png,data/phantom_taobao/images_aug/0042_1753178806006_T_1_aug3.png,504000898430,1753178806006,5,70,8/10.0,4.0,424,557,90.13285457809695,phantom_taobao,1,positive,data/phantom_taobao/masks_aug/0042_1753178806006_T_1_mask_aug3.png
42_aug4,0042_1753178806006_T_1.png,data/phantom_taobao/images_aug/0042_1753178806006_T_1_aug4.png,504000898430,1753178806006,5,70,8/10.0,4.0,424,557,90.13285457809695,phantom_taobao,1,positive,data/phantom_taobao/masks_aug/0042_1753178806006_T_1_mask_aug4.png
42_aug5,0042_1753178806006_T_1.png,data/phantom_taobao/images_aug/0042_1753178806006_T_1_aug5.png,504000898430,1753178806006,5,70,8/10.0,4.0,424,557,90.13285457809695,phantom_taobao,1,positive,data/phantom_taobao/masks_aug/0042_1753178806006_T_1_mask_aug5.png
42_aug6,0042_1753178806006_T_1.png,data/phantom_taobao/images_aug/0042_1753178806006_T_1_aug6.png,504000898430,1753178806006,5,70,8/10.0,4.0,424,557,90.13285457809695,phantom_taobao,1,positive,data/phantom_taobao/masks_aug/0042_1753178806006_T_1_mask_aug6.png
42_aug7,0042_1753178806006_T_1.png,data/phantom_taobao/images_aug/0042_1753178806006_T_1_aug7.png,504000898430,1753178806006,5,70,8/10.0,4.0,424,557,90.13285457809695,phantom_taobao,1,positive,data/phantom_taobao/masks_aug/0042_1753178806006_T_1_mask_aug7.png
42_aug8,0042_1753178806006_T_1.png,data/phantom_taobao/images_aug/0042_1753178806006_T_1_aug8.png,504000898430,1753178806006,5,70,8/10.0,4.0,424,557,90.13285457809695,phantom_taobao,1,positive,data/phantom_taobao/masks_aug/0042_1753178806006_T_1_mask_aug8.png
42_aug9,0042_1753178806006_T_1.png,data/phantom_taobao/images_aug/0042_1753178806006_T_1_aug9.png,504000898430,1753178806006,5,70,8/10.0,4.0,424,557,90.13285457809695,phantom_taobao,1,positive,data/phantom_taobao/masks_aug/0042_1753178806006_T_1_mask_aug9.png
42_aug10,0042_1753178806006_T_1.png,data/phantom_taobao/images_aug/0042_1753178806006_T_1_aug10.png,504000898430,1753178806006,5,70,8/10.0,4.0,424,557,90.13285457809695,phantom_taobao,1,positive,data/phantom_taobao/masks_aug/0042_1753178806006_T_1_mask_aug10.png
42_aug11,0042_1753178806006_T_1.png,data/phantom_taobao/images_aug/0042_1753178806006_T_1_aug11.png,504000898430,1753178806006,5,70,8/10.0,4.0,424,557,90.13285457809695,phantom_taobao,1,positive,data/phantom_taobao/masks_aug/0042_1753178806006_T_1_mask_aug11.png
42_aug12,0042_1753178806006_T_1.png,data/phantom_taobao/images_aug/0042_1753178806006_T_1_aug12.png,504000898430,1753178806006,5,70,8/10.0,4.0,424,557,90.13285457809695,phantom_taobao,1,positive,data/phantom_taobao/masks_aug/0042_1753178806006_T_1_mask_aug12.png
42_aug13,0042_1753178806006_T_1.png,data/phantom_taobao/images_aug/0042_1753178806006_T_1_aug13.png,504000898430,1753178806006,5,70,8/10.0,4.0,424,557,90.13285457809695,phantom_taobao,1,positive,data/phantom_taobao/masks_aug/0042_1753178806006_T_1_mask_aug13.png
42_aug14,0042_1753178806006_T_1.png,data/phantom_taobao/images_aug/0042_1753178806006_T_1_aug14.png,504000898430,1753178806006,5,70,8/10.0,4.0,424,557,90.13285457809695,phantom_taobao,1,positive,data/phantom_taobao/masks_aug/0042_1753178806006_T_1_mask_aug14.png
43_aug0,0043_1753178808313_T_1.png,data/phantom_taobao/images_aug/0043_1753178808313_T_1_aug0.png,506292790580,1753178808313,5,70,8/10.0,4.0,424,557,90.13285457809695,phantom_taobao,1,positive,data/phantom_taobao/masks_aug/0043_1753178808313_T_1_mask_aug0.png
43_aug1,0043_1753178808313_T_1.png,data/phantom_taobao/images_aug/0043_1753178808313_T_1_aug1.png,506292790580,1753178808313,5,70,8/10.0,4.0,424,557,90.13285457809695,phantom_taobao,1,positive,data/phantom_taobao/masks_aug/0043_1753178808313_T_1_mask_aug1.png
43_aug2,0043_1753178808313_T_1.png,data/phantom_taobao/images_aug/0043_1753178808313_T_1_aug2.png,506292790580,1753178808313,5,70,8/10.0,4.0,424,557,90.13285457809695,phantom_taobao,1,positive,data/phantom_taobao/masks_aug/0043_1753178808313_T_1_mask_aug2.png
43_aug3,0043_1753178808313_T_1.png,data/phantom_taobao/images_aug/0043_1753178808313_T_1_aug3.png,506292790580,1753178808313,5,70,8/10.0,4.0,424,557,90.13285457809695,phantom_taobao,1,positive,data/phantom_taobao/masks_aug/0043_1753178808313_T_1_mask_aug3.png
43_aug4,0043_1753178808313_T_1.png,data/phantom_taobao/images_aug/0043_1753178808313_T_1_aug4.png,506292790580,1753178808313,5,70,8/10.0,4.0,424,557,90.13285457809695,phantom_taobao,1,positive,data/phantom_taobao/masks_aug/0043_1753178808313_T_1_mask_aug4.png
43_aug5,0043_1753178808313_T_1.png,data/phantom_taobao/images_aug/0043_1753178808313_T_1_aug5.png,506292790580,1753178808313,5,70,8/10.0,4.0,424,557,90.13285457809695,phantom_taobao,1,positive,data/phantom_taobao/masks_aug/0043_1753178808313_T_1_mask_aug5.png
43_aug6,0043_1753178808313_T_1.png,data/phantom_taobao/images_aug/0043_1753178808313_T_1_aug6.png,506292790580,1753178808313,5,70,8/10.0,4.0,424,557,90.13285457809695,phantom_taobao,1,positive,data/phantom_taobao/masks_aug/0043_1753178808313_T_1_mask_aug6.png
43_aug7,0043_1753178808313_T_1.png,data/phantom_taobao/images_aug/0043_1753178808313_T_1_aug7.png,506292790580,1753178808313,5,70,8/10.0,4.0,424,557,90.13285457809695,phantom_taobao,1,positive,data/phantom_taobao/masks_aug/0043_1753178808313_T_1_mask_aug7.png
43_aug8,0043_1753178808313_T_1.png,data/phantom_taobao/images_aug/0043_1753178808313_T_1_aug8.png,506292790580,1753178808313,5,70,8/10.0,4.0,424,557,90.13285457809695,phantom_taobao,1,positive,data/phantom_taobao/masks_aug/0043_1753178808313_T_1_mask_aug8.png
43_aug9,0043_1753178808313_T_1.png,data/phantom_taobao/images_aug/0043_1753178808313_T_1_aug9.png,506292790580,1753178808313,5,70,8/10.0,4.0,424,557,90.13285457809695,phantom_taobao,1,positive,data/phantom_taobao/masks_aug/0043_1753178808313_T_1_mask_aug9.png
43_aug10,0043_1753178808313_T_1.png,data/phantom_taobao/images_aug/0043_1753178808313_T_1_aug10.png,506292790580,1753178808313,5,70,8/10.0,4.0,424,557,90.13285457809695,phantom_taobao,1,positive,data/phantom_taobao/masks_aug/0043_1753178808313_T_1_mask_aug10.png
43_aug11,0043_1753178808313_T_1.png,data/phantom_taobao/images_aug/0043_1753178808313_T_1_aug11.png,506292790580,1753178808313,5,70,8/10.0,4.0,424,557,90.13285457809695,phantom_taobao,1,positive,data/phantom_taobao/masks_aug/0043_1753178808313_T_1_mask_aug11.png
43_aug12,0043_1753178808313_T_1.png,data/phantom_taobao/images_aug/0043_1753178808313_T_1_aug12.png,506292790580,1753178808313,5,70,8/10.0,4.0,424,557,90.13285457809695,phantom_taobao,1,positive,data/phantom_taobao/masks_aug/0043_1753178808313_T_1_mask_aug12.png
43_aug13,0043_1753178808313_T_1.png,data/phantom_taobao/images_aug/0043_1753178808313_T_1_aug13.png,506292790580,1753178808313,5,70,8/10.0,4.0,424,557,90.13285457809695,phantom_taobao,1,positive,data/phantom_taobao/masks_aug/0043_1753178808313_T_1_mask_aug13.png
43_aug14,0043_1753178808313_T_1.png,data/phantom_taobao/images_aug/0043_1753178808313_T_1_aug14.png,506292790580,1753178808313,5,70,8/10.0,4.0,424,557,90.13285457809695,phantom_taobao,1,positive,data/phantom_taobao/masks_aug/0043_1753178808313_T_1_mask_aug14.png
44_aug0,0044_1753178811655_T_1.png,data/phantom_taobao/images_aug/0044_1753178811655_T_1_aug0.png,509647926980,1753178811655,5,70,8/10.0,4.0,424,557,90.13285457809695,phantom_taobao,1,positive,data/phantom_taobao/masks_aug/0044_1753178811655_T_1_mask_aug0.png
44_aug1,0044_1753178811655_T_1.png,data/phantom_taobao/images_aug/0044_1753178811655_T_1_aug1.png,509647926980,1753178811655,5,70,8/10.0,4.0,424,557,90.13285457809695,phantom_taobao,1,positive,data/phantom_taobao/masks_aug/0044_1753178811655_T_1_mask_aug1.png
44_aug2,0044_1753178811655_T_1.png,data/phantom_taobao/images_aug/0044_1753178811655_T_1_aug2.png,509647926980,1753178811655,5,70,8/10.0,4.0,424,557,90.13285457809695,phantom_taobao,1,positive,data/phantom_taobao/masks_aug/0044_1753178811655_T_1_mask_aug2.png
44_aug3,0044_1753178811655_T_1.png,data/phantom_taobao/images_aug/0044_1753178811655_T_1_aug3.png,509647926980,1753178811655,5,70,8/10.0,4.0,424,557,90.13285457809695,phantom_taobao,1,positive,data/phantom_taobao/masks_aug/0044_1753178811655_T_1_mask_aug3.png
44_aug4,0044_1753178811655_T_1.png,data/phantom_taobao/images_aug/0044_1753178811655_T_1_aug4.png,509647926980,1753178811655,5,70,8/10.0,4.0,424,557,90.13285457809695,phantom_taobao,1,positive,data/phantom_taobao/masks_aug/0044_1753178811655_T_1_mask_aug4.png
44_aug5,0044_1753178811655_T_1.png,data/phantom_taobao/images_aug/0044_1753178811655_T_1_aug5.png,509647926980,1753178811655,5,70,8/10.0,4.0,424,557,90.13285457809695,phantom_taobao,1,positive,data/phantom_taobao/masks_aug/0044_1753178811655_T_1_mask_aug5.png
44_aug6,0044_1753178811655_T_1.png,data/phantom_taobao/images_aug/0044_1753178811655_T_1_aug6.png,509647926980,1753178811655,5,70,8/10.0,4.0,424,557,90.13285457809695,phantom_taobao,1,positive,data/phantom_taobao/masks_aug/0044_1753178811655_T_1_mask_aug6.png
44_aug7,0044_1753178811655_T_1.png,data/phantom_taobao/images_aug/0044_1753178811655_T_1_aug7.png,509647926980,1753178811655,5,70,8/10.0,4.0,424,557,90.13285457809695,phantom_taobao,1,positive,data/phantom_taobao/masks_aug/0044_1753178811655_T_1_mask_aug7.png
44_aug8,0044_1753178811655_T_1.png,data/phantom_taobao/images_aug/0044_1753178811655_T_1_aug8.png,509647926980,1753178811655,5,70,8/10.0,4.0,424,557,90.13285457809695,phantom_taobao,1,positive,data/phantom_taobao/masks_aug/0044_1753178811655_T_1_mask_aug8.png
44_aug9,0044_1753178811655_T_1.png,data/phantom_taobao/images_aug/0044_1753178811655_T_1_aug9.png,509647926980,1753178811655,5,70,8/10.0,4.0,424,557,90.13285457809695,phantom_taobao,1,positive,data/phantom_taobao/masks_aug/0044_1753178811655_T_1_mask_aug9.png
44_aug10,0044_1753178811655_T_1.png,data/phantom_taobao/images_aug/0044_1753178811655_T_1_aug10.png,509647926980,1753178811655,5,70,8/10.0,4.0,424,557,90.13285457809695,phantom_taobao,1,positive,data/phantom_taobao/masks_aug/0044_1753178811655_T_1_mask_aug10.png
44_aug11,0044_1753178811655_T_1.png,data/phantom_taobao/images_aug/0044_1753178811655_T_1_aug11.png,509647926980,1753178811655,5,70,8/10.0,4.0,424,557,90.13285457809695,phantom_taobao,1,positive,data/phantom_taobao/masks_aug/0044_1753178811655_T_1_mask_aug11.png
44_aug12,0044_1753178811655_T_1.png,data/phantom_taobao/images_aug/0044_1753178811655_T_1_aug12.png,509647926980,1753178811655,5,70,8/10.0,4.0,424,557,90.13285457809695,phantom_taobao,1,positive,data/phantom_taobao/masks_aug/0044_1753178811655_T_1_mask_aug12.png
44_aug13,0044_1753178811655_T_1.png,data/phantom_taobao/images_aug/0044_1753178811655_T_1_aug13.png,509647926980,1753178811655,5,70,8/10.0,4.0,424,557,90.13285457809695,phantom_taobao,1,positive,data/phantom_taobao/masks_aug/0044_1753178811655_T_1_mask_aug13.png
44_aug14,0044_1753178811655_T_1.png,data/phantom_taobao/images_aug/0044_1753178811655_T_1_aug14.png,509647926980,1753178811655,5,70,8/10.0,4.0,424,557,90.13285457809695,phantom_taobao,1,positive,data/phantom_taobao/masks_aug/0044_1753178811655_T_1_mask_aug14.png
45_aug0,0045_1753178814138_T_1.png,data/phantom_taobao/images_aug/0045_1753178814138_T_1_aug0.png,512107941320,1753178814138,5,70,8/10.0,4.0,424,557,90.13285457809695,phantom_taobao,1,positive,data/phantom_taobao/masks_aug/0045_1753178814138_T_1_mask_aug0.png
45_aug1,0045_1753178814138_T_1.png,data/phantom_taobao/images_aug/0045_1753178814138_T_1_aug1.png,512107941320,1753178814138,5,70,8/10.0,4.0,424,557,90.13285457809695,phantom_taobao,1,positive,data/phantom_taobao/masks_aug/0045_1753178814138_T_1_mask_aug1.png
45_aug2,0045_1753178814138_T_1.png,data/phantom_taobao/images_aug/0045_1753178814138_T_1_aug2.png,512107941320,1753178814138,5,70,8/10.0,4.0,424,557,90.13285457809695,phantom_taobao,1,positive,data/phantom_taobao/masks_aug/0045_1753178814138_T_1_mask_aug2.png
45_aug3,0045_1753178814138_T_1.png,data/phantom_taobao/images_aug/0045_1753178814138_T_1_aug3.png,512107941320,1753178814138,5,70,8/10.0,4.0,424,557,90.13285457809695,phantom_taobao,1,positive,data/phantom_taobao/masks_aug/0045_1753178814138_T_1_mask_aug3.png
45_aug4,0045_1753178814138_T_1.png,data/phantom_taobao/images_aug/0045_1753178814138_T_1_aug4.png,512107941320,1753178814138,5,70,8/10.0,4.0,424,557,90.13285457809695,phantom_taobao,1,positive,data/phantom_taobao/masks_aug/0045_1753178814138_T_1_mask_aug4.png
45_aug5,0045_1753178814138_T_1.png,data/phantom_taobao/images_aug/0045_1753178814138_T_1_aug5.png,512107941320,1753178814138,5,70,8/10.0,4.0,424,557,90.13285457809695,phantom_taobao,1,positive,data/phantom_taobao/masks_aug/0045_1753178814138_T_1_mask_aug5.png
45_aug6,0045_1753178814138_T_1.png,data/phantom_taobao/images_aug/0045_1753178814138_T_1_aug6.png,512107941320,1753178814138,5,70,8/10.0,4.0,424,557,90.13285457809695,phantom_taobao,1,positive,data/phantom_taobao/masks_aug/0045_1753178814138_T_1_mask_aug6.png
45_aug7,0045_1753178814138_T_1.png,data/phantom_taobao/images_aug/0045_1753178814138_T_1_aug7.png,512107941320,1753178814138,5,70,8/10.0,4.0,424,557,90.13285457809695,phantom_taobao,1,positive,data/phantom_taobao/masks_aug/0045_1753178814138_T_1_mask_aug7.png
45_aug8,0045_1753178814138_T_1.png,data/phantom_taobao/images_aug/0045_1753178814138_T_1_aug8.png,512107941320,1753178814138,5,70,8/10.0,4.0,424,557,90.13285457809695,phantom_taobao,1,positive,data/phantom_taobao/masks_aug/0045_1753178814138_T_1_mask_aug8.png
45_aug9,0045_1753178814138_T_1.png,data/phantom_taobao/images_aug/0045_1753178814138_T_1_aug9.png,512107941320,1753178814138,5,70,8/10.0,4.0,424,557,90.13285457809695,phantom_taobao,1,positive,data/phantom_taobao/masks_aug/0045_1753178814138_T_1_mask_aug9.png
45_aug10,0045_1753178814138_T_1.png,data/phantom_taobao/images_aug/0045_1753178814138_T_1_aug10.png,512107941320,1753178814138,5,70,8/10.0,4.0,424,557,90.13285457809695,phantom_taobao,1,positive,data/phantom_taobao/masks_aug/0045_1753178814138_T_1_mask_aug10.png
45_aug11,0045_1753178814138_T_1.png,data/phantom_taobao/images_aug/0045_1753178814138_T_1_aug11.png,512107941320,1753178814138,5,70,8/10.0,4.0,424,557,90.13285457809695,phantom_taobao,1,positive,data/phantom_taobao/masks_aug/0045_1753178814138_T_1_mask_aug11.png
45_aug12,0045_1753178814138_T_1.png,data/phantom_taobao/images_aug/0045_1753178814138_T_1_aug12.png,512107941320,1753178814138,5,70,8/10.0,4.0,424,557,90.13285457809695,phantom_taobao,1,positive,data/phantom_taobao/masks_aug/0045_1753178814138_T_1_mask_aug12.png
45_aug13,0045_1753178814138_T_1.png,data/phantom_taobao/images_aug/0045_1753178814138_T_1_aug13.png,512107941320,1753178814138,5,70,8/10.0,4.0,424,557,90.13285457809695,phantom_taobao,1,positive,data/phantom_taobao/masks_aug/0045_1753178814138_T_1_mask_aug13.png
45_aug14,0045_1753178814138_T_1.png,data/phantom_taobao/images_aug/0045_1753178814138_T_1_aug14.png,512107941320,1753178814138,5,70,8/10.0,4.0,424,557,90.13285457809695,phantom_taobao,1,positive,data/phantom_taobao/masks_aug/0045_1753178814138_T_1_mask_aug14.png
46_aug0,0046_1753178818351_T_1.png,data/phantom_taobao/images_aug/0046_1753178818351_T_1_aug0.png,516303605030,1753178818351,5,70,8/10.0,4.0,424,557,90.13285457809695,phantom_taobao,1,positive,data/phantom_taobao/masks_aug/0046_1753178818351_T_1_mask_aug0.png
46_aug1,0046_1753178818351_T_1.png,data/phantom_taobao/images_aug/0046_1753178818351_T_1_aug1.png,516303605030,1753178818351,5,70,8/10.0,4.0,424,557,90.13285457809695,phantom_taobao,1,positive,data/phantom_taobao/masks_aug/0046_1753178818351_T_1_mask_aug1.png
46_aug2,0046_1753178818351_T_1.png,data/phantom_taobao/images_aug/0046_1753178818351_T_1_aug2.png,516303605030,1753178818351,5,70,8/10.0,4.0,424,557,90.13285457809695,phantom_taobao,1,positive,data/phantom_taobao/masks_aug/0046_1753178818351_T_1_mask_aug2.png
46_aug3,0046_1753178818351_T_1.png,data/phantom_taobao/images_aug/0046_1753178818351_T_1_aug3.png,516303605030,1753178818351,5,70,8/10.0,4.0,424,557,90.13285457809695,phantom_taobao,1,positive,data/phantom_taobao/masks_aug/0046_1753178818351_T_1_mask_aug3.png
46_aug4,0046_1753178818351_T_1.png,data/phantom_taobao/images_aug/0046_1753178818351_T_1_aug4.png,516303605030,1753178818351,5,70,8/10.0,4.0,424,557,90.13285457809695,phantom_taobao,1,positive,data/phantom_taobao/masks_aug/0046_1753178818351_T_1_mask_aug4.png
46_aug5,0046_1753178818351_T_1.png,data/phantom_taobao/images_aug/0046_1753178818351_T_1_aug5.png,516303605030,1753178818351,5,70,8/10.0,4.0,424,557,90.13285457809695,phantom_taobao,1,positive,data/phantom_taobao/masks_aug/0046_1753178818351_T_1_mask_aug5.png
46_aug6,0046_1753178818351_T_1.png,data/phantom_taobao/images_aug/0046_1753178818351_T_1_aug6.png,516303605030,1753178818351,5,70,8/10.0,4.0,424,557,90.13285457809695,phantom_taobao,1,positive,data/phantom_taobao/masks_aug/0046_1753178818351_T_1_mask_aug6.png
46_aug7,0046_1753178818351_T_1.png,data/phantom_taobao/images_aug/0046_1753178818351_T_1_aug7.png,516303605030,1753178818351,5,70,8/10.0,4.0,424,557,90.13285457809695,phantom_taobao,1,positive,data/phantom_taobao/masks_aug/0046_1753178818351_T_1_mask_aug7.png
46_aug8,0046_1753178818351_T_1.png,data/phantom_taobao/images_aug/0046_1753178818351_T_1_aug8.png,516303605030,1753178818351,5,70,8/10.0,4.0,424,557,90.13285457809695,phantom_taobao,1,positive,data/phantom_taobao/masks_aug/0046_1753178818351_T_1_mask_aug8.png
46_aug9,0046_1753178818351_T_1.png,data/phantom_taobao/images_aug/0046_1753178818351_T_1_aug9.png,516303605030,1753178818351,5,70,8/10.0,4.0,424,557,90.13285457809695,phantom_taobao,1,positive,data/phantom_taobao/masks_aug/0046_1753178818351_T_1_mask_aug9.png
46_aug10,0046_1753178818351_T_1.png,data/phantom_taobao/images_aug/0046_1753178818351_T_1_aug10.png,516303605030,1753178818351,5,70,8/10.0,4.0,424,557,90.13285457809695,phantom_taobao,1,positive,data/phantom_taobao/masks_aug/0046_1753178818351_T_1_mask_aug10.png
46_aug11,0046_1753178818351_T_1.png,data/phantom_taobao/images_aug/0046_1753178818351_T_1_aug11.png,516303605030,1753178818351,5,70,8/10.0,4.0,424,557,90.13285457809695,phantom_taobao,1,positive,data/phantom_taobao/masks_aug/0046_1753178818351_T_1_mask_aug11.png
46_aug12,0046_1753178818351_T_1.png,data/phantom_taobao/images_aug/0046_1753178818351_T_1_aug12.png,516303605030,1753178818351,5,70,8/10.0,4.0,424,557,90.13285457809695,phantom_taobao,1,positive,data/phantom_taobao/masks_aug/0046_1753178818351_T_1_mask_aug12.png
46_aug13,0046_1753178818351_T_1.png,data/phantom_taobao/images_aug/0046_1753178818351_T_1_aug13.png,516303605030,1753178818351,5,70,8/10.0,4.0,424,557,90.13285457809695,phantom_taobao,1,positive,data/phantom_taobao/masks_aug/0046_1753178818351_T_1_mask_aug13.png
46_aug14,0046_1753178818351_T_1.png,data/phantom_taobao/images_aug/0046_1753178818351_T_1_aug14.png,516303605030,1753178818351,5,70,8/10.0,4.0,424,557,90.13285457809695,phantom_taobao,1,positive,data/phantom_taobao/masks_aug/0046_1753178818351_T_1_mask_aug14.png
47_aug0,0047_1753178864670_T_1.png,data/phantom_taobao/images_aug/0047_1753178864670_T_1_aug0.png,562662040410,1753178864670,5,70,8/10.0,4.0,424,557,89.99461400359066,phantom_taobao,1,positive,data/phantom_taobao/masks_aug/0047_1753178864670_T_1_mask_aug0.png
47_aug1,0047_1753178864670_T_1.png,data/phantom_taobao/images_aug/0047_1753178864670_T_1_aug1.png,562662040410,1753178864670,5,70,8/10.0,4.0,424,557,89.99461400359066,phantom_taobao,1,positive,data/phantom_taobao/masks_aug/0047_1753178864670_T_1_mask_aug1.png
47_aug2,0047_1753178864670_T_1.png,data/phantom_taobao/images_aug/0047_1753178864670_T_1_aug2.png,562662040410,1753178864670,5,70,8/10.0,4.0,424,557,89.99461400359066,phantom_taobao,1,positive,data/phantom_taobao/masks_aug/0047_1753178864670_T_1_mask_aug2.png
47_aug3,0047_1753178864670_T_1.png,data/phantom_taobao/images_aug/0047_1753178864670_T_1_aug3.png,562662040410,1753178864670,5,70,8/10.0,4.0,424,557,89.99461400359066,phantom_taobao,1,positive,data/phantom_taobao/masks_aug/0047_1753178864670_T_1_mask_aug3.png
47_aug4,0047_1753178864670_T_1.png,data/phantom_taobao/images_aug/0047_1753178864670_T_1_aug4.png,562662040410,1753178864670,5,70,8/10.0,4.0,424,557,89.99461400359066,phantom_taobao,1,positive,data/phantom_taobao/masks_aug/0047_1753178864670_T_1_mask_aug4.png
47_aug5,0047_1753178864670_T_1.png,data/phantom_taobao/images_aug/0047_1753178864670_T_1_aug5.png,562662040410,1753178864670,5,70,8/10.0,4.0,424,557,89.99461400359066,phantom_taobao,1,positive,data/phantom_taobao/masks_aug/0047_1753178864670_T_1_mask_aug5.png
47_aug6,0047_1753178864670_T_1.png,data/phantom_taobao/images_aug/0047_1753178864670_T_1_aug6.png,562662040410,1753178864670,5,70,8/10.0,4.0,424,557,89.99461400359066,phantom_taobao,1,positive,data/phantom_taobao/masks_aug/0047_1753178864670_T_1_mask_aug6.png
47_aug7,0047_1753178864670_T_1.png,data/phantom_taobao/images_aug/0047_1753178864670_T_1_aug7.png,562662040410,1753178864670,5,70,8/10.0,4.0,424,557,89.99461400359066,phantom_taobao,1,positive,data/phantom_taobao/masks_aug/0047_1753178864670_T_1_mask_aug7.png
47_aug8,0047_1753178864670_T_1.png,data/phantom_taobao/images_aug/0047_1753178864670_T_1_aug8.png,562662040410,1753178864670,5,70,8/10.0,4.0,424,557,89.99461400359066,phantom_taobao,1,positive,data/phantom_taobao/masks_aug/0047_1753178864670_T_1_mask_aug8.png
47_aug9,0047_1753178864670_T_1.png,data/phantom_taobao/images_aug/0047_1753178864670_T_1_aug9.png,562662040410,1753178864670,5,70,8/10.0,4.0,424,557,89.99461400359066,phantom_taobao,1,positive,data/phantom_taobao/masks_aug/0047_1753178864670_T_1_mask_aug9.png
47_aug10,0047_1753178864670_T_1.png,data/phantom_taobao/images_aug/0047_1753178864670_T_1_aug10.png,562662040410,1753178864670,5,70,8/10.0,4.0,424,557,89.99461400359066,phantom_taobao,1,positive,data/phantom_taobao/masks_aug/0047_1753178864670_T_1_mask_aug10.png
47_aug11,0047_1753178864670_T_1.png,data/phantom_taobao/images_aug/0047_1753178864670_T_1_aug11.png,562662040410,1753178864670,5,70,8/10.0,4.0,424,557,89.99461400359066,phantom_taobao,1,positive,data/phantom_taobao/masks_aug/0047_1753178864670_T_1_mask_aug11.png
47_aug12,0047_1753178864670_T_1.png,data/phantom_taobao/images_aug/0047_1753178864670_T_1_aug12.png,562662040410,1753178864670,5,70,8/10.0,4.0,424,557,89.99461400359066,phantom_taobao,1,positive,data/phantom_taobao/masks_aug/0047_1753178864670_T_1_mask_aug12.png
47_aug13,0047_1753178864670_T_1.png,data/phantom_taobao/images_aug/0047_1753178864670_T_1_aug13.png,562662040410,1753178864670,5,70,8/10.0,4.0,424,557,89.99461400359066,phantom_taobao,1,positive,data/phantom_taobao/masks_aug/0047_1753178864670_T_1_mask_aug13.png
47_aug14,0047_1753178864670_T_1.png,data/phantom_taobao/images_aug/0047_1753178864670_T_1_aug14.png,562662040410,1753178864670,5,70,8/10.0,4.0,424,557,89.99461400359066,phantom_taobao,1,positive,data/phantom_taobao/masks_aug/0047_1753178864670_T_1_mask_aug14.png
50_aug0,0050_1753178880948_T_1.png,data/phantom_taobao/images_aug/0050_1753178880948_T_1_aug0.png,578945313800,1753178880948,5,70,8/10.0,4.0,424,557,89.99461400359066,phantom_taobao,1,positive,data/phantom_taobao/masks_aug/0050_1753178880948_T_1_mask_aug0.png
50_aug1,0050_1753178880948_T_1.png,data/phantom_taobao/images_aug/0050_1753178880948_T_1_aug1.png,578945313800,1753178880948,5,70,8/10.0,4.0,424,557,89.99461400359066,phantom_taobao,1,positive,data/phantom_taobao/masks_aug/0050_1753178880948_T_1_mask_aug1.png
50_aug2,0050_1753178880948_T_1.png,data/phantom_taobao/images_aug/0050_1753178880948_T_1_aug2.png,578945313800,1753178880948,5,70,8/10.0,4.0,424,557,89.99461400359066,phantom_taobao,1,positive,data/phantom_taobao/masks_aug/0050_1753178880948_T_1_mask_aug2.png
50_aug3,0050_1753178880948_T_1.png,data/phantom_taobao/images_aug/0050_1753178880948_T_1_aug3.png,578945313800,1753178880948,5,70,8/10.0,4.0,424,557,89.99461400359066,phantom_taobao,1,positive,data/phantom_taobao/masks_aug/0050_1753178880948_T_1_mask_aug3.png
50_aug4,0050_1753178880948_T_1.png,data/phantom_taobao/images_aug/0050_1753178880948_T_1_aug4.png,578945313800,1753178880948,5,70,8/10.0,4.0,424,557,89.99461400359066,phantom_taobao,1,positive,data/phantom_taobao/masks_aug/0050_1753178880948_T_1_mask_aug4.png
50_aug5,0050_1753178880948_T_1.png,data/phantom_taobao/images_aug/0050_1753178880948_T_1_aug5.png,578945313800,1753178880948,5,70,8/10.0,4.0,424,557,89.99461400359066,phantom_taobao,1,positive,data/phantom_taobao/masks_aug/0050_1753178880948_T_1_mask_aug5.png
50_aug6,0050_1753178880948_T_1.png,data/phantom_taobao/images_aug/0050_1753178880948_T_1_aug6.png,578945313800,1753178880948,5,70,8/10.0,4.0,424,557,89.99461400359066,phantom_taobao,1,positive,data/phantom_taobao/masks_aug/0050_1753178880948_T_1_mask_aug6.png
50_aug7,0050_1753178880948_T_1.png,data/phantom_taobao/images_aug/0050_1753178880948_T_1_aug7.png,578945313800,1753178880948,5,70,8/10.0,4.0,424,557,89.99461400359066,phantom_taobao,1,positive,data/phantom_taobao/masks_aug/0050_1753178880948_T_1_mask_aug7.png
50_aug8,0050_1753178880948_T_1.png,data/phantom_taobao/images_aug/0050_1753178880948_T_1_aug8.png,578945313800,1753178880948,5,70,8/10.0,4.0,424,557,89.99461400359066,phantom_taobao,1,positive,data/phantom_taobao/masks_aug/0050_1753178880948_T_1_mask_aug8.png
50_aug9,0050_1753178880948_T_1.png,data/phantom_taobao/images_aug/0050_1753178880948_T_1_aug9.png,578945313800,1753178880948,5,70,8/10.0,4.0,424,557,89.99461400359066,phantom_taobao,1,positive,data/phantom_taobao/masks_aug/0050_1753178880948_T_1_mask_aug9.png
50_aug10,0050_1753178880948_T_1.png,data/phantom_taobao/images_aug/0050_1753178880948_T_1_aug10.png,578945313800,1753178880948,5,70,8/10.0,4.0,424,557,89.99461400359066,phantom_taobao,1,positive,data/phantom_taobao/masks_aug/0050_1753178880948_T_1_mask_aug10.png
50_aug11,0050_1753178880948_T_1.png,data/phantom_taobao/images_aug/0050_1753178880948_T_1_aug11.png,578945313800,1753178880948,5,70,8/10.0,4.0,424,557,89.99461400359066,phantom_taobao,1,positive,data/phantom_taobao/masks_aug/0050_1753178880948_T_1_mask_aug11.png
50_aug12,0050_1753178880948_T_1.png,data/phantom_taobao/images_aug/0050_1753178880948_T_1_aug12.png,578945313800,1753178880948,5,70,8/10.0,4.0,424,557,89.99461400359066,phantom_taobao,1,positive,data/phantom_taobao/masks_aug/0050_1753178880948_T_1_mask_aug12.png
50_aug13,0050_1753178880948_T_1.png,data/phantom_taobao/images_aug/0050_1753178880948_T_1_aug13.png,578945313800,1753178880948,5,70,8/10.0,4.0,424,557,89.99461400359066,phantom_taobao,1,positive,data/phantom_taobao/masks_aug/0050_1753178880948_T_1_mask_aug13.png
50_aug14,0050_1753178880948_T_1.png,data/phantom_taobao/images_aug/0050_1753178880948_T_1_aug14.png,578945313800,1753178880948,5,70,8/10.0,4.0,424,557,89.99461400359066,phantom_taobao,1,positive,data/phantom_taobao/masks_aug/0050_1753178880948_T_1_mask_aug14.png
51_aug0,0051_1753178884862_T_1.png,data/phantom_taobao/images_aug/0051_1753178884862_T_1_aug0.png,582863083050,1753178884862,5,70,8/10.0,4.0,424,557,89.99461400359066,phantom_taobao,1,positive,data/phantom_taobao/masks_aug/0051_1753178884862_T_1_mask_aug0.png
51_aug1,0051_1753178884862_T_1.png,data/phantom_taobao/images_aug/0051_1753178884862_T_1_aug1.png,582863083050,1753178884862,5,70,8/10.0,4.0,424,557,89.99461400359066,phantom_taobao,1,positive,data/phantom_taobao/masks_aug/0051_1753178884862_T_1_mask_aug1.png
51_aug2,0051_1753178884862_T_1.png,data/phantom_taobao/images_aug/0051_1753178884862_T_1_aug2.png,582863083050,1753178884862,5,70,8/10.0,4.0,424,557,89.99461400359066,phantom_taobao,1,positive,data/phantom_taobao/masks_aug/0051_1753178884862_T_1_mask_aug2.png
51_aug3,0051_1753178884862_T_1.png,data/phantom_taobao/images_aug/0051_1753178884862_T_1_aug3.png,582863083050,1753178884862,5,70,8/10.0,4.0,424,557,89.99461400359066,phantom_taobao,1,positive,data/phantom_taobao/masks_aug/0051_1753178884862_T_1_mask_aug3.png
51_aug4,0051_1753178884862_T_1.png,data/phantom_taobao/images_aug/0051_1753178884862_T_1_aug4.png,582863083050,1753178884862,5,70,8/10.0,4.0,424,557,89.99461400359066,phantom_taobao,1,positive,data/phantom_taobao/masks_aug/0051_1753178884862_T_1_mask_aug4.png
51_aug5,0051_1753178884862_T_1.png,data/phantom_taobao/images_aug/0051_1753178884862_T_1_aug5.png,582863083050,1753178884862,5,70,8/10.0,4.0,424,557,89.99461400359066,phantom_taobao,1,positive,data/phantom_taobao/masks_aug/0051_1753178884862_T_1_mask_aug5.png
51_aug6,0051_1753178884862_T_1.png,data/phantom_taobao/images_aug/0051_1753178884862_T_1_aug6.png,582863083050,1753178884862,5,70,8/10.0,4.0,424,557,89.99461400359066,phantom_taobao,1,positive,data/phantom_taobao/masks_aug/0051_1753178884862_T_1_mask_aug6.png
51_aug7,0051_1753178884862_T_1.png,data/phantom_taobao/images_aug/0051_1753178884862_T_1_aug7.png,582863083050,1753178884862,5,70,8/10.0,4.0,424,557,89.99461400359066,phantom_taobao,1,positive,data/phantom_taobao/masks_aug/0051_1753178884862_T_1_mask_aug7.png
51_aug8,0051_1753178884862_T_1.png,data/phantom_taobao/images_aug/0051_1753178884862_T_1_aug8.png,582863083050,1753178884862,5,70,8/10.0,4.0,424,557,89.99461400359066,phantom_taobao,1,positive,data/phantom_taobao/masks_aug/0051_1753178884862_T_1_mask_aug8.png
51_aug9,0051_1753178884862_T_1.png,data/phantom_taobao/images_aug/0051_1753178884862_T_1_aug9.png,582863083050,1753178884862,5,70,8/10.0,4.0,424,557,89.99461400359066,phantom_taobao,1,positive,data/phantom_taobao/masks_aug/0051_1753178884862_T_1_mask_aug9.png
51_aug10,0051_1753178884862_T_1.png,data/phantom_taobao/images_aug/0051_1753178884862_T_1_aug10.png,582863083050,1753178884862,5,70,8/10.0,4.0,424,557,89.99461400359066,phantom_taobao,1,positive,data/phantom_taobao/masks_aug/0051_1753178884862_T_1_mask_aug10.png
51_aug11,0051_1753178884862_T_1.png,data/phantom_taobao/images_aug/0051_1753178884862_T_1_aug11.png,582863083050,1753178884862,5,70,8/10.0,4.0,424,557,89.99461400359066,phantom_taobao,1,positive,data/phantom_taobao/masks_aug/0051_1753178884862_T_1_mask_aug11.png
51_aug12,0051_1753178884862_T_1.png,data/phantom_taobao/images_aug/0051_1753178884862_T_1_aug12.png,582863083050,1753178884862,5,70,8/10.0,4.0,424,557,89.99461400359066,phantom_taobao,1,positive,data/phantom_taobao/masks_aug/0051_1753178884862_T_1_mask_aug12.png
51_aug13,0051_1753178884862_T_1.png,data/phantom_taobao/images_aug/0051_1753178884862_T_1_aug13.png,582863083050,1753178884862,5,70,8/10.0,4.0,424,557,89.99461400359066,phantom_taobao,1,positive,data/phantom_taobao/masks_aug/0051_1753178884862_T_1_mask_aug13.png
51_aug14,0051_1753178884862_T_1.png,data/phantom_taobao/images_aug/0051_1753178884862_T_1_aug14.png,582863083050,1753178884862,5,70,8/10.0,4.0,424,557,89.99461400359066,phantom_taobao,1,positive,data/phantom_taobao/masks_aug/0051_1753178884862_T_1_mask_aug14.png
53_aug0,0053_1753178896278_T_1.png,data/phantom_taobao/images_aug/0053_1753178896278_T_1_aug0.png,594276081010,1753178896278,5,70,8/10.0,4.0,424,557,89.99461400359066,phantom_taobao,1,positive,data/phantom_taobao/masks_aug/0053_1753178896278_T_1_mask_aug0.png
53_aug1,0053_1753178896278_T_1.png,data/phantom_taobao/images_aug/0053_1753178896278_T_1_aug1.png,594276081010,1753178896278,5,70,8/10.0,4.0,424,557,89.99461400359066,phantom_taobao,1,positive,data/phantom_taobao/masks_aug/0053_1753178896278_T_1_mask_aug1.png
53_aug2,0053_1753178896278_T_1.png,data/phantom_taobao/images_aug/0053_1753178896278_T_1_aug2.png,594276081010,1753178896278,5,70,8/10.0,4.0,424,557,89.99461400359066,phantom_taobao,1,positive,data/phantom_taobao/masks_aug/0053_1753178896278_T_1_mask_aug2.png
53_aug3,0053_1753178896278_T_1.png,data/phantom_taobao/images_aug/0053_1753178896278_T_1_aug3.png,594276081010,1753178896278,5,70,8/10.0,4.0,424,557,89.99461400359066,phantom_taobao,1,positive,data/phantom_taobao/masks_aug/0053_1753178896278_T_1_mask_aug3.png
53_aug4,0053_1753178896278_T_1.png,data/phantom_taobao/images_aug/0053_1753178896278_T_1_aug4.png,594276081010,1753178896278,5,70,8/10.0,4.0,424,557,89.99461400359066,phantom_taobao,1,positive,data/phantom_taobao/masks_aug/0053_1753178896278_T_1_mask_aug4.png
53_aug5,0053_1753178896278_T_1.png,data/phantom_taobao/images_aug/0053_1753178896278_T_1_aug5.png,594276081010,1753178896278,5,70,8/10.0,4.0,424,557,89.99461400359066,phantom_taobao,1,positive,data/phantom_taobao/masks_aug/0053_1753178896278_T_1_mask_aug5.png
53_aug6,0053_1753178896278_T_1.png,data/phantom_taobao/images_aug/0053_1753178896278_T_1_aug6.png,594276081010,1753178896278,5,70,8/10.0,4.0,424,557,89.99461400359066,phantom_taobao,1,positive,data/phantom_taobao/masks_aug/0053_1753178896278_T_1_mask_aug6.png
53_aug7,0053_1753178896278_T_1.png,data/phantom_taobao/images_aug/0053_1753178896278_T_1_aug7.png,594276081010,1753178896278,5,70,8/10.0,4.0,424,557,89.99461400359066,phantom_taobao,1,positive,data/phantom_taobao/masks_aug/0053_1753178896278_T_1_mask_aug7.png
53_aug8,0053_1753178896278_T_1.png,data/phantom_taobao/images_aug/0053_1753178896278_T_1_aug8.png,594276081010,1753178896278,5,70,8/10.0,4.0,424,557,89.99461400359066,phantom_taobao,1,positive,data/phantom_taobao/masks_aug/0053_1753178896278_T_1_mask_aug8.png
53_aug9,0053_1753178896278_T_1.png,data/phantom_taobao/images_aug/0053_1753178896278_T_1_aug9.png,594276081010,1753178896278,5,70,8/10.0,4.0,424,557,89.99461400359066,phantom_taobao,1,positive,data/phantom_taobao/masks_aug/0053_1753178896278_T_1_mask_aug9.png
53_aug10,0053_1753178896278_T_1.png,data/phantom_taobao/images_aug/0053_1753178896278_T_1_aug10.png,594276081010,1753178896278,5,70,8/10.0,4.0,424,557,89.99461400359066,phantom_taobao,1,positive,data/phantom_taobao/masks_aug/0053_1753178896278_T_1_mask_aug10.png
53_aug11,0053_1753178896278_T_1.png,data/phantom_taobao/images_aug/0053_1753178896278_T_1_aug11.png,594276081010,1753178896278,5,70,8/10.0,4.0,424,557,89.99461400359066,phantom_taobao,1,positive,data/phantom_taobao/masks_aug/0053_1753178896278_T_1_mask_aug11.png
53_aug12,0053_1753178896278_T_1.png,data/phantom_taobao/images_aug/0053_1753178896278_T_1_aug12.png,594276081010,1753178896278,5,70,8/10.0,4.0,424,557,89.99461400359066,phantom_taobao,1,positive,data/phantom_taobao/masks_aug/0053_1753178896278_T_1_mask_aug12.png
53_aug13,0053_1753178896278_T_1.png,data/phantom_taobao/images_aug/0053_1753178896278_T_1_aug13.png,594276081010,1753178896278,5,70,8/10.0,4.0,424,557,89.99461400359066,phantom_taobao,1,positive,data/phantom_taobao/masks_aug/0053_1753178896278_T_1_mask_aug13.png
53_aug14,0053_1753178896278_T_1.png,data/phantom_taobao/images_aug/0053_1753178896278_T_1_aug14.png,594276081010,1753178896278,5,70,8/10.0,4.0,424,557,89.99461400359066,phantom_taobao,1,positive,data/phantom_taobao/masks_aug/0053_1753178896278_T_1_mask_aug14.png
54_aug0,0054_1753178899557_T_1.png,data/phantom_taobao/images_aug/0054_1753178899557_T_1_aug0.png,597521304490,1753178899557,5,70,8/10.0,4.0,424,557,89.99461400359066,phantom_taobao,1,positive,data/phantom_taobao/masks_aug/0054_1753178899557_T_1_mask_aug0.png
54_aug1,0054_1753178899557_T_1.png,data/phantom_taobao/images_aug/0054_1753178899557_T_1_aug1.png,597521304490,1753178899557,5,70,8/10.0,4.0,424,557,89.99461400359066,phantom_taobao,1,positive,data/phantom_taobao/masks_aug/0054_1753178899557_T_1_mask_aug1.png
54_aug2,0054_1753178899557_T_1.png,data/phantom_taobao/images_aug/0054_1753178899557_T_1_aug2.png,597521304490,1753178899557,5,70,8/10.0,4.0,424,557,89.99461400359066,phantom_taobao,1,positive,data/phantom_taobao/masks_aug/0054_1753178899557_T_1_mask_aug2.png
54_aug3,0054_1753178899557_T_1.png,data/phantom_taobao/images_aug/0054_1753178899557_T_1_aug3.png,597521304490,1753178899557,5,70,8/10.0,4.0,424,557,89.99461400359066,phantom_taobao,1,positive,data/phantom_taobao/masks_aug/0054_1753178899557_T_1_mask_aug3.png
54_aug4,0054_1753178899557_T_1.png,data/phantom_taobao/images_aug/0054_1753178899557_T_1_aug4.png,597521304490,1753178899557,5,70,8/10.0,4.0,424,557,89.99461400359066,phantom_taobao,1,positive,data/phantom_taobao/masks_aug/0054_1753178899557_T_1_mask_aug4.png
54_aug5,0054_1753178899557_T_1.png,data/phantom_taobao/images_aug/0054_1753178899557_T_1_aug5.png,597521304490,1753178899557,5,70,8/10.0,4.0,424,557,89.99461400359066,phantom_taobao,1,positive,data/phantom_taobao/masks_aug/0054_1753178899557_T_1_mask_aug5.png
54_aug6,0054_1753178899557_T_1.png,data/phantom_taobao/images_aug/0054_1753178899557_T_1_aug6.png,597521304490,1753178899557,5,70,8/10.0,4.0,424,557,89.99461400359066,phantom_taobao,1,positive,data/phantom_taobao/masks_aug/0054_1753178899557_T_1_mask_aug6.png
54_aug7,0054_1753178899557_T_1.png,data/phantom_taobao/images_aug/0054_1753178899557_T_1_aug7.png,597521304490,1753178899557,5,70,8/10.0,4.0,424,557,89.99461400359066,phantom_taobao,1,positive,data/phantom_taobao/masks_aug/0054_1753178899557_T_1_mask_aug7.png
54_aug8,0054_1753178899557_T_1.png,data/phantom_taobao/images_aug/0054_1753178899557_T_1_aug8.png,597521304490,1753178899557,5,70,8/10.0,4.0,424,557,89.99461400359066,phantom_taobao,1,positive,data/phantom_taobao/masks_aug/0054_1753178899557_T_1_mask_aug8.png
54_aug9,0054_1753178899557_T_1.png,data/phantom_taobao/images_aug/0054_1753178899557_T_1_aug9.png,597521304490,1753178899557,5,70,8/10.0,4.0,424,557,89.99461400359066,phantom_taobao,1,positive,data/phantom_taobao/masks_aug/0054_1753178899557_T_1_mask_aug9.png
54_aug10,0054_1753178899557_T_1.png,data/phantom_taobao/images_aug/0054_1753178899557_T_1_aug10.png,597521304490,1753178899557,5,70,8/10.0,4.0,424,557,89.99461400359066,phantom_taobao,1,positive,data/phantom_taobao/masks_aug/0054_1753178899557_T_1_mask_aug10.png
54_aug11,0054_1753178899557_T_1.png,data/phantom_taobao/images_aug/0054_1753178899557_T_1_aug11.png,597521304490,1753178899557,5,70,8/10.0,4.0,424,557,89.99461400359066,phantom_taobao,1,positive,data/phantom_taobao/masks_aug/0054_1753178899557_T_1_mask_aug11.png
54_aug12,0054_1753178899557_T_1.png,data/phantom_taobao/images_aug/0054_1753178899557_T_1_aug12.png,597521304490,1753178899557,5,70,8/10.0,4.0,424,557,89.99461400359066,phantom_taobao,1,positive,data/phantom_taobao/masks_aug/0054_1753178899557_T_1_mask_aug12.png
54_aug13,0054_1753178899557_T_1.png,data/phantom_taobao/images_aug/0054_1753178899557_T_1_aug13.png,597521304490,1753178899557,5,70,8/10.0,4.0,424,557,89.99461400359066,phantom_taobao,1,positive,data/phantom_taobao/masks_aug/0054_1753178899557_T_1_mask_aug13.png
54_aug14,0054_1753178899557_T_1.png,data/phantom_taobao/images_aug/0054_1753178899557_T_1_aug14.png,597521304490,1753178899557,5,70,8/10.0,4.0,424,557,89.99461400359066,phantom_taobao,1,positive,data/phantom_taobao/masks_aug/0054_1753178899557_T_1_mask_aug14.png
55_aug0,0055_1753178913394_T_1.png,data/phantom_taobao/images_aug/0055_1753178913394_T_1_aug0.png,611394638910,1753178913394,5,70,8/10.0,4.0,424,557,89.99461400359066,phantom_taobao,1,positive,data/phantom_taobao/masks_aug/0055_1753178913394_T_1_mask_aug0.png
55_aug1,0055_1753178913394_T_1.png,data/phantom_taobao/images_aug/0055_1753178913394_T_1_aug1.png,611394638910,1753178913394,5,70,8/10.0,4.0,424,557,89.99461400359066,phantom_taobao,1,positive,data/phantom_taobao/masks_aug/0055_1753178913394_T_1_mask_aug1.png
55_aug2,0055_1753178913394_T_1.png,data/phantom_taobao/images_aug/0055_1753178913394_T_1_aug2.png,611394638910,1753178913394,5,70,8/10.0,4.0,424,557,89.99461400359066,phantom_taobao,1,positive,data/phantom_taobao/masks_aug/0055_1753178913394_T_1_mask_aug2.png
55_aug3,0055_1753178913394_T_1.png,data/phantom_taobao/images_aug/0055_1753178913394_T_1_aug3.png,611394638910,1753178913394,5,70,8/10.0,4.0,424,557,89.99461400359066,phantom_taobao,1,positive,data/phantom_taobao/masks_aug/0055_1753178913394_T_1_mask_aug3.png
55_aug4,0055_1753178913394_T_1.png,data/phantom_taobao/images_aug/0055_1753178913394_T_1_aug4.png,611394638910,1753178913394,5,70,8/10.0,4.0,424,557,89.99461400359066,phantom_taobao,1,positive,data/phantom_taobao/masks_aug/0055_1753178913394_T_1_mask_aug4.png
55_aug5,0055_1753178913394_T_1.png,data/phantom_taobao/images_aug/0055_1753178913394_T_1_aug5.png,611394638910,1753178913394,5,70,8/10.0,4.0,424,557,89.99461400359066,phantom_taobao,1,positive,data/phantom_taobao/masks_aug/0055_1753178913394_T_1_mask_aug5.png
55_aug6,0055_1753178913394_T_1.png,data/phantom_taobao/images_aug/0055_1753178913394_T_1_aug6.png,611394638910,1753178913394,5,70,8/10.0,4.0,424,557,89.99461400359066,phantom_taobao,1,positive,data/phantom_taobao/masks_aug/0055_1753178913394_T_1_mask_aug6.png
55_aug7,0055_1753178913394_T_1.png,data/phantom_taobao/images_aug/0055_1753178913394_T_1_aug7.png,611394638910,1753178913394,5,70,8/10.0,4.0,424,557,89.99461400359066,phantom_taobao,1,positive,data/phantom_taobao/masks_aug/0055_1753178913394_T_1_mask_aug7.png
55_aug8,0055_1753178913394_T_1.png,data/phantom_taobao/images_aug/0055_1753178913394_T_1_aug8.png,611394638910,1753178913394,5,70,8/10.0,4.0,424,557,89.99461400359066,phantom_taobao,1,positive,data/phantom_taobao/masks_aug/0055_1753178913394_T_1_mask_aug8.png
55_aug9,0055_1753178913394_T_1.png,data/phantom_taobao/images_aug/0055_1753178913394_T_1_aug9.png,611394638910,1753178913394,5,70,8/10.0,4.0,424,557,89.99461400359066,phantom_taobao,1,positive,data/phantom_taobao/masks_aug/0055_1753178913394_T_1_mask_aug9.png
55_aug10,0055_1753178913394_T_1.png,data/phantom_taobao/images_aug/0055_1753178913394_T_1_aug10.png,611394638910,1753178913394,5,70,8/10.0,4.0,424,557,89.99461400359066,phantom_taobao,1,positive,data/phantom_taobao/masks_aug/0055_1753178913394_T_1_mask_aug10.png
55_aug11,0055_1753178913394_T_1.png,data/phantom_taobao/images_aug/0055_1753178913394_T_1_aug11.png,611394638910,1753178913394,5,70,8/10.0,4.0,424,557,89.99461400359066,phantom_taobao,1,positive,data/phantom_taobao/masks_aug/0055_1753178913394_T_1_mask_aug11.png
55_aug12,0055_1753178913394_T_1.png,data/phantom_taobao/images_aug/0055_1753178913394_T_1_aug12.png,611394638910,1753178913394,5,70,8/10.0,4.0,424,557,89.99461400359066,phantom_taobao,1,positive,data/phantom_taobao/masks_aug/0055_1753178913394_T_1_mask_aug12.png
55_aug13,0055_1753178913394_T_1.png,data/phantom_taobao/images_aug/0055_1753178913394_T_1_aug13.png,611394638910,1753178913394,5,70,8/10.0,4.0,424,557,89.99461400359066,phantom_taobao,1,positive,data/phantom_taobao/masks_aug/0055_1753178913394_T_1_mask_aug13.png
55_aug14,0055_1753178913394_T_1.png,data/phantom_taobao/images_aug/0055_1753178913394_T_1_aug14.png,611394638910,1753178913394,5,70,8/10.0,4.0,424,557,89.99461400359066,phantom_taobao,1,positive,data/phantom_taobao/masks_aug/0055_1753178913394_T_1_mask_aug14.png
56_aug0,0056_1753178916873_T_1.png,data/phantom_taobao/images_aug/0056_1753178916873_T_1_aug0.png,614862022390,1753178916873,5,70,8/10.0,4.0,424,557,89.99461400359066,phantom_taobao,1,positive,data/phantom_taobao/masks_aug/0056_1753178916873_T_1_mask_aug0.png
56_aug1,0056_1753178916873_T_1.png,data/phantom_taobao/images_aug/0056_1753178916873_T_1_aug1.png,614862022390,1753178916873,5,70,8/10.0,4.0,424,557,89.99461400359066,phantom_taobao,1,positive,data/phantom_taobao/masks_aug/0056_1753178916873_T_1_mask_aug1.png
56_aug2,0056_1753178916873_T_1.png,data/phantom_taobao/images_aug/0056_1753178916873_T_1_aug2.png,614862022390,1753178916873,5,70,8/10.0,4.0,424,557,89.99461400359066,phantom_taobao,1,positive,data/phantom_taobao/masks_aug/0056_1753178916873_T_1_mask_aug2.png
56_aug3,0056_1753178916873_T_1.png,data/phantom_taobao/images_aug/0056_1753178916873_T_1_aug3.png,614862022390,1753178916873,5,70,8/10.0,4.0,424,557,89.99461400359066,phantom_taobao,1,positive,data/phantom_taobao/masks_aug/0056_1753178916873_T_1_mask_aug3.png
56_aug4,0056_1753178916873_T_1.png,data/phantom_taobao/images_aug/0056_1753178916873_T_1_aug4.png,614862022390,1753178916873,5,70,8/10.0,4.0,424,557,89.99461400359066,phantom_taobao,1,positive,data/phantom_taobao/masks_aug/0056_1753178916873_T_1_mask_aug4.png
56_aug5,0056_1753178916873_T_1.png,data/phantom_taobao/images_aug/0056_1753178916873_T_1_aug5.png,614862022390,1753178916873,5,70,8/10.0,4.0,424,557,89.99461400359066,phantom_taobao,1,positive,data/phantom_taobao/masks_aug/0056_1753178916873_T_1_mask_aug5.png
56_aug6,0056_1753178916873_T_1.png,data/phantom_taobao/images_aug/0056_1753178916873_T_1_aug6.png,614862022390,1753178916873,5,70,8/10.0,4.0,424,557,89.99461400359066,phantom_taobao,1,positive,data/phantom_taobao/masks_aug/0056_1753178916873_T_1_mask_aug6.png
56_aug7,0056_1753178916873_T_1.png,data/phantom_taobao/images_aug/0056_1753178916873_T_1_aug7.png,614862022390,1753178916873,5,70,8/10.0,4.0,424,557,89.99461400359066,phantom_taobao,1,positive,data/phantom_taobao/masks_aug/0056_1753178916873_T_1_mask_aug7.png
56_aug8,0056_1753178916873_T_1.png,data/phantom_taobao/images_aug/0056_1753178916873_T_1_aug8.png,614862022390,1753178916873,5,70,8/10.0,4.0,424,557,89.99461400359066,phantom_taobao,1,positive,data/phantom_taobao/masks_aug/0056_1753178916873_T_1_mask_aug8.png
56_aug9,0056_1753178916873_T_1.png,data/phantom_taobao/images_aug/0056_1753178916873_T_1_aug9.png,614862022390,1753178916873,5,70,8/10.0,4.0,424,557,89.99461400359066,phantom_taobao,1,positive,data/phantom_taobao/masks_aug/0056_1753178916873_T_1_mask_aug9.png
56_aug10,0056_1753178916873_T_1.png,data/phantom_taobao/images_aug/0056_1753178916873_T_1_aug10.png,614862022390,1753178916873,5,70,8/10.0,4.0,424,557,89.99461400359066,phantom_taobao,1,positive,data/phantom_taobao/masks_aug/0056_1753178916873_T_1_mask_aug10.png
56_aug11,0056_1753178916873_T_1.png,data/phantom_taobao/images_aug/0056_1753178916873_T_1_aug11.png,614862022390,1753178916873,5,70,8/10.0,4.0,424,557,89.99461400359066,phantom_taobao,1,positive,data/phantom_taobao/masks_aug/0056_1753178916873_T_1_mask_aug11.png
56_aug12,0056_1753178916873_T_1.png,data/phantom_taobao/images_aug/0056_1753178916873_T_1_aug12.png,614862022390,1753178916873,5,70,8/10.0,4.0,424,557,89.99461400359066,phantom_taobao,1,positive,data/phantom_taobao/masks_aug/0056_1753178916873_T_1_mask_aug12.png
56_aug13,0056_1753178916873_T_1.png,data/phantom_taobao/images_aug/0056_1753178916873_T_1_aug13.png,614862022390,1753178916873,5,70,8/10.0,4.0,424,557,89.99461400359066,phantom_taobao,1,positive,data/phantom_taobao/masks_aug/0056_1753178916873_T_1_mask_aug13.png
56_aug14,0056_1753178916873_T_1.png,data/phantom_taobao/images_aug/0056_1753178916873_T_1_aug14.png,614862022390,1753178916873,5,70,8/10.0,4.0,424,557,89.99461400359066,phantom_taobao,1,positive,data/phantom_taobao/masks_aug/0056_1753178916873_T_1_mask_aug14.png
57_aug0,0057_1753178940385_T_1.png,data/phantom_taobao/images_aug/0057_1753178940385_T_1_aug0.png,638361021960,1753178940385,5,70,8/10.0,4.0,424,557,89.99461400359066,phantom_taobao,1,positive,data/phantom_taobao/masks_aug/0057_1753178940385_T_1_mask_aug0.png
57_aug1,0057_1753178940385_T_1.png,data/phantom_taobao/images_aug/0057_1753178940385_T_1_aug1.png,638361021960,1753178940385,5,70,8/10.0,4.0,424,557,89.99461400359066,phantom_taobao,1,positive,data/phantom_taobao/masks_aug/0057_1753178940385_T_1_mask_aug1.png
57_aug2,0057_1753178940385_T_1.png,data/phantom_taobao/images_aug/0057_1753178940385_T_1_aug2.png,638361021960,1753178940385,5,70,8/10.0,4.0,424,557,89.99461400359066,phantom_taobao,1,positive,data/phantom_taobao/masks_aug/0057_1753178940385_T_1_mask_aug2.png
57_aug3,0057_1753178940385_T_1.png,data/phantom_taobao/images_aug/0057_1753178940385_T_1_aug3.png,638361021960,1753178940385,5,70,8/10.0,4.0,424,557,89.99461400359066,phantom_taobao,1,positive,data/phantom_taobao/masks_aug/0057_1753178940385_T_1_mask_aug3.png
57_aug4,0057_1753178940385_T_1.png,data/phantom_taobao/images_aug/0057_1753178940385_T_1_aug4.png,638361021960,1753178940385,5,70,8/10.0,4.0,424,557,89.99461400359066,phantom_taobao,1,positive,data/phantom_taobao/masks_aug/0057_1753178940385_T_1_mask_aug4.png
57_aug5,0057_1753178940385_T_1.png,data/phantom_taobao/images_aug/0057_1753178940385_T_1_aug5.png,638361021960,1753178940385,5,70,8/10.0,4.0,424,557,89.99461400359066,phantom_taobao,1,positive,data/phantom_taobao/masks_aug/0057_1753178940385_T_1_mask_aug5.png
57_aug6,0057_1753178940385_T_1.png,data/phantom_taobao/images_aug/0057_1753178940385_T_1_aug6.png,638361021960,1753178940385,5,70,8/10.0,4.0,424,557,89.99461400359066,phantom_taobao,1,positive,data/phantom_taobao/masks_aug/0057_1753178940385_T_1_mask_aug6.png
57_aug7,0057_1753178940385_T_1.png,data/phantom_taobao/images_aug/0057_1753178940385_T_1_aug7.png,638361021960,1753178940385,5,70,8/10.0,4.0,424,557,89.99461400359066,phantom_taobao,1,positive,data/phantom_taobao/masks_aug/0057_1753178940385_T_1_mask_aug7.png
57_aug8,0057_1753178940385_T_1.png,data/phantom_taobao/images_aug/0057_1753178940385_T_1_aug8.png,638361021960,1753178940385,5,70,8/10.0,4.0,424,557,89.99461400359066,phantom_taobao,1,positive,data/phantom_taobao/masks_aug/0057_1753178940385_T_1_mask_aug8.png
57_aug9,0057_1753178940385_T_1.png,data/phantom_taobao/images_aug/0057_1753178940385_T_1_aug9.png,638361021960,1753178940385,5,70,8/10.0,4.0,424,557,89.99461400359066,phantom_taobao,1,positive,data/phantom_taobao/masks_aug/0057_1753178940385_T_1_mask_aug9.png
57_aug10,0057_1753178940385_T_1.png,data/phantom_taobao/images_aug/0057_1753178940385_T_1_aug10.png,638361021960,1753178940385,5,70,8/10.0,4.0,424,557,89.99461400359066,phantom_taobao,1,positive,data/phantom_taobao/masks_aug/0057_1753178940385_T_1_mask_aug10.png
57_aug11,0057_1753178940385_T_1.png,data/phantom_taobao/images_aug/0057_1753178940385_T_1_aug11.png,638361021960,1753178940385,5,70,8/10.0,4.0,424,557,89.99461400359066,phantom_taobao,1,positive,data/phantom_taobao/masks_aug/0057_1753178940385_T_1_mask_aug11.png
57_aug12,0057_1753178940385_T_1.png,data/phantom_taobao/images_aug/0057_1753178940385_T_1_aug12.png,638361021960,1753178940385,5,70,8/10.0,4.0,424,557,89.99461400359066,phantom_taobao,1,positive,data/phantom_taobao/masks_aug/0057_1753178940385_T_1_mask_aug12.png
57_aug13,0057_1753178940385_T_1.png,data/phantom_taobao/images_aug/0057_1753178940385_T_1_aug13.png,638361021960,1753178940385,5,70,8/10.0,4.0,424,557,89.99461400359066,phantom_taobao,1,positive,data/phantom_taobao/masks_aug/0057_1753178940385_T_1_mask_aug13.png
57_aug14,0057_1753178940385_T_1.png,data/phantom_taobao/images_aug/0057_1753178940385_T_1_aug14.png,638361021960,1753178940385,5,70,8/10.0,4.0,424,557,89.99461400359066,phantom_taobao,1,positive,data/phantom_taobao/masks_aug/0057_1753178940385_T_1_mask_aug14.png
58_aug0,0058_1753178944302_T_1.png,data/phantom_taobao/images_aug/0058_1753178944302_T_1_aug0.png,642230740410,1753178944302,4,70,8/10.0,4.0,530,557,71.97725912627169,phantom_taobao,1,positive,data/phantom_taobao/masks_aug/0058_1753178944302_T_1_mask_aug0.png
58_aug1,0058_1753178944302_T_1.png,data/phantom_taobao/images_aug/0058_1753178944302_T_1_aug1.png,642230740410,1753178944302,4,70,8/10.0,4.0,530,557,71.97725912627169,phantom_taobao,1,positive,data/phantom_taobao/masks_aug/0058_1753178944302_T_1_mask_aug1.png
58_aug2,0058_1753178944302_T_1.png,data/phantom_taobao/images_aug/0058_1753178944302_T_1_aug2.png,642230740410,1753178944302,4,70,8/10.0,4.0,530,557,71.97725912627169,phantom_taobao,1,positive,data/phantom_taobao/masks_aug/0058_1753178944302_T_1_mask_aug2.png
58_aug3,0058_1753178944302_T_1.png,data/phantom_taobao/images_aug/0058_1753178944302_T_1_aug3.png,642230740410,1753178944302,4,70,8/10.0,4.0,530,557,71.97725912627169,phantom_taobao,1,positive,data/phantom_taobao/masks_aug/0058_1753178944302_T_1_mask_aug3.png
58_aug4,0058_1753178944302_T_1.png,data/phantom_taobao/images_aug/0058_1753178944302_T_1_aug4.png,642230740410,1753178944302,4,70,8/10.0,4.0,530,557,71.97725912627169,phantom_taobao,1,positive,data/phantom_taobao/masks_aug/0058_1753178944302_T_1_mask_aug4.png
58_aug5,0058_1753178944302_T_1.png,data/phantom_taobao/images_aug/0058_1753178944302_T_1_aug5.png,642230740410,1753178944302,4,70,8/10.0,4.0,530,557,71.97725912627169,phantom_taobao,1,positive,data/phantom_taobao/masks_aug/0058_1753178944302_T_1_mask_aug5.png
58_aug6,0058_1753178944302_T_1.png,data/phantom_taobao/images_aug/0058_1753178944302_T_1_aug6.png,642230740410,1753178944302,4,70,8/10.0,4.0,530,557,71.97725912627169,phantom_taobao,1,positive,data/phantom_taobao/masks_aug/0058_1753178944302_T_1_mask_aug6.png
58_aug7,0058_1753178944302_T_1.png,data/phantom_taobao/images_aug/0058_1753178944302_T_1_aug7.png,642230740410,1753178944302,4,70,8/10.0,4.0,530,557,71.97725912627169,phantom_taobao,1,positive,data/phantom_taobao/masks_aug/0058_1753178944302_T_1_mask_aug7.png
58_aug8,0058_1753178944302_T_1.png,data/phantom_taobao/images_aug/0058_1753178944302_T_1_aug8.png,642230740410,1753178944302,4,70,8/10.0,4.0,530,557,71.97725912627169,phantom_taobao,1,positive,data/phantom_taobao/masks_aug/0058_1753178944302_T_1_mask_aug8.png
58_aug9,0058_1753178944302_T_1.png,data/phantom_taobao/images_aug/0058_1753178944302_T_1_aug9.png,642230740410,1753178944302,4,70,8/10.0,4.0,530,557,71.97725912627169,phantom_taobao,1,positive,data/phantom_taobao/masks_aug/0058_1753178944302_T_1_mask_aug9.png
58_aug10,0058_1753178944302_T_1.png,data/phantom_taobao/images_aug/0058_1753178944302_T_1_aug10.png,642230740410,1753178944302,4,70,8/10.0,4.0,530,557,71.97725912627169,phantom_taobao,1,positive,data/phantom_taobao/masks_aug/0058_1753178944302_T_1_mask_aug10.png
58_aug11,0058_1753178944302_T_1.png,data/phantom_taobao/images_aug/0058_1753178944302_T_1_aug11.png,642230740410,1753178944302,4,70,8/10.0,4.0,530,557,71.97725912627169,phantom_taobao,1,positive,data/phantom_taobao/masks_aug/0058_1753178944302_T_1_mask_aug11.png
58_aug12,0058_1753178944302_T_1.png,data/phantom_taobao/images_aug/0058_1753178944302_T_1_aug12.png,642230740410,1753178944302,4,70,8/10.0,4.0,530,557,71.97725912627169,phantom_taobao,1,positive,data/phantom_taobao/masks_aug/0058_1753178944302_T_1_mask_aug12.png
58_aug13,0058_1753178944302_T_1.png,data/phantom_taobao/images_aug/0058_1753178944302_T_1_aug13.png,642230740410,1753178944302,4,70,8/10.0,4.0,530,557,71.97725912627169,phantom_taobao,1,positive,data/phantom_taobao/masks_aug/0058_1753178944302_T_1_mask_aug13.png
58_aug14,0058_1753178944302_T_1.png,data/phantom_taobao/images_aug/0058_1753178944302_T_1_aug14.png,642230740410,1753178944302,4,70,8/10.0,4.0,530,557,71.97725912627169,phantom_taobao,1,positive,data/phantom_taobao/masks_aug/0058_1753178944302_T_1_mask_aug14.png
59_aug0,0059_1753178946850_T_1.png,data/phantom_taobao/images_aug/0059_1753178946850_T_1_aug0.png,644778042980,1753178946850,4,70,8/10.0,4.0,530,557,71.97725912627169,phantom_taobao,1,positive,data/phantom_taobao/masks_aug/0059_1753178946850_T_1_mask_aug0.png
59_aug1,0059_1753178946850_T_1.png,data/phantom_taobao/images_aug/0059_1753178946850_T_1_aug1.png,644778042980,1753178946850,4,70,8/10.0,4.0,530,557,71.97725912627169,phantom_taobao,1,positive,data/phantom_taobao/masks_aug/0059_1753178946850_T_1_mask_aug1.png
59_aug2,0059_1753178946850_T_1.png,data/phantom_taobao/images_aug/0059_1753178946850_T_1_aug2.png,644778042980,1753178946850,4,70,8/10.0,4.0,530,557,71.97725912627169,phantom_taobao,1,positive,data/phantom_taobao/masks_aug/0059_1753178946850_T_1_mask_aug2.png
59_aug3,0059_1753178946850_T_1.png,data/phantom_taobao/images_aug/0059_1753178946850_T_1_aug3.png,644778042980,1753178946850,4,70,8/10.0,4.0,530,557,71.97725912627169,phantom_taobao,1,positive,data/phantom_taobao/masks_aug/0059_1753178946850_T_1_mask_aug3.png
59_aug4,0059_1753178946850_T_1.png,data/phantom_taobao/images_aug/0059_1753178946850_T_1_aug4.png,644778042980,1753178946850,4,70,8/10.0,4.0,530,557,71.97725912627169,phantom_taobao,1,positive,data/phantom_taobao/masks_aug/0059_1753178946850_T_1_mask_aug4.png
59_aug5,0059_1753178946850_T_1.png,data/phantom_taobao/images_aug/0059_1753178946850_T_1_aug5.png,644778042980,1753178946850,4,70,8/10.0,4.0,530,557,71.97725912627169,phantom_taobao,1,positive,data/phantom_taobao/masks_aug/0059_1753178946850_T_1_mask_aug5.png
59_aug6,0059_1753178946850_T_1.png,data/phantom_taobao/images_aug/0059_1753178946850_T_1_aug6.png,644778042980,1753178946850,4,70,8/10.0,4.0,530,557,71.97725912627169,phantom_taobao,1,positive,data/phantom_taobao/masks_aug/0059_1753178946850_T_1_mask_aug6.png
59_aug7,0059_1753178946850_T_1.png,data/phantom_taobao/images_aug/0059_1753178946850_T_1_aug7.png,644778042980,1753178946850,4,70,8/10.0,4.0,530,557,71.97725912627169,phantom_taobao,1,positive,data/phantom_taobao/masks_aug/0059_1753178946850_T_1_mask_aug7.png
59_aug8,0059_1753178946850_T_1.png,data/phantom_taobao/images_aug/0059_1753178946850_T_1_aug8.png,644778042980,1753178946850,4,70,8/10.0,4.0,530,557,71.97725912627169,phantom_taobao,1,positive,data/phantom_taobao/masks_aug/0059_1753178946850_T_1_mask_aug8.png
59_aug9,0059_1753178946850_T_1.png,data/phantom_taobao/images_aug/0059_1753178946850_T_1_aug9.png,644778042980,1753178946850,4,70,8/10.0,4.0,530,557,71.97725912627169,phantom_taobao,1,positive,data/phantom_taobao/masks_aug/0059_1753178946850_T_1_mask_aug9.png
59_aug10,0059_1753178946850_T_1.png,data/phantom_taobao/images_aug/0059_1753178946850_T_1_aug10.png,644778042980,1753178946850,4,70,8/10.0,4.0,530,557,71.97725912627169,phantom_taobao,1,positive,data/phantom_taobao/masks_aug/0059_1753178946850_T_1_mask_aug10.png
59_aug11,0059_1753178946850_T_1.png,data/phantom_taobao/images_aug/0059_1753178946850_T_1_aug11.png,644778042980,1753178946850,4,70,8/10.0,4.0,530,557,71.97725912627169,phantom_taobao,1,positive,data/phantom_taobao/masks_aug/0059_1753178946850_T_1_mask_aug11.png
59_aug12,0059_1753178946850_T_1.png,data/phantom_taobao/images_aug/0059_1753178946850_T_1_aug12.png,644778042980,1753178946850,4,70,8/10.0,4.0,530,557,71.97725912627169,phantom_taobao,1,positive,data/phantom_taobao/masks_aug/0059_1753178946850_T_1_mask_aug12.png
59_aug13,0059_1753178946850_T_1.png,data/phantom_taobao/images_aug/0059_1753178946850_T_1_aug13.png,644778042980,1753178946850,4,70,8/10.0,4.0,530,557,71.97725912627169,phantom_taobao,1,positive,data/phantom_taobao/masks_aug/0059_1753178946850_T_1_mask_aug13.png
59_aug14,0059_1753178946850_T_1.png,data/phantom_taobao/images_aug/0059_1753178946850_T_1_aug14.png,644778042980,1753178946850,4,70,8/10.0,4.0,530,557,71.97725912627169,phantom_taobao,1,positive,data/phantom_taobao/masks_aug/0059_1753178946850_T_1_mask_aug14.png
60_aug0,0060_1753178949735_T_1.png,data/phantom_taobao/images_aug/0060_1753178949735_T_1_aug0.png,647725932270,1753178949735,4,70,8/10.0,4.0,530,557,71.97725912627169,phantom_taobao,1,positive,data/phantom_taobao/masks_aug/0060_1753178949735_T_1_mask_aug0.png
60_aug1,0060_1753178949735_T_1.png,data/phantom_taobao/images_aug/0060_1753178949735_T_1_aug1.png,647725932270,1753178949735,4,70,8/10.0,4.0,530,557,71.97725912627169,phantom_taobao,1,positive,data/phantom_taobao/masks_aug/0060_1753178949735_T_1_mask_aug1.png
60_aug2,0060_1753178949735_T_1.png,data/phantom_taobao/images_aug/0060_1753178949735_T_1_aug2.png,647725932270,1753178949735,4,70,8/10.0,4.0,530,557,71.97725912627169,phantom_taobao,1,positive,data/phantom_taobao/masks_aug/0060_1753178949735_T_1_mask_aug2.png
60_aug3,0060_1753178949735_T_1.png,data/phantom_taobao/images_aug/0060_1753178949735_T_1_aug3.png,647725932270,1753178949735,4,70,8/10.0,4.0,530,557,71.97725912627169,phantom_taobao,1,positive,data/phantom_taobao/masks_aug/0060_1753178949735_T_1_mask_aug3.png
60_aug4,0060_1753178949735_T_1.png,data/phantom_taobao/images_aug/0060_1753178949735_T_1_aug4.png,647725932270,1753178949735,4,70,8/10.0,4.0,530,557,71.97725912627169,phantom_taobao,1,positive,data/phantom_taobao/masks_aug/0060_1753178949735_T_1_mask_aug4.png
60_aug5,0060_1753178949735_T_1.png,data/phantom_taobao/images_aug/0060_1753178949735_T_1_aug5.png,647725932270,1753178949735,4,70,8/10.0,4.0,530,557,71.97725912627169,phantom_taobao,1,positive,data/phantom_taobao/masks_aug/0060_1753178949735_T_1_mask_aug5.png
60_aug6,0060_1753178949735_T_1.png,data/phantom_taobao/images_aug/0060_1753178949735_T_1_aug6.png,647725932270,1753178949735,4,70,8/10.0,4.0,530,557,71.97725912627169,phantom_taobao,1,positive,data/phantom_taobao/masks_aug/0060_1753178949735_T_1_mask_aug6.png
60_aug7,0060_1753178949735_T_1.png,data/phantom_taobao/images_aug/0060_1753178949735_T_1_aug7.png,647725932270,1753178949735,4,70,8/10.0,4.0,530,557,71.97725912627169,phantom_taobao,1,positive,data/phantom_taobao/masks_aug/0060_1753178949735_T_1_mask_aug7.png
60_aug8,0060_1753178949735_T_1.png,data/phantom_taobao/images_aug/0060_1753178949735_T_1_aug8.png,647725932270,1753178949735,4,70,8/10.0,4.0,530,557,71.97725912627169,phantom_taobao,1,positive,data/phantom_taobao/masks_aug/0060_1753178949735_T_1_mask_aug8.png
60_aug9,0060_1753178949735_T_1.png,data/phantom_taobao/images_aug/0060_1753178949735_T_1_aug9.png,647725932270,1753178949735,4,70,8/10.0,4.0,530,557,71.97725912627169,phantom_taobao,1,positive,data/phantom_taobao/masks_aug/0060_1753178949735_T_1_mask_aug9.png
60_aug10,0060_1753178949735_T_1.png,data/phantom_taobao/images_aug/0060_1753178949735_T_1_aug10.png,647725932270,1753178949735,4,70,8/10.0,4.0,530,557,71.97725912627169,phantom_taobao,1,positive,data/phantom_taobao/masks_aug/0060_1753178949735_T_1_mask_aug10.png
60_aug11,0060_1753178949735_T_1.png,data/phantom_taobao/images_aug/0060_1753178949735_T_1_aug11.png,647725932270,1753178949735,4,70,8/10.0,4.0,530,557,71.97725912627169,phantom_taobao,1,positive,data/phantom_taobao/masks_aug/0060_1753178949735_T_1_mask_aug11.png
60_aug12,0060_1753178949735_T_1.png,data/phantom_taobao/images_aug/0060_1753178949735_T_1_aug12.png,647725932270,1753178949735,4,70,8/10.0,4.0,530,557,71.97725912627169,phantom_taobao,1,positive,data/phantom_taobao/masks_aug/0060_1753178949735_T_1_mask_aug12.png
60_aug13,0060_1753178949735_T_1.png,data/phantom_taobao/images_aug/0060_1753178949735_T_1_aug13.png,647725932270,1753178949735,4,70,8/10.0,4.0,530,557,71.97725912627169,phantom_taobao,1,positive,data/phantom_taobao/masks_aug/0060_1753178949735_T_1_mask_aug13.png
60_aug14,0060_1753178949735_T_1.png,data/phantom_taobao/images_aug/0060_1753178949735_T_1_aug14.png,647725932270,1753178949735,4,70,8/10.0,4.0,530,557,71.97725912627169,phantom_taobao,1,positive,data/phantom_taobao/masks_aug/0060_1753178949735_T_1_mask_aug14.png
61_aug0,0061_1753178960115_T_1.png,data/phantom_taobao/images_aug/0061_1753178960115_T_1_aug0.png,658046476440,1753178960115,4,70,8/10.0,4.0,530,557,71.97725912627169,phantom_taobao,1,positive,data/phantom_taobao/masks_aug/0061_1753178960115_T_1_mask_aug0.png
61_aug1,0061_1753178960115_T_1.png,data/phantom_taobao/images_aug/0061_1753178960115_T_1_aug1.png,658046476440,1753178960115,4,70,8/10.0,4.0,530,557,71.97725912627169,phantom_taobao,1,positive,data/phantom_taobao/masks_aug/0061_1753178960115_T_1_mask_aug1.png
61_aug2,0061_1753178960115_T_1.png,data/phantom_taobao/images_aug/0061_1753178960115_T_1_aug2.png,658046476440,1753178960115,4,70,8/10.0,4.0,530,557,71.97725912627169,phantom_taobao,1,positive,data/phantom_taobao/masks_aug/0061_1753178960115_T_1_mask_aug2.png
61_aug3,0061_1753178960115_T_1.png,data/phantom_taobao/images_aug/0061_1753178960115_T_1_aug3.png,658046476440,1753178960115,4,70,8/10.0,4.0,530,557,71.97725912627169,phantom_taobao,1,positive,data/phantom_taobao/masks_aug/0061_1753178960115_T_1_mask_aug3.png
61_aug4,0061_1753178960115_T_1.png,data/phantom_taobao/images_aug/0061_1753178960115_T_1_aug4.png,658046476440,1753178960115,4,70,8/10.0,4.0,530,557,71.97725912627169,phantom_taobao,1,positive,data/phantom_taobao/masks_aug/0061_1753178960115_T_1_mask_aug4.png
61_aug5,0061_1753178960115_T_1.png,data/phantom_taobao/images_aug/0061_1753178960115_T_1_aug5.png,658046476440,1753178960115,4,70,8/10.0,4.0,530,557,71.97725912627169,phantom_taobao,1,positive,data/phantom_taobao/masks_aug/0061_1753178960115_T_1_mask_aug5.png
61_aug6,0061_1753178960115_T_1.png,data/phantom_taobao/images_aug/0061_1753178960115_T_1_aug6.png,658046476440,1753178960115,4,70,8/10.0,4.0,530,557,71.97725912627169,phantom_taobao,1,positive,data/phantom_taobao/masks_aug/0061_1753178960115_T_1_mask_aug6.png
61_aug7,0061_1753178960115_T_1.png,data/phantom_taobao/images_aug/0061_1753178960115_T_1_aug7.png,658046476440,1753178960115,4,70,8/10.0,4.0,530,557,71.97725912627169,phantom_taobao,1,positive,data/phantom_taobao/masks_aug/0061_1753178960115_T_1_mask_aug7.png
61_aug8,0061_1753178960115_T_1.png,data/phantom_taobao/images_aug/0061_1753178960115_T_1_aug8.png,658046476440,1753178960115,4,70,8/10.0,4.0,530,557,71.97725912627169,phantom_taobao,1,positive,data/phantom_taobao/masks_aug/0061_1753178960115_T_1_mask_aug8.png
61_aug9,0061_1753178960115_T_1.png,data/phantom_taobao/images_aug/0061_1753178960115_T_1_aug9.png,658046476440,1753178960115,4,70,8/10.0,4.0,530,557,71.97725912627169,phantom_taobao,1,positive,data/phantom_taobao/masks_aug/0061_1753178960115_T_1_mask_aug9.png
61_aug10,0061_1753178960115_T_1.png,data/phantom_taobao/images_aug/0061_1753178960115_T_1_aug10.png,658046476440,1753178960115,4,70,8/10.0,4.0,530,557,71.97725912627169,phantom_taobao,1,positive,data/phantom_taobao/masks_aug/0061_1753178960115_T_1_mask_aug10.png
61_aug11,0061_1753178960115_T_1.png,data/phantom_taobao/images_aug/0061_1753178960115_T_1_aug11.png,658046476440,1753178960115,4,70,8/10.0,4.0,530,557,71.97725912627169,phantom_taobao,1,positive,data/phantom_taobao/masks_aug/0061_1753178960115_T_1_mask_aug11.png
61_aug12,0061_1753178960115_T_1.png,data/phantom_taobao/images_aug/0061_1753178960115_T_1_aug12.png,658046476440,1753178960115,4,70,8/10.0,4.0,530,557,71.97725912627169,phantom_taobao,1,positive,data/phantom_taobao/masks_aug/0061_1753178960115_T_1_mask_aug12.png
61_aug13,0061_1753178960115_T_1.png,data/phantom_taobao/images_aug/0061_1753178960115_T_1_aug13.png,658046476440,1753178960115,4,70,8/10.0,4.0,530,557,71.97725912627169,phantom_taobao,1,positive,data/phantom_taobao/masks_aug/0061_1753178960115_T_1_mask_aug13.png
61_aug14,0061_1753178960115_T_1.png,data/phantom_taobao/images_aug/0061_1753178960115_T_1_aug14.png,658046476440,1753178960115,4,70,8/10.0,4.0,530,557,71.97725912627169,phantom_taobao,1,positive,data/phantom_taobao/masks_aug/0061_1753178960115_T_1_mask_aug14.png
62_aug0,0062_1753178977751_T_1.png,data/phantom_taobao/images_aug/0062_1753178977751_T_1_aug0.png,675743444690,1753178977751,4,70,8/10.0,4.0,530,557,71.97725912627169,phantom_taobao,1,positive,data/phantom_taobao/masks_aug/0062_1753178977751_T_1_mask_aug0.png
62_aug1,0062_1753178977751_T_1.png,data/phantom_taobao/images_aug/0062_1753178977751_T_1_aug1.png,675743444690,1753178977751,4,70,8/10.0,4.0,530,557,71.97725912627169,phantom_taobao,1,positive,data/phantom_taobao/masks_aug/0062_1753178977751_T_1_mask_aug1.png
62_aug2,0062_1753178977751_T_1.png,data/phantom_taobao/images_aug/0062_1753178977751_T_1_aug2.png,675743444690,1753178977751,4,70,8/10.0,4.0,530,557,71.97725912627169,phantom_taobao,1,positive,data/phantom_taobao/masks_aug/0062_1753178977751_T_1_mask_aug2.png
62_aug3,0062_1753178977751_T_1.png,data/phantom_taobao/images_aug/0062_1753178977751_T_1_aug3.png,675743444690,1753178977751,4,70,8/10.0,4.0,530,557,71.97725912627169,phantom_taobao,1,positive,data/phantom_taobao/masks_aug/0062_1753178977751_T_1_mask_aug3.png
62_aug4,0062_1753178977751_T_1.png,data/phantom_taobao/images_aug/0062_1753178977751_T_1_aug4.png,675743444690,1753178977751,4,70,8/10.0,4.0,530,557,71.97725912627169,phantom_taobao,1,positive,data/phantom_taobao/masks_aug/0062_1753178977751_T_1_mask_aug4.png
62_aug5,0062_1753178977751_T_1.png,data/phantom_taobao/images_aug/0062_1753178977751_T_1_aug5.png,675743444690,1753178977751,4,70,8/10.0,4.0,530,557,71.97725912627169,phantom_taobao,1,positive,data/phantom_taobao/masks_aug/0062_1753178977751_T_1_mask_aug5.png
62_aug6,0062_1753178977751_T_1.png,data/phantom_taobao/images_aug/0062_1753178977751_T_1_aug6.png,675743444690,1753178977751,4,70,8/10.0,4.0,530,557,71.97725912627169,phantom_taobao,1,positive,data/phantom_taobao/masks_aug/0062_1753178977751_T_1_mask_aug6.png
62_aug7,0062_1753178977751_T_1.png,data/phantom_taobao/images_aug/0062_1753178977751_T_1_aug7.png,675743444690,1753178977751,4,70,8/10.0,4.0,530,557,71.97725912627169,phantom_taobao,1,positive,data/phantom_taobao/masks_aug/0062_1753178977751_T_1_mask_aug7.png
62_aug8,0062_1753178977751_T_1.png,data/phantom_taobao/images_aug/0062_1753178977751_T_1_aug8.png,675743444690,1753178977751,4,70,8/10.0,4.0,530,557,71.97725912627169,phantom_taobao,1,positive,data/phantom_taobao/masks_aug/0062_1753178977751_T_1_mask_aug8.png
62_aug9,0062_1753178977751_T_1.png,data/phantom_taobao/images_aug/0062_1753178977751_T_1_aug9.png,675743444690,1753178977751,4,70,8/10.0,4.0,530,557,71.97725912627169,phantom_taobao,1,positive,data/phantom_taobao/masks_aug/0062_1753178977751_T_1_mask_aug9.png
62_aug10,0062_1753178977751_T_1.png,data/phantom_taobao/images_aug/0062_1753178977751_T_1_aug10.png,675743444690,1753178977751,4,70,8/10.0,4.0,530,557,71.97725912627169,phantom_taobao,1,positive,data/phantom_taobao/masks_aug/0062_1753178977751_T_1_mask_aug10.png
62_aug11,0062_1753178977751_T_1.png,data/phantom_taobao/images_aug/0062_1753178977751_T_1_aug11.png,675743444690,1753178977751,4,70,8/10.0,4.0,530,557,71.97725912627169,phantom_taobao,1,positive,data/phantom_taobao/masks_aug/0062_1753178977751_T_1_mask_aug11.png
62_aug12,0062_1753178977751_T_1.png,data/phantom_taobao/images_aug/0062_1753178977751_T_1_aug12.png,675743444690,1753178977751,4,70,8/10.0,4.0,530,557,71.97725912627169,phantom_taobao,1,positive,data/phantom_taobao/masks_aug/0062_1753178977751_T_1_mask_aug12.png
62_aug13,0062_1753178977751_T_1.png,data/phantom_taobao/images_aug/0062_1753178977751_T_1_aug13.png,675743444690,1753178977751,4,70,8/10.0,4.0,530,557,71.97725912627169,phantom_taobao,1,positive,data/phantom_taobao/masks_aug/0062_1753178977751_T_1_mask_aug13.png
62_aug14,0062_1753178977751_T_1.png,data/phantom_taobao/images_aug/0062_1753178977751_T_1_aug14.png,675743444690,1753178977751,4,70,8/10.0,4.0,530,557,71.97725912627169,phantom_taobao,1,positive,data/phantom_taobao/masks_aug/0062_1753178977751_T_1_mask_aug14.png
63_aug0,0063_1753178980357_T_1.png,data/phantom_taobao/images_aug/0063_1753178980357_T_1_aug0.png,678290470810,1753178980357,4,70,8/10.0,4.0,530,557,71.97725912627169,phantom_taobao,1,positive,data/phantom_taobao/masks_aug/0063_1753178980357_T_1_mask_aug0.png
63_aug1,0063_1753178980357_T_1.png,data/phantom_taobao/images_aug/0063_1753178980357_T_1_aug1.png,678290470810,1753178980357,4,70,8/10.0,4.0,530,557,71.97725912627169,phantom_taobao,1,positive,data/phantom_taobao/masks_aug/0063_1753178980357_T_1_mask_aug1.png
63_aug2,0063_1753178980357_T_1.png,data/phantom_taobao/images_aug/0063_1753178980357_T_1_aug2.png,678290470810,1753178980357,4,70,8/10.0,4.0,530,557,71.97725912627169,phantom_taobao,1,positive,data/phantom_taobao/masks_aug/0063_1753178980357_T_1_mask_aug2.png
63_aug3,0063_1753178980357_T_1.png,data/phantom_taobao/images_aug/0063_1753178980357_T_1_aug3.png,678290470810,1753178980357,4,70,8/10.0,4.0,530,557,71.97725912627169,phantom_taobao,1,positive,data/phantom_taobao/masks_aug/0063_1753178980357_T_1_mask_aug3.png
63_aug4,0063_1753178980357_T_1.png,data/phantom_taobao/images_aug/0063_1753178980357_T_1_aug4.png,678290470810,1753178980357,4,70,8/10.0,4.0,530,557,71.97725912627169,phantom_taobao,1,positive,data/phantom_taobao/masks_aug/0063_1753178980357_T_1_mask_aug4.png
63_aug5,0063_1753178980357_T_1.png,data/phantom_taobao/images_aug/0063_1753178980357_T_1_aug5.png,678290470810,1753178980357,4,70,8/10.0,4.0,530,557,71.97725912627169,phantom_taobao,1,positive,data/phantom_taobao/masks_aug/0063_1753178980357_T_1_mask_aug5.png
63_aug6,0063_1753178980357_T_1.png,data/phantom_taobao/images_aug/0063_1753178980357_T_1_aug6.png,678290470810,1753178980357,4,70,8/10.0,4.0,530,557,71.97725912627169,phantom_taobao,1,positive,data/phantom_taobao/masks_aug/0063_1753178980357_T_1_mask_aug6.png
63_aug7,0063_1753178980357_T_1.png,data/phantom_taobao/images_aug/0063_1753178980357_T_1_aug7.png,678290470810,1753178980357,4,70,8/10.0,4.0,530,557,71.97725912627169,phantom_taobao,1,positive,data/phantom_taobao/masks_aug/0063_1753178980357_T_1_mask_aug7.png
63_aug8,0063_1753178980357_T_1.png,data/phantom_taobao/images_aug/0063_1753178980357_T_1_aug8.png,678290470810,1753178980357,4,70,8/10.0,4.0,530,557,71.97725912627169,phantom_taobao,1,positive,data/phantom_taobao/masks_aug/0063_1753178980357_T_1_mask_aug8.png
63_aug9,0063_1753178980357_T_1.png,data/phantom_taobao/images_aug/0063_1753178980357_T_1_aug9.png,678290470810,1753178980357,4,70,8/10.0,4.0,530,557,71.97725912627169,phantom_taobao,1,positive,data/phantom_taobao/masks_aug/0063_1753178980357_T_1_mask_aug9.png
63_aug10,0063_1753178980357_T_1.png,data/phantom_taobao/images_aug/0063_1753178980357_T_1_aug10.png,678290470810,1753178980357,4,70,8/10.0,4.0,530,557,71.97725912627169,phantom_taobao,1,positive,data/phantom_taobao/masks_aug/0063_1753178980357_T_1_mask_aug10.png
63_aug11,0063_1753178980357_T_1.png,data/phantom_taobao/images_aug/0063_1753178980357_T_1_aug11.png,678290470810,1753178980357,4,70,8/10.0,4.0,530,557,71.97725912627169,phantom_taobao,1,positive,data/phantom_taobao/masks_aug/0063_1753178980357_T_1_mask_aug11.png
63_aug12,0063_1753178980357_T_1.png,data/phantom_taobao/images_aug/0063_1753178980357_T_1_aug12.png,678290470810,1753178980357,4,70,8/10.0,4.0,530,557,71.97725912627169,phantom_taobao,1,positive,data/phantom_taobao/masks_aug/0063_1753178980357_T_1_mask_aug12.png
63_aug13,0063_1753178980357_T_1.png,data/phantom_taobao/images_aug/0063_1753178980357_T_1_aug13.png,678290470810,1753178980357,4,70,8/10.0,4.0,530,557,71.97725912627169,phantom_taobao,1,positive,data/phantom_taobao/masks_aug/0063_1753178980357_T_1_mask_aug13.png
63_aug14,0063_1753178980357_T_1.png,data/phantom_taobao/images_aug/0063_1753178980357_T_1_aug14.png,678290470810,1753178980357,4,70,8/10.0,4.0,530,557,71.97725912627169,phantom_taobao,1,positive,data/phantom_taobao/masks_aug/0063_1753178980357_T_1_mask_aug14.png
64_aug0,0064_1753178983718_T_1.png,data/phantom_taobao/images_aug/0064_1753178983718_T_1_aug0.png,681709054100,1753178983718,4,70,8/10.0,4.0,530,557,71.97725912627169,phantom_taobao,1,positive,data/phantom_taobao/masks_aug/0064_1753178983718_T_1_mask_aug0.png
64_aug1,0064_1753178983718_T_1.png,data/phantom_taobao/images_aug/0064_1753178983718_T_1_aug1.png,681709054100,1753178983718,4,70,8/10.0,4.0,530,557,71.97725912627169,phantom_taobao,1,positive,data/phantom_taobao/masks_aug/0064_1753178983718_T_1_mask_aug1.png
64_aug2,0064_1753178983718_T_1.png,data/phantom_taobao/images_aug/0064_1753178983718_T_1_aug2.png,681709054100,1753178983718,4,70,8/10.0,4.0,530,557,71.97725912627169,phantom_taobao,1,positive,data/phantom_taobao/masks_aug/0064_1753178983718_T_1_mask_aug2.png
64_aug3,0064_1753178983718_T_1.png,data/phantom_taobao/images_aug/0064_1753178983718_T_1_aug3.png,681709054100,1753178983718,4,70,8/10.0,4.0,530,557,71.97725912627169,phantom_taobao,1,positive,data/phantom_taobao/masks_aug/0064_1753178983718_T_1_mask_aug3.png
64_aug4,0064_1753178983718_T_1.png,data/phantom_taobao/images_aug/0064_1753178983718_T_1_aug4.png,681709054100,1753178983718,4,70,8/10.0,4.0,530,557,71.97725912627169,phantom_taobao,1,positive,data/phantom_taobao/masks_aug/0064_1753178983718_T_1_mask_aug4.png
64_aug5,0064_1753178983718_T_1.png,data/phantom_taobao/images_aug/0064_1753178983718_T_1_aug5.png,681709054100,1753178983718,4,70,8/10.0,4.0,530,557,71.97725912627169,phantom_taobao,1,positive,data/phantom_taobao/masks_aug/0064_1753178983718_T_1_mask_aug5.png
64_aug6,0064_1753178983718_T_1.png,data/phantom_taobao/images_aug/0064_1753178983718_T_1_aug6.png,681709054100,1753178983718,4,70,8/10.0,4.0,530,557,71.97725912627169,phantom_taobao,1,positive,data/phantom_taobao/masks_aug/0064_1753178983718_T_1_mask_aug6.png
64_aug7,0064_1753178983718_T_1.png,data/phantom_taobao/images_aug/0064_1753178983718_T_1_aug7.png,681709054100,1753178983718,4,70,8/10.0,4.0,530,557,71.97725912627169,phantom_taobao,1,positive,data/phantom_taobao/masks_aug/0064_1753178983718_T_1_mask_aug7.png
64_aug8,0064_1753178983718_T_1.png,data/phantom_taobao/images_aug/0064_1753178983718_T_1_aug8.png,681709054100,1753178983718,4,70,8/10.0,4.0,530,557,71.97725912627169,phantom_taobao,1,positive,data/phantom_taobao/masks_aug/0064_1753178983718_T_1_mask_aug8.png
64_aug9,0064_1753178983718_T_1.png,data/phantom_taobao/images_aug/0064_1753178983718_T_1_aug9.png,681709054100,1753178983718,4,70,8/10.0,4.0,530,557,71.97725912627169,phantom_taobao,1,positive,data/phantom_taobao/masks_aug/0064_1753178983718_T_1_mask_aug9.png
64_aug10,0064_1753178983718_T_1.png,data/phantom_taobao/images_aug/0064_1753178983718_T_1_aug10.png,681709054100,1753178983718,4,70,8/10.0,4.0,530,557,71.97725912627169,phantom_taobao,1,positive,data/phantom_taobao/masks_aug/0064_1753178983718_T_1_mask_aug10.png
64_aug11,0064_1753178983718_T_1.png,data/phantom_taobao/images_aug/0064_1753178983718_T_1_aug11.png,681709054100,1753178983718,4,70,8/10.0,4.0,530,557,71.97725912627169,phantom_taobao,1,positive,data/phantom_taobao/masks_aug/0064_1753178983718_T_1_mask_aug11.png
64_aug12,0064_1753178983718_T_1.png,data/phantom_taobao/images_aug/0064_1753178983718_T_1_aug12.png,681709054100,1753178983718,4,70,8/10.0,4.0,530,557,71.97725912627169,phantom_taobao,1,positive,data/phantom_taobao/masks_aug/0064_1753178983718_T_1_mask_aug12.png
64_aug13,0064_1753178983718_T_1.png,data/phantom_taobao/images_aug/0064_1753178983718_T_1_aug13.png,681709054100,1753178983718,4,70,8/10.0,4.0,530,557,71.97725912627169,phantom_taobao,1,positive,data/phantom_taobao/masks_aug/0064_1753178983718_T_1_mask_aug13.png
64_aug14,0064_1753178983718_T_1.png,data/phantom_taobao/images_aug/0064_1753178983718_T_1_aug14.png,681709054100,1753178983718,4,70,8/10.0,4.0,530,557,71.97725912627169,phantom_taobao,1,positive,data/phantom_taobao/masks_aug/0064_1753178983718_T_1_mask_aug14.png
65_aug0,0065_1753178986537_T_1.png,data/phantom_taobao/images_aug/0065_1753178986537_T_1_aug0.png,684523775860,1753178986537,4,70,8/10.0,4.0,530,557,71.97725912627169,phantom_taobao,1,positive,data/phantom_taobao/masks_aug/0065_1753178986537_T_1_mask_aug0.png
65_aug1,0065_1753178986537_T_1.png,data/phantom_taobao/images_aug/0065_1753178986537_T_1_aug1.png,684523775860,1753178986537,4,70,8/10.0,4.0,530,557,71.97725912627169,phantom_taobao,1,positive,data/phantom_taobao/masks_aug/0065_1753178986537_T_1_mask_aug1.png
65_aug2,0065_1753178986537_T_1.png,data/phantom_taobao/images_aug/0065_1753178986537_T_1_aug2.png,684523775860,1753178986537,4,70,8/10.0,4.0,530,557,71.97725912627169,phantom_taobao,1,positive,data/phantom_taobao/masks_aug/0065_1753178986537_T_1_mask_aug2.png
65_aug3,0065_1753178986537_T_1.png,data/phantom_taobao/images_aug/0065_1753178986537_T_1_aug3.png,684523775860,1753178986537,4,70,8/10.0,4.0,530,557,71.97725912627169,phantom_taobao,1,positive,data/phantom_taobao/masks_aug/0065_1753178986537_T_1_mask_aug3.png
65_aug4,0065_1753178986537_T_1.png,data/phantom_taobao/images_aug/0065_1753178986537_T_1_aug4.png,684523775860,1753178986537,4,70,8/10.0,4.0,530,557,71.97725912627169,phantom_taobao,1,positive,data/phantom_taobao/masks_aug/0065_1753178986537_T_1_mask_aug4.png
65_aug5,0065_1753178986537_T_1.png,data/phantom_taobao/images_aug/0065_1753178986537_T_1_aug5.png,684523775860,1753178986537,4,70,8/10.0,4.0,530,557,71.97725912627169,phantom_taobao,1,positive,data/phantom_taobao/masks_aug/0065_1753178986537_T_1_mask_aug5.png
65_aug6,0065_1753178986537_T_1.png,data/phantom_taobao/images_aug/0065_1753178986537_T_1_aug6.png,684523775860,1753178986537,4,70,8/10.0,4.0,530,557,71.97725912627169,phantom_taobao,1,positive,data/phantom_taobao/masks_aug/0065_1753178986537_T_1_mask_aug6.png
65_aug7,0065_1753178986537_T_1.png,data/phantom_taobao/images_aug/0065_1753178986537_T_1_aug7.png,684523775860,1753178986537,4,70,8/10.0,4.0,530,557,71.97725912627169,phantom_taobao,1,positive,data/phantom_taobao/masks_aug/0065_1753178986537_T_1_mask_aug7.png
65_aug8,0065_1753178986537_T_1.png,data/phantom_taobao/images_aug/0065_1753178986537_T_1_aug8.png,684523775860,1753178986537,4,70,8/10.0,4.0,530,557,71.97725912627169,phantom_taobao,1,positive,data/phantom_taobao/masks_aug/0065_1753178986537_T_1_mask_aug8.png
65_aug9,0065_1753178986537_T_1.png,data/phantom_taobao/images_aug/0065_1753178986537_T_1_aug9.png,684523775860,1753178986537,4,70,8/10.0,4.0,530,557,71.97725912627169,phantom_taobao,1,positive,data/phantom_taobao/masks_aug/0065_1753178986537_T_1_mask_aug9.png
65_aug10,0065_1753178986537_T_1.png,data/phantom_taobao/images_aug/0065_1753178986537_T_1_aug10.png,684523775860,1753178986537,4,70,8/10.0,4.0,530,557,71.97725912627169,phantom_taobao,1,positive,data/phantom_taobao/masks_aug/0065_1753178986537_T_1_mask_aug10.png
65_aug11,0065_1753178986537_T_1.png,data/phantom_taobao/images_aug/0065_1753178986537_T_1_aug11.png,684523775860,1753178986537,4,70,8/10.0,4.0,530,557,71.97725912627169,phantom_taobao,1,positive,data/phantom_taobao/masks_aug/0065_1753178986537_T_1_mask_aug11.png
65_aug12,0065_1753178986537_T_1.png,data/phantom_taobao/images_aug/0065_1753178986537_T_1_aug12.png,684523775860,1753178986537,4,70,8/10.0,4.0,530,557,71.97725912627169,phantom_taobao,1,positive,data/phantom_taobao/masks_aug/0065_1753178986537_T_1_mask_aug12.png
65_aug13,0065_1753178986537_T_1.png,data/phantom_taobao/images_aug/0065_1753178986537_T_1_aug13.png,684523775860,1753178986537,4,70,8/10.0,4.0,530,557,71.97725912627169,phantom_taobao,1,positive,data/phantom_taobao/masks_aug/0065_1753178986537_T_1_mask_aug13.png
65_aug14,0065_1753178986537_T_1.png,data/phantom_taobao/images_aug/0065_1753178986537_T_1_aug14.png,684523775860,1753178986537,4,70,8/10.0,4.0,530,557,71.97725912627169,phantom_taobao,1,positive,data/phantom_taobao/masks_aug/0065_1753178986537_T_1_mask_aug14.png
66_aug0,0066_1753178989147_T_1.png,data/phantom_taobao/images_aug/0066_1753178989147_T_1_aug0.png,687070277830,1753178989147,4,70,8/10.0,4.0,530,557,71.97725912627169,phantom_taobao,1,positive,data/phantom_taobao/masks_aug/0066_1753178989147_T_1_mask_aug0.png
66_aug1,0066_1753178989147_T_1.png,data/phantom_taobao/images_aug/0066_1753178989147_T_1_aug1.png,687070277830,1753178989147,4,70,8/10.0,4.0,530,557,71.97725912627169,phantom_taobao,1,positive,data/phantom_taobao/masks_aug/0066_1753178989147_T_1_mask_aug1.png
66_aug2,0066_1753178989147_T_1.png,data/phantom_taobao/images_aug/0066_1753178989147_T_1_aug2.png,687070277830,1753178989147,4,70,8/10.0,4.0,530,557,71.97725912627169,phantom_taobao,1,positive,data/phantom_taobao/masks_aug/0066_1753178989147_T_1_mask_aug2.png
66_aug3,0066_1753178989147_T_1.png,data/phantom_taobao/images_aug/0066_1753178989147_T_1_aug3.png,687070277830,1753178989147,4,70,8/10.0,4.0,530,557,71.97725912627169,phantom_taobao,1,positive,data/phantom_taobao/masks_aug/0066_1753178989147_T_1_mask_aug3.png
66_aug4,0066_1753178989147_T_1.png,data/phantom_taobao/images_aug/0066_1753178989147_T_1_aug4.png,687070277830,1753178989147,4,70,8/10.0,4.0,530,557,71.97725912627169,phantom_taobao,1,positive,data/phantom_taobao/masks_aug/0066_1753178989147_T_1_mask_aug4.png
66_aug5,0066_1753178989147_T_1.png,data/phantom_taobao/images_aug/0066_1753178989147_T_1_aug5.png,687070277830,1753178989147,4,70,8/10.0,4.0,530,557,71.97725912627169,phantom_taobao,1,positive,data/phantom_taobao/masks_aug/0066_1753178989147_T_1_mask_aug5.png
66_aug6,0066_1753178989147_T_1.png,data/phantom_taobao/images_aug/0066_1753178989147_T_1_aug6.png,687070277830,1753178989147,4,70,8/10.0,4.0,530,557,71.97725912627169,phantom_taobao,1,positive,data/phantom_taobao/masks_aug/0066_1753178989147_T_1_mask_aug6.png
66_aug7,0066_1753178989147_T_1.png,data/phantom_taobao/images_aug/0066_1753178989147_T_1_aug7.png,687070277830,1753178989147,4,70,8/10.0,4.0,530,557,71.97725912627169,phantom_taobao,1,positive,data/phantom_taobao/masks_aug/0066_1753178989147_T_1_mask_aug7.png
66_aug8,0066_1753178989147_T_1.png,data/phantom_taobao/images_aug/0066_1753178989147_T_1_aug8.png,687070277830,1753178989147,4,70,8/10.0,4.0,530,557,71.97725912627169,phantom_taobao,1,positive,data/phantom_taobao/masks_aug/0066_1753178989147_T_1_mask_aug8.png
66_aug9,0066_1753178989147_T_1.png,data/phantom_taobao/images_aug/0066_1753178989147_T_1_aug9.png,687070277830,1753178989147,4,70,8/10.0,4.0,530,557,71.97725912627169,phantom_taobao,1,positive,data/phantom_taobao/masks_aug/0066_1753178989147_T_1_mask_aug9.png
66_aug10,0066_1753178989147_T_1.png,data/phantom_taobao/images_aug/0066_1753178989147_T_1_aug10.png,687070277830,1753178989147,4,70,8/10.0,4.0,530,557,71.97725912627169,phantom_taobao,1,positive,data/phantom_taobao/masks_aug/0066_1753178989147_T_1_mask_aug10.png
66_aug11,0066_1753178989147_T_1.png,data/phantom_taobao/images_aug/0066_1753178989147_T_1_aug11.png,687070277830,1753178989147,4,70,8/10.0,4.0,530,557,71.97725912627169,phantom_taobao,1,positive,data/phantom_taobao/masks_aug/0066_1753178989147_T_1_mask_aug11.png
66_aug12,0066_1753178989147_T_1.png,data/phantom_taobao/images_aug/0066_1753178989147_T_1_aug12.png,687070277830,1753178989147,4,70,8/10.0,4.0,530,557,71.97725912627169,phantom_taobao,1,positive,data/phantom_taobao/masks_aug/0066_1753178989147_T_1_mask_aug12.png
66_aug13,0066_1753178989147_T_1.png,data/phantom_taobao/images_aug/0066_1753178989147_T_1_aug13.png,687070277830,1753178989147,4,70,8/10.0,4.0,530,557,71.97725912627169,phantom_taobao,1,positive,data/phantom_taobao/masks_aug/0066_1753178989147_T_1_mask_aug13.png
66_aug14,0066_1753178989147_T_1.png,data/phantom_taobao/images_aug/0066_1753178989147_T_1_aug14.png,687070277830,1753178989147,4,70,8/10.0,4.0,530,557,71.97725912627169,phantom_taobao,1,positive,data/phantom_taobao/masks_aug/0066_1753178989147_T_1_mask_aug14.png
67_aug0,0067_1753178991712_T_1.png,data/phantom_taobao/images_aug/0067_1753178991712_T_1_aug0.png,689683095200,1753178991712,4,70,8/10.0,4.0,530,557,71.97725912627169,phantom_taobao,1,positive,data/phantom_taobao/masks_aug/0067_1753178991712_T_1_mask_aug0.png
67_aug1,0067_1753178991712_T_1.png,data/phantom_taobao/images_aug/0067_1753178991712_T_1_aug1.png,689683095200,1753178991712,4,70,8/10.0,4.0,530,557,71.97725912627169,phantom_taobao,1,positive,data/phantom_taobao/masks_aug/0067_1753178991712_T_1_mask_aug1.png
67_aug2,0067_1753178991712_T_1.png,data/phantom_taobao/images_aug/0067_1753178991712_T_1_aug2.png,689683095200,1753178991712,4,70,8/10.0,4.0,530,557,71.97725912627169,phantom_taobao,1,positive,data/phantom_taobao/masks_aug/0067_1753178991712_T_1_mask_aug2.png
67_aug3,0067_1753178991712_T_1.png,data/phantom_taobao/images_aug/0067_1753178991712_T_1_aug3.png,689683095200,1753178991712,4,70,8/10.0,4.0,530,557,71.97725912627169,phantom_taobao,1,positive,data/phantom_taobao/masks_aug/0067_1753178991712_T_1_mask_aug3.png
67_aug4,0067_1753178991712_T_1.png,data/phantom_taobao/images_aug/0067_1753178991712_T_1_aug4.png,689683095200,1753178991712,4,70,8/10.0,4.0,530,557,71.97725912627169,phantom_taobao,1,positive,data/phantom_taobao/masks_aug/0067_1753178991712_T_1_mask_aug4.png
67_aug5,0067_1753178991712_T_1.png,data/phantom_taobao/images_aug/0067_1753178991712_T_1_aug5.png,689683095200,1753178991712,4,70,8/10.0,4.0,530,557,71.97725912627169,phantom_taobao,1,positive,data/phantom_taobao/masks_aug/0067_1753178991712_T_1_mask_aug5.png
67_aug6,0067_1753178991712_T_1.png,data/phantom_taobao/images_aug/0067_1753178991712_T_1_aug6.png,689683095200,1753178991712,4,70,8/10.0,4.0,530,557,71.97725912627169,phantom_taobao,1,positive,data/phantom_taobao/masks_aug/0067_1753178991712_T_1_mask_aug6.png
67_aug7,0067_1753178991712_T_1.png,data/phantom_taobao/images_aug/0067_1753178991712_T_1_aug7.png,689683095200,1753178991712,4,70,8/10.0,4.0,530,557,71.97725912627169,phantom_taobao,1,positive,data/phantom_taobao/masks_aug/0067_1753178991712_T_1_mask_aug7.png
67_aug8,0067_1753178991712_T_1.png,data/phantom_taobao/images_aug/0067_1753178991712_T_1_aug8.png,689683095200,1753178991712,4,70,8/10.0,4.0,530,557,71.97725912627169,phantom_taobao,1,positive,data/phantom_taobao/masks_aug/0067_1753178991712_T_1_mask_aug8.png
67_aug9,0067_1753178991712_T_1.png,data/phantom_taobao/images_aug/0067_1753178991712_T_1_aug9.png,689683095200,1753178991712,4,70,8/10.0,4.0,530,557,71.97725912627169,phantom_taobao,1,positive,data/phantom_taobao/masks_aug/0067_1753178991712_T_1_mask_aug9.png
67_aug10,0067_1753178991712_T_1.png,data/phantom_taobao/images_aug/0067_1753178991712_T_1_aug10.png,689683095200,1753178991712,4,70,8/10.0,4.0,530,557,71.97725912627169,phantom_taobao,1,positive,data/phantom_taobao/masks_aug/0067_1753178991712_T_1_mask_aug10.png
67_aug11,0067_1753178991712_T_1.png,data/phantom_taobao/images_aug/0067_1753178991712_T_1_aug11.png,689683095200,1753178991712,4,70,8/10.0,4.0,530,557,71.97725912627169,phantom_taobao,1,positive,data/phantom_taobao/masks_aug/0067_1753178991712_T_1_mask_aug11.png
67_aug12,0067_1753178991712_T_1.png,data/phantom_taobao/images_aug/0067_1753178991712_T_1_aug12.png,689683095200,1753178991712,4,70,8/10.0,4.0,530,557,71.97725912627169,phantom_taobao,1,positive,data/phantom_taobao/masks_aug/0067_1753178991712_T_1_mask_aug12.png
67_aug13,0067_1753178991712_T_1.png,data/phantom_taobao/images_aug/0067_1753178991712_T_1_aug13.png,689683095200,1753178991712,4,70,8/10.0,4.0,530,557,71.97725912627169,phantom_taobao,1,positive,data/phantom_taobao/masks_aug/0067_1753178991712_T_1_mask_aug13.png
67_aug14,0067_1753178991712_T_1.png,data/phantom_taobao/images_aug/0067_1753178991712_T_1_aug14.png,689683095200,1753178991712,4,70,8/10.0,4.0,530,557,71.97725912627169,phantom_taobao,1,positive,data/phantom_taobao/masks_aug/0067_1753178991712_T_1_mask_aug14.png
68_aug0,0068_1753179008970_T_1.png,data/phantom_taobao/images_aug/0068_1753179008970_T_1_aug0.png,706911749870,1753179008970,4,70,8/10.0,4.0,530,557,71.97725912627169,phantom_taobao,1,positive,data/phantom_taobao/masks_aug/0068_1753179008970_T_1_mask_aug0.png
68_aug1,0068_1753179008970_T_1.png,data/phantom_taobao/images_aug/0068_1753179008970_T_1_aug1.png,706911749870,1753179008970,4,70,8/10.0,4.0,530,557,71.97725912627169,phantom_taobao,1,positive,data/phantom_taobao/masks_aug/0068_1753179008970_T_1_mask_aug1.png
68_aug2,0068_1753179008970_T_1.png,data/phantom_taobao/images_aug/0068_1753179008970_T_1_aug2.png,706911749870,1753179008970,4,70,8/10.0,4.0,530,557,71.97725912627169,phantom_taobao,1,positive,data/phantom_taobao/masks_aug/0068_1753179008970_T_1_mask_aug2.png
68_aug3,0068_1753179008970_T_1.png,data/phantom_taobao/images_aug/0068_1753179008970_T_1_aug3.png,706911749870,1753179008970,4,70,8/10.0,4.0,530,557,71.97725912627169,phantom_taobao,1,positive,data/phantom_taobao/masks_aug/0068_1753179008970_T_1_mask_aug3.png
68_aug4,0068_1753179008970_T_1.png,data/phantom_taobao/images_aug/0068_1753179008970_T_1_aug4.png,706911749870,1753179008970,4,70,8/10.0,4.0,530,557,71.97725912627169,phantom_taobao,1,positive,data/phantom_taobao/masks_aug/0068_1753179008970_T_1_mask_aug4.png
68_aug5,0068_1753179008970_T_1.png,data/phantom_taobao/images_aug/0068_1753179008970_T_1_aug5.png,706911749870,1753179008970,4,70,8/10.0,4.0,530,557,71.97725912627169,phantom_taobao,1,positive,data/phantom_taobao/masks_aug/0068_1753179008970_T_1_mask_aug5.png
68_aug6,0068_1753179008970_T_1.png,data/phantom_taobao/images_aug/0068_1753179008970_T_1_aug6.png,706911749870,1753179008970,4,70,8/10.0,4.0,530,557,71.97725912627169,phantom_taobao,1,positive,data/phantom_taobao/masks_aug/0068_1753179008970_T_1_mask_aug6.png
68_aug7,0068_1753179008970_T_1.png,data/phantom_taobao/images_aug/0068_1753179008970_T_1_aug7.png,706911749870,1753179008970,4,70,8/10.0,4.0,530,557,71.97725912627169,phantom_taobao,1,positive,data/phantom_taobao/masks_aug/0068_1753179008970_T_1_mask_aug7.png
68_aug8,0068_1753179008970_T_1.png,data/phantom_taobao/images_aug/0068_1753179008970_T_1_aug8.png,706911749870,1753179008970,4,70,8/10.0,4.0,530,557,71.97725912627169,phantom_taobao,1,positive,data/phantom_taobao/masks_aug/0068_1753179008970_T_1_mask_aug8.png
68_aug9,0068_1753179008970_T_1.png,data/phantom_taobao/images_aug/0068_1753179008970_T_1_aug9.png,706911749870,1753179008970,4,70,8/10.0,4.0,530,557,71.97725912627169,phantom_taobao,1,positive,data/phantom_taobao/masks_aug/0068_1753179008970_T_1_mask_aug9.png
68_aug10,0068_1753179008970_T_1.png,data/phantom_taobao/images_aug/0068_1753179008970_T_1_aug10.png,706911749870,1753179008970,4,70,8/10.0,4.0,530,557,71.97725912627169,phantom_taobao,1,positive,data/phantom_taobao/masks_aug/0068_1753179008970_T_1_mask_aug10.png
68_aug11,0068_1753179008970_T_1.png,data/phantom_taobao/images_aug/0068_1753179008970_T_1_aug11.png,706911749870,1753179008970,4,70,8/10.0,4.0,530,557,71.97725912627169,phantom_taobao,1,positive,data/phantom_taobao/masks_aug/0068_1753179008970_T_1_mask_aug11.png
68_aug12,0068_1753179008970_T_1.png,data/phantom_taobao/images_aug/0068_1753179008970_T_1_aug12.png,706911749870,1753179008970,4,70,8/10.0,4.0,530,557,71.97725912627169,phantom_taobao,1,positive,data/phantom_taobao/masks_aug/0068_1753179008970_T_1_mask_aug12.png
68_aug13,0068_1753179008970_T_1.png,data/phantom_taobao/images_aug/0068_1753179008970_T_1_aug13.png,706911749870,1753179008970,4,70,8/10.0,4.0,530,557,71.97725912627169,phantom_taobao,1,positive,data/phantom_taobao/masks_aug/0068_1753179008970_T_1_mask_aug13.png
68_aug14,0068_1753179008970_T_1.png,data/phantom_taobao/images_aug/0068_1753179008970_T_1_aug14.png,706911749870,1753179008970,4,70,8/10.0,4.0,530,557,71.97725912627169,phantom_taobao,1,positive,data/phantom_taobao/masks_aug/0068_1753179008970_T_1_mask_aug14.png
69_aug0,0069_1753179018525_T_1.png,data/phantom_taobao/images_aug/0069_1753179018525_T_1_aug0.png,716495336710,1753179018525,4,70,8/10.0,4.0,530,557,71.97725912627169,phantom_taobao,1,positive,data/phantom_taobao/masks_aug/0069_1753179018525_T_1_mask_aug0.png
69_aug1,0069_1753179018525_T_1.png,data/phantom_taobao/images_aug/0069_1753179018525_T_1_aug1.png,716495336710,1753179018525,4,70,8/10.0,4.0,530,557,71.97725912627169,phantom_taobao,1,positive,data/phantom_taobao/masks_aug/0069_1753179018525_T_1_mask_aug1.png
69_aug2,0069_1753179018525_T_1.png,data/phantom_taobao/images_aug/0069_1753179018525_T_1_aug2.png,716495336710,1753179018525,4,70,8/10.0,4.0,530,557,71.97725912627169,phantom_taobao,1,positive,data/phantom_taobao/masks_aug/0069_1753179018525_T_1_mask_aug2.png
69_aug3,0069_1753179018525_T_1.png,data/phantom_taobao/images_aug/0069_1753179018525_T_1_aug3.png,716495336710,1753179018525,4,70,8/10.0,4.0,530,557,71.97725912627169,phantom_taobao,1,positive,data/phantom_taobao/masks_aug/0069_1753179018525_T_1_mask_aug3.png
69_aug4,0069_1753179018525_T_1.png,data/phantom_taobao/images_aug/0069_1753179018525_T_1_aug4.png,716495336710,1753179018525,4,70,8/10.0,4.0,530,557,71.97725912627169,phantom_taobao,1,positive,data/phantom_taobao/masks_aug/0069_1753179018525_T_1_mask_aug4.png
69_aug5,0069_1753179018525_T_1.png,data/phantom_taobao/images_aug/0069_1753179018525_T_1_aug5.png,716495336710,1753179018525,4,70,8/10.0,4.0,530,557,71.97725912627169,phantom_taobao,1,positive,data/phantom_taobao/masks_aug/0069_1753179018525_T_1_mask_aug5.png
69_aug6,0069_1753179018525_T_1.png,data/phantom_taobao/images_aug/0069_1753179018525_T_1_aug6.png,716495336710,1753179018525,4,70,8/10.0,4.0,530,557,71.97725912627169,phantom_taobao,1,positive,data/phantom_taobao/masks_aug/0069_1753179018525_T_1_mask_aug6.png
69_aug7,0069_1753179018525_T_1.png,data/phantom_taobao/images_aug/0069_1753179018525_T_1_aug7.png,716495336710,1753179018525,4,70,8/10.0,4.0,530,557,71.97725912627169,phantom_taobao,1,positive,data/phantom_taobao/masks_aug/0069_1753179018525_T_1_mask_aug7.png
69_aug8,0069_1753179018525_T_1.png,data/phantom_taobao/images_aug/0069_1753179018525_T_1_aug8.png,716495336710,1753179018525,4,70,8/10.0,4.0,530,557,71.97725912627169,phantom_taobao,1,positive,data/phantom_taobao/masks_aug/0069_1753179018525_T_1_mask_aug8.png
69_aug9,0069_1753179018525_T_1.png,data/phantom_taobao/images_aug/0069_1753179018525_T_1_aug9.png,716495336710,1753179018525,4,70,8/10.0,4.0,530,557,71.97725912627169,phantom_taobao,1,positive,data/phantom_taobao/masks_aug/0069_1753179018525_T_1_mask_aug9.png
69_aug10,0069_1753179018525_T_1.png,data/phantom_taobao/images_aug/0069_1753179018525_T_1_aug10.png,716495336710,1753179018525,4,70,8/10.0,4.0,530,557,71.97725912627169,phantom_taobao,1,positive,data/phantom_taobao/masks_aug/0069_1753179018525_T_1_mask_aug10.png
69_aug11,0069_1753179018525_T_1.png,data/phantom_taobao/images_aug/0069_1753179018525_T_1_aug11.png,716495336710,1753179018525,4,70,8/10.0,4.0,530,557,71.97725912627169,phantom_taobao,1,positive,data/phantom_taobao/masks_aug/0069_1753179018525_T_1_mask_aug11.png
69_aug12,0069_1753179018525_T_1.png,data/phantom_taobao/images_aug/0069_1753179018525_T_1_aug12.png,716495336710,1753179018525,4,70,8/10.0,4.0,530,557,71.97725912627169,phantom_taobao,1,positive,data/phantom_taobao/masks_aug/0069_1753179018525_T_1_mask_aug12.png
69_aug13,0069_1753179018525_T_1.png,data/phantom_taobao/images_aug/0069_1753179018525_T_1_aug13.png,716495336710,1753179018525,4,70,8/10.0,4.0,530,557,71.97725912627169,phantom_taobao,1,positive,data/phantom_taobao/masks_aug/0069_1753179018525_T_1_mask_aug13.png
69_aug14,0069_1753179018525_T_1.png,data/phantom_taobao/images_aug/0069_1753179018525_T_1_aug14.png,716495336710,1753179018525,4,70,8/10.0,4.0,530,557,71.97725912627169,phantom_taobao,1,positive,data/phantom_taobao/masks_aug/0069_1753179018525_T_1_mask_aug14.png
70_aug0,0070_1753179028968_T_1.png,data/phantom_taobao/images_aug/0070_1753179028968_T_1_aug0.png,726947491510,1753179028968,4,70,8/10.0,4.0,530,557,71.97725912627169,phantom_taobao,1,positive,data/phantom_taobao/masks_aug/0070_1753179028968_T_1_mask_aug0.png
70_aug1,0070_1753179028968_T_1.png,data/phantom_taobao/images_aug/0070_1753179028968_T_1_aug1.png,726947491510,1753179028968,4,70,8/10.0,4.0,530,557,71.97725912627169,phantom_taobao,1,positive,data/phantom_taobao/masks_aug/0070_1753179028968_T_1_mask_aug1.png
70_aug2,0070_1753179028968_T_1.png,data/phantom_taobao/images_aug/0070_1753179028968_T_1_aug2.png,726947491510,1753179028968,4,70,8/10.0,4.0,530,557,71.97725912627169,phantom_taobao,1,positive,data/phantom_taobao/masks_aug/0070_1753179028968_T_1_mask_aug2.png
70_aug3,0070_1753179028968_T_1.png,data/phantom_taobao/images_aug/0070_1753179028968_T_1_aug3.png,726947491510,1753179028968,4,70,8/10.0,4.0,530,557,71.97725912627169,phantom_taobao,1,positive,data/phantom_taobao/masks_aug/0070_1753179028968_T_1_mask_aug3.png
70_aug4,0070_1753179028968_T_1.png,data/phantom_taobao/images_aug/0070_1753179028968_T_1_aug4.png,726947491510,1753179028968,4,70,8/10.0,4.0,530,557,71.97725912627169,phantom_taobao,1,positive,data/phantom_taobao/masks_aug/0070_1753179028968_T_1_mask_aug4.png
70_aug5,0070_1753179028968_T_1.png,data/phantom_taobao/images_aug/0070_1753179028968_T_1_aug5.png,726947491510,1753179028968,4,70,8/10.0,4.0,530,557,71.97725912627169,phantom_taobao,1,positive,data/phantom_taobao/masks_aug/0070_1753179028968_T_1_mask_aug5.png
70_aug6,0070_1753179028968_T_1.png,data/phantom_taobao/images_aug/0070_1753179028968_T_1_aug6.png,726947491510,1753179028968,4,70,8/10.0,4.0,530,557,71.97725912627169,phantom_taobao,1,positive,data/phantom_taobao/masks_aug/0070_1753179028968_T_1_mask_aug6.png
70_aug7,0070_1753179028968_T_1.png,data/phantom_taobao/images_aug/0070_1753179028968_T_1_aug7.png,726947491510,1753179028968,4,70,8/10.0,4.0,530,557,71.97725912627169,phantom_taobao,1,positive,data/phantom_taobao/masks_aug/0070_1753179028968_T_1_mask_aug7.png
70_aug8,0070_1753179028968_T_1.png,data/phantom_taobao/images_aug/0070_1753179028968_T_1_aug8.png,726947491510,1753179028968,4,70,8/10.0,4.0,530,557,71.97725912627169,phantom_taobao,1,positive,data/phantom_taobao/masks_aug/0070_1753179028968_T_1_mask_aug8.png
70_aug9,0070_1753179028968_T_1.png,data/phantom_taobao/images_aug/0070_1753179028968_T_1_aug9.png,726947491510,1753179028968,4,70,8/10.0,4.0,530,557,71.97725912627169,phantom_taobao,1,positive,data/phantom_taobao/masks_aug/0070_1753179028968_T_1_mask_aug9.png
70_aug10,0070_1753179028968_T_1.png,data/phantom_taobao/images_aug/0070_1753179028968_T_1_aug10.png,726947491510,1753179028968,4,70,8/10.0,4.0,530,557,71.97725912627169,phantom_taobao,1,positive,data/phantom_taobao/masks_aug/0070_1753179028968_T_1_mask_aug10.png
70_aug11,0070_1753179028968_T_1.png,data/phantom_taobao/images_aug/0070_1753179028968_T_1_aug11.png,726947491510,1753179028968,4,70,8/10.0,4.0,530,557,71.97725912627169,phantom_taobao,1,positive,data/phantom_taobao/masks_aug/0070_1753179028968_T_1_mask_aug11.png
70_aug12,0070_1753179028968_T_1.png,data/phantom_taobao/images_aug/0070_1753179028968_T_1_aug12.png,726947491510,1753179028968,4,70,8/10.0,4.0,530,557,71.97725912627169,phantom_taobao,1,positive,data/phantom_taobao/masks_aug/0070_1753179028968_T_1_mask_aug12.png
70_aug13,0070_1753179028968_T_1.png,data/phantom_taobao/images_aug/0070_1753179028968_T_1_aug13.png,726947491510,1753179028968,4,70,8/10.0,4.0,530,557,71.97725912627169,phantom_taobao,1,positive,data/phantom_taobao/masks_aug/0070_1753179028968_T_1_mask_aug13.png
70_aug14,0070_1753179028968_T_1.png,data/phantom_taobao/images_aug/0070_1753179028968_T_1_aug14.png,726947491510,1753179028968,4,70,8/10.0,4.0,530,557,71.97725912627169,phantom_taobao,1,positive,data/phantom_taobao/masks_aug/0070_1753179028968_T_1_mask_aug14.png
71_aug0,0071_1753179040081_T_1.png,data/phantom_taobao/images_aug/0071_1753179040081_T_1_aug0.png,738070296250,1753179040081,4,70,8/10.0,4.0,530,557,71.97725912627169,phantom_taobao,1,positive,data/phantom_taobao/masks_aug/0071_1753179040081_T_1_mask_aug0.png
71_aug1,0071_1753179040081_T_1.png,data/phantom_taobao/images_aug/0071_1753179040081_T_1_aug1.png,738070296250,1753179040081,4,70,8/10.0,4.0,530,557,71.97725912627169,phantom_taobao,1,positive,data/phantom_taobao/masks_aug/0071_1753179040081_T_1_mask_aug1.png
71_aug2,0071_1753179040081_T_1.png,data/phantom_taobao/images_aug/0071_1753179040081_T_1_aug2.png,738070296250,1753179040081,4,70,8/10.0,4.0,530,557,71.97725912627169,phantom_taobao,1,positive,data/phantom_taobao/masks_aug/0071_1753179040081_T_1_mask_aug2.png
71_aug3,0071_1753179040081_T_1.png,data/phantom_taobao/images_aug/0071_1753179040081_T_1_aug3.png,738070296250,1753179040081,4,70,8/10.0,4.0,530,557,71.97725912627169,phantom_taobao,1,positive,data/phantom_taobao/masks_aug/0071_1753179040081_T_1_mask_aug3.png
71_aug4,0071_1753179040081_T_1.png,data/phantom_taobao/images_aug/0071_1753179040081_T_1_aug4.png,738070296250,1753179040081,4,70,8/10.0,4.0,530,557,71.97725912627169,phantom_taobao,1,positive,data/phantom_taobao/masks_aug/0071_1753179040081_T_1_mask_aug4.png
71_aug5,0071_1753179040081_T_1.png,data/phantom_taobao/images_aug/0071_1753179040081_T_1_aug5.png,738070296250,1753179040081,4,70,8/10.0,4.0,530,557,71.97725912627169,phantom_taobao,1,positive,data/phantom_taobao/masks_aug/0071_1753179040081_T_1_mask_aug5.png
71_aug6,0071_1753179040081_T_1.png,data/phantom_taobao/images_aug/0071_1753179040081_T_1_aug6.png,738070296250,1753179040081,4,70,8/10.0,4.0,530,557,71.97725912627169,phantom_taobao,1,positive,data/phantom_taobao/masks_aug/0071_1753179040081_T_1_mask_aug6.png
71_aug7,0071_1753179040081_T_1.png,data/phantom_taobao/images_aug/0071_1753179040081_T_1_aug7.png,738070296250,1753179040081,4,70,8/10.0,4.0,530,557,71.97725912627169,phantom_taobao,1,positive,data/phantom_taobao/masks_aug/0071_1753179040081_T_1_mask_aug7.png
71_aug8,0071_1753179040081_T_1.png,data/phantom_taobao/images_aug/0071_1753179040081_T_1_aug8.png,738070296250,1753179040081,4,70,8/10.0,4.0,530,557,71.97725912627169,phantom_taobao,1,positive,data/phantom_taobao/masks_aug/0071_1753179040081_T_1_mask_aug8.png
71_aug9,0071_1753179040081_T_1.png,data/phantom_taobao/images_aug/0071_1753179040081_T_1_aug9.png,738070296250,1753179040081,4,70,8/10.0,4.0,530,557,71.97725912627169,phantom_taobao,1,positive,data/phantom_taobao/masks_aug/0071_1753179040081_T_1_mask_aug9.png
71_aug10,0071_1753179040081_T_1.png,data/phantom_taobao/images_aug/0071_1753179040081_T_1_aug10.png,738070296250,1753179040081,4,70,8/10.0,4.0,530,557,71.97725912627169,phantom_taobao,1,positive,data/phantom_taobao/masks_aug/0071_1753179040081_T_1_mask_aug10.png
71_aug11,0071_1753179040081_T_1.png,data/phantom_taobao/images_aug/0071_1753179040081_T_1_aug11.png,738070296250,1753179040081,4,70,8/10.0,4.0,530,557,71.97725912627169,phantom_taobao,1,positive,data/phantom_taobao/masks_aug/0071_1753179040081_T_1_mask_aug11.png
71_aug12,0071_1753179040081_T_1.png,data/phantom_taobao/images_aug/0071_1753179040081_T_1_aug12.png,738070296250,1753179040081,4,70,8/10.0,4.0,530,557,71.97725912627169,phantom_taobao,1,positive,data/phantom_taobao/masks_aug/0071_1753179040081_T_1_mask_aug12.png
71_aug13,0071_1753179040081_T_1.png,data/phantom_taobao/images_aug/0071_1753179040081_T_1_aug13.png,738070296250,1753179040081,4,70,8/10.0,4.0,530,557,71.97725912627169,phantom_taobao,1,positive,data/phantom_taobao/masks_aug/0071_1753179040081_T_1_mask_aug13.png
71_aug14,0071_1753179040081_T_1.png,data/phantom_taobao/images_aug/0071_1753179040081_T_1_aug14.png,738070296250,1753179040081,4,70,8/10.0,4.0,530,557,71.97725912627169,phantom_taobao,1,positive,data/phantom_taobao/masks_aug/0071_1753179040081_T_1_mask_aug14.png
72_aug0,0072_1753179069224_T_1.png,data/phantom_taobao/images_aug/0072_1753179069224_T_1_aug0.png,767178579440,1753179069224,4,70,8/10.0,4.0,530,557,71.97725912627169,phantom_taobao,1,positive,data/phantom_taobao/masks_aug/0072_1753179069224_T_1_mask_aug0.png
72_aug1,0072_1753179069224_T_1.png,data/phantom_taobao/images_aug/0072_1753179069224_T_1_aug1.png,767178579440,1753179069224,4,70,8/10.0,4.0,530,557,71.97725912627169,phantom_taobao,1,positive,data/phantom_taobao/masks_aug/0072_1753179069224_T_1_mask_aug1.png
72_aug2,0072_1753179069224_T_1.png,data/phantom_taobao/images_aug/0072_1753179069224_T_1_aug2.png,767178579440,1753179069224,4,70,8/10.0,4.0,530,557,71.97725912627169,phantom_taobao,1,positive,data/phantom_taobao/masks_aug/0072_1753179069224_T_1_mask_aug2.png
72_aug3,0072_1753179069224_T_1.png,data/phantom_taobao/images_aug/0072_1753179069224_T_1_aug3.png,767178579440,1753179069224,4,70,8/10.0,4.0,530,557,71.97725912627169,phantom_taobao,1,positive,data/phantom_taobao/masks_aug/0072_1753179069224_T_1_mask_aug3.png
72_aug4,0072_1753179069224_T_1.png,data/phantom_taobao/images_aug/0072_1753179069224_T_1_aug4.png,767178579440,1753179069224,4,70,8/10.0,4.0,530,557,71.97725912627169,phantom_taobao,1,positive,data/phantom_taobao/masks_aug/0072_1753179069224_T_1_mask_aug4.png
72_aug5,0072_1753179069224_T_1.png,data/phantom_taobao/images_aug/0072_1753179069224_T_1_aug5.png,767178579440,1753179069224,4,70,8/10.0,4.0,530,557,71.97725912627169,phantom_taobao,1,positive,data/phantom_taobao/masks_aug/0072_1753179069224_T_1_mask_aug5.png
72_aug6,0072_1753179069224_T_1.png,data/phantom_taobao/images_aug/0072_1753179069224_T_1_aug6.png,767178579440,1753179069224,4,70,8/10.0,4.0,530,557,71.97725912627169,phantom_taobao,1,positive,data/phantom_taobao/masks_aug/0072_1753179069224_T_1_mask_aug6.png
72_aug7,0072_1753179069224_T_1.png,data/phantom_taobao/images_aug/0072_1753179069224_T_1_aug7.png,767178579440,1753179069224,4,70,8/10.0,4.0,530,557,71.97725912627169,phantom_taobao,1,positive,data/phantom_taobao/masks_aug/0072_1753179069224_T_1_mask_aug7.png
72_aug8,0072_1753179069224_T_1.png,data/phantom_taobao/images_aug/0072_1753179069224_T_1_aug8.png,767178579440,1753179069224,4,70,8/10.0,4.0,530,557,71.97725912627169,phantom_taobao,1,positive,data/phantom_taobao/masks_aug/0072_1753179069224_T_1_mask_aug8.png
72_aug9,0072_1753179069224_T_1.png,data/phantom_taobao/images_aug/0072_1753179069224_T_1_aug9.png,767178579440,1753179069224,4,70,8/10.0,4.0,530,557,71.97725912627169,phantom_taobao,1,positive,data/phantom_taobao/masks_aug/0072_1753179069224_T_1_mask_aug9.png
72_aug10,0072_1753179069224_T_1.png,data/phantom_taobao/images_aug/0072_1753179069224_T_1_aug10.png,767178579440,1753179069224,4,70,8/10.0,4.0,530,557,71.97725912627169,phantom_taobao,1,positive,data/phantom_taobao/masks_aug/0072_1753179069224_T_1_mask_aug10.png
72_aug11,0072_1753179069224_T_1.png,data/phantom_taobao/images_aug/0072_1753179069224_T_1_aug11.png,767178579440,1753179069224,4,70,8/10.0,4.0,530,557,71.97725912627169,phantom_taobao,1,positive,data/phantom_taobao/masks_aug/0072_1753179069224_T_1_mask_aug11.png
72_aug12,0072_1753179069224_T_1.png,data/phantom_taobao/images_aug/0072_1753179069224_T_1_aug12.png,767178579440,1753179069224,4,70,8/10.0,4.0,530,557,71.97725912627169,phantom_taobao,1,positive,data/phantom_taobao/masks_aug/0072_1753179069224_T_1_mask_aug12.png
72_aug13,0072_1753179069224_T_1.png,data/phantom_taobao/images_aug/0072_1753179069224_T_1_aug13.png,767178579440,1753179069224,4,70,8/10.0,4.0,530,557,71.97725912627169,phantom_taobao,1,positive,data/phantom_taobao/masks_aug/0072_1753179069224_T_1_mask_aug13.png
72_aug14,0072_1753179069224_T_1.png,data/phantom_taobao/images_aug/0072_1753179069224_T_1_aug14.png,767178579440,1753179069224,4,70,8/10.0,4.0,530,557,71.97725912627169,phantom_taobao,1,positive,data/phantom_taobao/masks_aug/0072_1753179069224_T_1_mask_aug14.png
73_aug0,0073_1753179072164_T_1.png,data/phantom_taobao/images_aug/0073_1753179072164_T_1_aug0.png,770126894180,1753179072164,4,70,8/10.0,4.0,530,557,71.97725912627169,phantom_taobao,1,positive,data/phantom_taobao/masks_aug/0073_1753179072164_T_1_mask_aug0.png
73_aug1,0073_1753179072164_T_1.png,data/phantom_taobao/images_aug/0073_1753179072164_T_1_aug1.png,770126894180,1753179072164,4,70,8/10.0,4.0,530,557,71.97725912627169,phantom_taobao,1,positive,data/phantom_taobao/masks_aug/0073_1753179072164_T_1_mask_aug1.png
73_aug2,0073_1753179072164_T_1.png,data/phantom_taobao/images_aug/0073_1753179072164_T_1_aug2.png,770126894180,1753179072164,4,70,8/10.0,4.0,530,557,71.97725912627169,phantom_taobao,1,positive,data/phantom_taobao/masks_aug/0073_1753179072164_T_1_mask_aug2.png
73_aug3,0073_1753179072164_T_1.png,data/phantom_taobao/images_aug/0073_1753179072164_T_1_aug3.png,770126894180,1753179072164,4,70,8/10.0,4.0,530,557,71.97725912627169,phantom_taobao,1,positive,data/phantom_taobao/masks_aug/0073_1753179072164_T_1_mask_aug3.png
73_aug4,0073_1753179072164_T_1.png,data/phantom_taobao/images_aug/0073_1753179072164_T_1_aug4.png,770126894180,1753179072164,4,70,8/10.0,4.0,530,557,71.97725912627169,phantom_taobao,1,positive,data/phantom_taobao/masks_aug/0073_1753179072164_T_1_mask_aug4.png
73_aug5,0073_1753179072164_T_1.png,data/phantom_taobao/images_aug/0073_1753179072164_T_1_aug5.png,770126894180,1753179072164,4,70,8/10.0,4.0,530,557,71.97725912627169,phantom_taobao,1,positive,data/phantom_taobao/masks_aug/0073_1753179072164_T_1_mask_aug5.png
73_aug6,0073_1753179072164_T_1.png,data/phantom_taobao/images_aug/0073_1753179072164_T_1_aug6.png,770126894180,1753179072164,4,70,8/10.0,4.0,530,557,71.97725912627169,phantom_taobao,1,positive,data/phantom_taobao/masks_aug/0073_1753179072164_T_1_mask_aug6.png
73_aug7,0073_1753179072164_T_1.png,data/phantom_taobao/images_aug/0073_1753179072164_T_1_aug7.png,770126894180,1753179072164,4,70,8/10.0,4.0,530,557,71.97725912627169,phantom_taobao,1,positive,data/phantom_taobao/masks_aug/0073_1753179072164_T_1_mask_aug7.png
73_aug8,0073_1753179072164_T_1.png,data/phantom_taobao/images_aug/0073_1753179072164_T_1_aug8.png,770126894180,1753179072164,4,70,8/10.0,4.0,530,557,71.97725912627169,phantom_taobao,1,positive,data/phantom_taobao/masks_aug/0073_1753179072164_T_1_mask_aug8.png
73_aug9,0073_1753179072164_T_1.png,data/phantom_taobao/images_aug/0073_1753179072164_T_1_aug9.png,770126894180,1753179072164,4,70,8/10.0,4.0,530,557,71.97725912627169,phantom_taobao,1,positive,data/phantom_taobao/masks_aug/0073_1753179072164_T_1_mask_aug9.png
73_aug10,0073_1753179072164_T_1.png,data/phantom_taobao/images_aug/0073_1753179072164_T_1_aug10.png,770126894180,1753179072164,4,70,8/10.0,4.0,530,557,71.97725912627169,phantom_taobao,1,positive,data/phantom_taobao/masks_aug/0073_1753179072164_T_1_mask_aug10.png
73_aug11,0073_1753179072164_T_1.png,data/phantom_taobao/images_aug/0073_1753179072164_T_1_aug11.png,770126894180,1753179072164,4,70,8/10.0,4.0,530,557,71.97725912627169,phantom_taobao,1,positive,data/phantom_taobao/masks_aug/0073_1753179072164_T_1_mask_aug11.png
73_aug12,0073_1753179072164_T_1.png,data/phantom_taobao/images_aug/0073_1753179072164_T_1_aug12.png,770126894180,1753179072164,4,70,8/10.0,4.0,530,557,71.97725912627169,phantom_taobao,1,positive,data/phantom_taobao/masks_aug/0073_1753179072164_T_1_mask_aug12.png
73_aug13,0073_1753179072164_T_1.png,data/phantom_taobao/images_aug/0073_1753179072164_T_1_aug13.png,770126894180,1753179072164,4,70,8/10.0,4.0,530,557,71.97725912627169,phantom_taobao,1,positive,data/phantom_taobao/masks_aug/0073_1753179072164_T_1_mask_aug13.png
73_aug14,0073_1753179072164_T_1.png,data/phantom_taobao/images_aug/0073_1753179072164_T_1_aug14.png,770126894180,1753179072164,4,70,8/10.0,4.0,530,557,71.97725912627169,phantom_taobao,1,positive,data/phantom_taobao/masks_aug/0073_1753179072164_T_1_mask_aug14.png
74_aug0,0074_1753179098969_T_1.png,data/phantom_taobao/images_aug/0074_1753179098969_T_1_aug0.png,796895811790,1753179098969,4,70,8/10.0,4.0,530,557,71.97725912627169,phantom_taobao,1,positive,data/phantom_taobao/masks_aug/0074_1753179098969_T_1_mask_aug0.png
74_aug1,0074_1753179098969_T_1.png,data/phantom_taobao/images_aug/0074_1753179098969_T_1_aug1.png,796895811790,1753179098969,4,70,8/10.0,4.0,530,557,71.97725912627169,phantom_taobao,1,positive,data/phantom_taobao/masks_aug/0074_1753179098969_T_1_mask_aug1.png
74_aug2,0074_1753179098969_T_1.png,data/phantom_taobao/images_aug/0074_1753179098969_T_1_aug2.png,796895811790,1753179098969,4,70,8/10.0,4.0,530,557,71.97725912627169,phantom_taobao,1,positive,data/phantom_taobao/masks_aug/0074_1753179098969_T_1_mask_aug2.png
74_aug3,0074_1753179098969_T_1.png,data/phantom_taobao/images_aug/0074_1753179098969_T_1_aug3.png,796895811790,1753179098969,4,70,8/10.0,4.0,530,557,71.97725912627169,phantom_taobao,1,positive,data/phantom_taobao/masks_aug/0074_1753179098969_T_1_mask_aug3.png
74_aug4,0074_1753179098969_T_1.png,data/phantom_taobao/images_aug/0074_1753179098969_T_1_aug4.png,796895811790,1753179098969,4,70,8/10.0,4.0,530,557,71.97725912627169,phantom_taobao,1,positive,data/phantom_taobao/masks_aug/0074_1753179098969_T_1_mask_aug4.png
74_aug5,0074_1753179098969_T_1.png,data/phantom_taobao/images_aug/0074_1753179098969_T_1_aug5.png,796895811790,1753179098969,4,70,8/10.0,4.0,530,557,71.97725912627169,phantom_taobao,1,positive,data/phantom_taobao/masks_aug/0074_1753179098969_T_1_mask_aug5.png
74_aug6,0074_1753179098969_T_1.png,data/phantom_taobao/images_aug/0074_1753179098969_T_1_aug6.png,796895811790,1753179098969,4,70,8/10.0,4.0,530,557,71.97725912627169,phantom_taobao,1,positive,data/phantom_taobao/masks_aug/0074_1753179098969_T_1_mask_aug6.png
74_aug7,0074_1753179098969_T_1.png,data/phantom_taobao/images_aug/0074_1753179098969_T_1_aug7.png,796895811790,1753179098969,4,70,8/10.0,4.0,530,557,71.97725912627169,phantom_taobao,1,positive,data/phantom_taobao/masks_aug/0074_1753179098969_T_1_mask_aug7.png
74_aug8,0074_1753179098969_T_1.png,data/phantom_taobao/images_aug/0074_1753179098969_T_1_aug8.png,796895811790,1753179098969,4,70,8/10.0,4.0,530,557,71.97725912627169,phantom_taobao,1,positive,data/phantom_taobao/masks_aug/0074_1753179098969_T_1_mask_aug8.png
74_aug9,0074_1753179098969_T_1.png,data/phantom_taobao/images_aug/0074_1753179098969_T_1_aug9.png,796895811790,1753179098969,4,70,8/10.0,4.0,530,557,71.97725912627169,phantom_taobao,1,positive,data/phantom_taobao/masks_aug/0074_1753179098969_T_1_mask_aug9.png
74_aug10,0074_1753179098969_T_1.png,data/phantom_taobao/images_aug/0074_1753179098969_T_1_aug10.png,796895811790,1753179098969,4,70,8/10.0,4.0,530,557,71.97725912627169,phantom_taobao,1,positive,data/phantom_taobao/masks_aug/0074_1753179098969_T_1_mask_aug10.png
74_aug11,0074_1753179098969_T_1.png,data/phantom_taobao/images_aug/0074_1753179098969_T_1_aug11.png,796895811790,1753179098969,4,70,8/10.0,4.0,530,557,71.97725912627169,phantom_taobao,1,positive,data/phantom_taobao/masks_aug/0074_1753179098969_T_1_mask_aug11.png
74_aug12,0074_1753179098969_T_1.png,data/phantom_taobao/images_aug/0074_1753179098969_T_1_aug12.png,796895811790,1753179098969,4,70,8/10.0,4.0,530,557,71.97725912627169,phantom_taobao,1,positive,data/phantom_taobao/masks_aug/0074_1753179098969_T_1_mask_aug12.png
74_aug13,0074_1753179098969_T_1.png,data/phantom_taobao/images_aug/0074_1753179098969_T_1_aug13.png,796895811790,1753179098969,4,70,8/10.0,4.0,530,557,71.97725912627169,phantom_taobao,1,positive,data/phantom_taobao/masks_aug/0074_1753179098969_T_1_mask_aug13.png
74_aug14,0074_1753179098969_T_1.png,data/phantom_taobao/images_aug/0074_1753179098969_T_1_aug14.png,796895811790,1753179098969,4,70,8/10.0,4.0,530,557,71.97725912627169,phantom_taobao,1,positive,data/phantom_taobao/masks_aug/0074_1753179098969_T_1_mask_aug14.png
75_aug0,0075_1753179105530_T_1.png,data/phantom_taobao/images_aug/0075_1753179105530_T_1_aug0.png,803265577150,1753179105530,4,70,8/10.0,4.0,530,557,71.97725912627169,phantom_taobao,1,positive,data/phantom_taobao/masks_aug/0075_1753179105530_T_1_mask_aug0.png
75_aug1,0075_1753179105530_T_1.png,data/phantom_taobao/images_aug/0075_1753179105530_T_1_aug1.png,803265577150,1753179105530,4,70,8/10.0,4.0,530,557,71.97725912627169,phantom_taobao,1,positive,data/phantom_taobao/masks_aug/0075_1753179105530_T_1_mask_aug1.png
75_aug2,0075_1753179105530_T_1.png,data/phantom_taobao/images_aug/0075_1753179105530_T_1_aug2.png,803265577150,1753179105530,4,70,8/10.0,4.0,530,557,71.97725912627169,phantom_taobao,1,positive,data/phantom_taobao/masks_aug/0075_1753179105530_T_1_mask_aug2.png
75_aug3,0075_1753179105530_T_1.png,data/phantom_taobao/images_aug/0075_1753179105530_T_1_aug3.png,803265577150,1753179105530,4,70,8/10.0,4.0,530,557,71.97725912627169,phantom_taobao,1,positive,data/phantom_taobao/masks_aug/0075_1753179105530_T_1_mask_aug3.png
75_aug4,0075_1753179105530_T_1.png,data/phantom_taobao/images_aug/0075_1753179105530_T_1_aug4.png,803265577150,1753179105530,4,70,8/10.0,4.0,530,557,71.97725912627169,phantom_taobao,1,positive,data/phantom_taobao/masks_aug/0075_1753179105530_T_1_mask_aug4.png
75_aug5,0075_1753179105530_T_1.png,data/phantom_taobao/images_aug/0075_1753179105530_T_1_aug5.png,803265577150,1753179105530,4,70,8/10.0,4.0,530,557,71.97725912627169,phantom_taobao,1,positive,data/phantom_taobao/masks_aug/0075_1753179105530_T_1_mask_aug5.png
75_aug6,0075_1753179105530_T_1.png,data/phantom_taobao/images_aug/0075_1753179105530_T_1_aug6.png,803265577150,1753179105530,4,70,8/10.0,4.0,530,557,71.97725912627169,phantom_taobao,1,positive,data/phantom_taobao/masks_aug/0075_1753179105530_T_1_mask_aug6.png
75_aug7,0075_1753179105530_T_1.png,data/phantom_taobao/images_aug/0075_1753179105530_T_1_aug7.png,803265577150,1753179105530,4,70,8/10.0,4.0,530,557,71.97725912627169,phantom_taobao,1,positive,data/phantom_taobao/masks_aug/0075_1753179105530_T_1_mask_aug7.png
75_aug8,0075_1753179105530_T_1.png,data/phantom_taobao/images_aug/0075_1753179105530_T_1_aug8.png,803265577150,1753179105530,4,70,8/10.0,4.0,530,557,71.97725912627169,phantom_taobao,1,positive,data/phantom_taobao/masks_aug/0075_1753179105530_T_1_mask_aug8.png
75_aug9,0075_1753179105530_T_1.png,data/phantom_taobao/images_aug/0075_1753179105530_T_1_aug9.png,803265577150,1753179105530,4,70,8/10.0,4.0,530,557,71.97725912627169,phantom_taobao,1,positive,data/phantom_taobao/masks_aug/0075_1753179105530_T_1_mask_aug9.png
75_aug10,0075_1753179105530_T_1.png,data/phantom_taobao/images_aug/0075_1753179105530_T_1_aug10.png,803265577150,1753179105530,4,70,8/10.0,4.0,530,557,71.97725912627169,phantom_taobao,1,positive,data/phantom_taobao/masks_aug/0075_1753179105530_T_1_mask_aug10.png
75_aug11,0075_1753179105530_T_1.png,data/phantom_taobao/images_aug/0075_1753179105530_T_1_aug11.png,803265577150,1753179105530,4,70,8/10.0,4.0,530,557,71.97725912627169,phantom_taobao,1,positive,data/phantom_taobao/masks_aug/0075_1753179105530_T_1_mask_aug11.png
75_aug12,0075_1753179105530_T_1.png,data/phantom_taobao/images_aug/0075_1753179105530_T_1_aug12.png,803265577150,1753179105530,4,70,8/10.0,4.0,530,557,71.97725912627169,phantom_taobao,1,positive,data/phantom_taobao/masks_aug/0075_1753179105530_T_1_mask_aug12.png
75_aug13,0075_1753179105530_T_1.png,data/phantom_taobao/images_aug/0075_1753179105530_T_1_aug13.png,803265577150,1753179105530,4,70,8/10.0,4.0,530,557,71.97725912627169,phantom_taobao,1,positive,data/phantom_taobao/masks_aug/0075_1753179105530_T_1_mask_aug13.png
75_aug14,0075_1753179105530_T_1.png,data/phantom_taobao/images_aug/0075_1753179105530_T_1_aug14.png,803265577150,1753179105530,4,70,8/10.0,4.0,530,557,71.97725912627169,phantom_taobao,1,positive,data/phantom_taobao/masks_aug/0075_1753179105530_T_1_mask_aug14.png
76_aug0,0076_1753179111315_T_1.png,data/phantom_taobao/images_aug/0076_1753179111315_T_1_aug0.png,809298140260,1753179111315,4,70,8/10.0,4.0,530,557,71.97725912627169,phantom_taobao,1,positive,data/phantom_taobao/masks_aug/0076_1753179111315_T_1_mask_aug0.png
76_aug1,0076_1753179111315_T_1.png,data/phantom_taobao/images_aug/0076_1753179111315_T_1_aug1.png,809298140260,1753179111315,4,70,8/10.0,4.0,530,557,71.97725912627169,phantom_taobao,1,positive,data/phantom_taobao/masks_aug/0076_1753179111315_T_1_mask_aug1.png
76_aug2,0076_1753179111315_T_1.png,data/phantom_taobao/images_aug/0076_1753179111315_T_1_aug2.png,809298140260,1753179111315,4,70,8/10.0,4.0,530,557,71.97725912627169,phantom_taobao,1,positive,data/phantom_taobao/masks_aug/0076_1753179111315_T_1_mask_aug2.png
76_aug3,0076_1753179111315_T_1.png,data/phantom_taobao/images_aug/0076_1753179111315_T_1_aug3.png,809298140260,1753179111315,4,70,8/10.0,4.0,530,557,71.97725912627169,phantom_taobao,1,positive,data/phantom_taobao/masks_aug/0076_1753179111315_T_1_mask_aug3.png
76_aug4,0076_1753179111315_T_1.png,data/phantom_taobao/images_aug/0076_1753179111315_T_1_aug4.png,809298140260,1753179111315,4,70,8/10.0,4.0,530,557,71.97725912627169,phantom_taobao,1,positive,data/phantom_taobao/masks_aug/0076_1753179111315_T_1_mask_aug4.png
76_aug5,0076_1753179111315_T_1.png,data/phantom_taobao/images_aug/0076_1753179111315_T_1_aug5.png,809298140260,1753179111315,4,70,8/10.0,4.0,530,557,71.97725912627169,phantom_taobao,1,positive,data/phantom_taobao/masks_aug/0076_1753179111315_T_1_mask_aug5.png
76_aug6,0076_1753179111315_T_1.png,data/phantom_taobao/images_aug/0076_1753179111315_T_1_aug6.png,809298140260,1753179111315,4,70,8/10.0,4.0,530,557,71.97725912627169,phantom_taobao,1,positive,data/phantom_taobao/masks_aug/0076_1753179111315_T_1_mask_aug6.png
76_aug7,0076_1753179111315_T_1.png,data/phantom_taobao/images_aug/0076_1753179111315_T_1_aug7.png,809298140260,1753179111315,4,70,8/10.0,4.0,530,557,71.97725912627169,phantom_taobao,1,positive,data/phantom_taobao/masks_aug/0076_1753179111315_T_1_mask_aug7.png
76_aug8,0076_1753179111315_T_1.png,data/phantom_taobao/images_aug/0076_1753179111315_T_1_aug8.png,809298140260,1753179111315,4,70,8/10.0,4.0,530,557,71.97725912627169,phantom_taobao,1,positive,data/phantom_taobao/masks_aug/0076_1753179111315_T_1_mask_aug8.png
76_aug9,0076_1753179111315_T_1.png,data/phantom_taobao/images_aug/0076_1753179111315_T_1_aug9.png,809298140260,1753179111315,4,70,8/10.0,4.0,530,557,71.97725912627169,phantom_taobao,1,positive,data/phantom_taobao/masks_aug/0076_1753179111315_T_1_mask_aug9.png
76_aug10,0076_1753179111315_T_1.png,data/phantom_taobao/images_aug/0076_1753179111315_T_1_aug10.png,809298140260,1753179111315,4,70,8/10.0,4.0,530,557,71.97725912627169,phantom_taobao,1,positive,data/phantom_taobao/masks_aug/0076_1753179111315_T_1_mask_aug10.png
76_aug11,0076_1753179111315_T_1.png,data/phantom_taobao/images_aug/0076_1753179111315_T_1_aug11.png,809298140260,1753179111315,4,70,8/10.0,4.0,530,557,71.97725912627169,phantom_taobao,1,positive,data/phantom_taobao/masks_aug/0076_1753179111315_T_1_mask_aug11.png
76_aug12,0076_1753179111315_T_1.png,data/phantom_taobao/images_aug/0076_1753179111315_T_1_aug12.png,809298140260,1753179111315,4,70,8/10.0,4.0,530,557,71.97725912627169,phantom_taobao,1,positive,data/phantom_taobao/masks_aug/0076_1753179111315_T_1_mask_aug12.png
76_aug13,0076_1753179111315_T_1.png,data/phantom_taobao/images_aug/0076_1753179111315_T_1_aug13.png,809298140260,1753179111315,4,70,8/10.0,4.0,530,557,71.97725912627169,phantom_taobao,1,positive,data/phantom_taobao/masks_aug/0076_1753179111315_T_1_mask_aug13.png
76_aug14,0076_1753179111315_T_1.png,data/phantom_taobao/images_aug/0076_1753179111315_T_1_aug14.png,809298140260,1753179111315,4,70,8/10.0,4.0,530,557,71.97725912627169,phantom_taobao,1,positive,data/phantom_taobao/masks_aug/0076_1753179111315_T_1_mask_aug14.png
77_aug0,0077_1753179114443_T_1.png,data/phantom_taobao/images_aug/0077_1753179114443_T_1_aug0.png,812381802190,1753179114443,4,70,8/10.0,4.0,530,557,71.97725912627169,phantom_taobao,1,positive,data/phantom_taobao/masks_aug/0077_1753179114443_T_1_mask_aug0.png
77_aug1,0077_1753179114443_T_1.png,data/phantom_taobao/images_aug/0077_1753179114443_T_1_aug1.png,812381802190,1753179114443,4,70,8/10.0,4.0,530,557,71.97725912627169,phantom_taobao,1,positive,data/phantom_taobao/masks_aug/0077_1753179114443_T_1_mask_aug1.png
77_aug2,0077_1753179114443_T_1.png,data/phantom_taobao/images_aug/0077_1753179114443_T_1_aug2.png,812381802190,1753179114443,4,70,8/10.0,4.0,530,557,71.97725912627169,phantom_taobao,1,positive,data/phantom_taobao/masks_aug/0077_1753179114443_T_1_mask_aug2.png
77_aug3,0077_1753179114443_T_1.png,data/phantom_taobao/images_aug/0077_1753179114443_T_1_aug3.png,812381802190,1753179114443,4,70,8/10.0,4.0,530,557,71.97725912627169,phantom_taobao,1,positive,data/phantom_taobao/masks_aug/0077_1753179114443_T_1_mask_aug3.png
77_aug4,0077_1753179114443_T_1.png,data/phantom_taobao/images_aug/0077_1753179114443_T_1_aug4.png,812381802190,1753179114443,4,70,8/10.0,4.0,530,557,71.97725912627169,phantom_taobao,1,positive,data/phantom_taobao/masks_aug/0077_1753179114443_T_1_mask_aug4.png
77_aug5,0077_1753179114443_T_1.png,data/phantom_taobao/images_aug/0077_1753179114443_T_1_aug5.png,812381802190,1753179114443,4,70,8/10.0,4.0,530,557,71.97725912627169,phantom_taobao,1,positive,data/phantom_taobao/masks_aug/0077_1753179114443_T_1_mask_aug5.png
77_aug6,0077_1753179114443_T_1.png,data/phantom_taobao/images_aug/0077_1753179114443_T_1_aug6.png,812381802190,1753179114443,4,70,8/10.0,4.0,530,557,71.97725912627169,phantom_taobao,1,positive,data/phantom_taobao/masks_aug/0077_1753179114443_T_1_mask_aug6.png
77_aug7,0077_1753179114443_T_1.png,data/phantom_taobao/images_aug/0077_1753179114443_T_1_aug7.png,812381802190,1753179114443,4,70,8/10.0,4.0,530,557,71.97725912627169,phantom_taobao,1,positive,data/phantom_taobao/masks_aug/0077_1753179114443_T_1_mask_aug7.png
77_aug8,0077_1753179114443_T_1.png,data/phantom_taobao/images_aug/0077_1753179114443_T_1_aug8.png,812381802190,1753179114443,4,70,8/10.0,4.0,530,557,71.97725912627169,phantom_taobao,1,positive,data/phantom_taobao/masks_aug/0077_1753179114443_T_1_mask_aug8.png
77_aug9,0077_1753179114443_T_1.png,data/phantom_taobao/images_aug/0077_1753179114443_T_1_aug9.png,812381802190,1753179114443,4,70,8/10.0,4.0,530,557,71.97725912627169,phantom_taobao,1,positive,data/phantom_taobao/masks_aug/0077_1753179114443_T_1_mask_aug9.png
77_aug10,0077_1753179114443_T_1.png,data/phantom_taobao/images_aug/0077_1753179114443_T_1_aug10.png,812381802190,1753179114443,4,70,8/10.0,4.0,530,557,71.97725912627169,phantom_taobao,1,positive,data/phantom_taobao/masks_aug/0077_1753179114443_T_1_mask_aug10.png
77_aug11,0077_1753179114443_T_1.png,data/phantom_taobao/images_aug/0077_1753179114443_T_1_aug11.png,812381802190,1753179114443,4,70,8/10.0,4.0,530,557,71.97725912627169,phantom_taobao,1,positive,data/phantom_taobao/masks_aug/0077_1753179114443_T_1_mask_aug11.png
77_aug12,0077_1753179114443_T_1.png,data/phantom_taobao/images_aug/0077_1753179114443_T_1_aug12.png,812381802190,1753179114443,4,70,8/10.0,4.0,530,557,71.97725912627169,phantom_taobao,1,positive,data/phantom_taobao/masks_aug/0077_1753179114443_T_1_mask_aug12.png
77_aug13,0077_1753179114443_T_1.png,data/phantom_taobao/images_aug/0077_1753179114443_T_1_aug13.png,812381802190,1753179114443,4,70,8/10.0,4.0,530,557,71.97725912627169,phantom_taobao,1,positive,data/phantom_taobao/masks_aug/0077_1753179114443_T_1_mask_aug13.png
77_aug14,0077_1753179114443_T_1.png,data/phantom_taobao/images_aug/0077_1753179114443_T_1_aug14.png,812381802190,1753179114443,4,70,8/10.0,4.0,530,557,71.97725912627169,phantom_taobao,1,positive,data/phantom_taobao/masks_aug/0077_1753179114443_T_1_mask_aug14.png
78_aug0,0078_1753179118051_T_1.png,data/phantom_taobao/images_aug/0078_1753179118051_T_1_aug0.png,816002615740,1753179118051,4,70,8/10.0,4.0,530,557,71.97725912627169,phantom_taobao,1,positive,data/phantom_taobao/masks_aug/0078_1753179118051_T_1_mask_aug0.png
78_aug1,0078_1753179118051_T_1.png,data/phantom_taobao/images_aug/0078_1753179118051_T_1_aug1.png,816002615740,1753179118051,4,70,8/10.0,4.0,530,557,71.97725912627169,phantom_taobao,1,positive,data/phantom_taobao/masks_aug/0078_1753179118051_T_1_mask_aug1.png
78_aug2,0078_1753179118051_T_1.png,data/phantom_taobao/images_aug/0078_1753179118051_T_1_aug2.png,816002615740,1753179118051,4,70,8/10.0,4.0,530,557,71.97725912627169,phantom_taobao,1,positive,data/phantom_taobao/masks_aug/0078_1753179118051_T_1_mask_aug2.png
78_aug3,0078_1753179118051_T_1.png,data/phantom_taobao/images_aug/0078_1753179118051_T_1_aug3.png,816002615740,1753179118051,4,70,8/10.0,4.0,530,557,71.97725912627169,phantom_taobao,1,positive,data/phantom_taobao/masks_aug/0078_1753179118051_T_1_mask_aug3.png
78_aug4,0078_1753179118051_T_1.png,data/phantom_taobao/images_aug/0078_1753179118051_T_1_aug4.png,816002615740,1753179118051,4,70,8/10.0,4.0,530,557,71.97725912627169,phantom_taobao,1,positive,data/phantom_taobao/masks_aug/0078_1753179118051_T_1_mask_aug4.png
78_aug5,0078_1753179118051_T_1.png,data/phantom_taobao/images_aug/0078_1753179118051_T_1_aug5.png,816002615740,1753179118051,4,70,8/10.0,4.0,530,557,71.97725912627169,phantom_taobao,1,positive,data/phantom_taobao/masks_aug/0078_1753179118051_T_1_mask_aug5.png
78_aug6,0078_1753179118051_T_1.png,data/phantom_taobao/images_aug/0078_1753179118051_T_1_aug6.png,816002615740,1753179118051,4,70,8/10.0,4.0,530,557,71.97725912627169,phantom_taobao,1,positive,data/phantom_taobao/masks_aug/0078_1753179118051_T_1_mask_aug6.png
78_aug7,0078_1753179118051_T_1.png,data/phantom_taobao/images_aug/0078_1753179118051_T_1_aug7.png,816002615740,1753179118051,4,70,8/10.0,4.0,530,557,71.97725912627169,phantom_taobao,1,positive,data/phantom_taobao/masks_aug/0078_1753179118051_T_1_mask_aug7.png
78_aug8,0078_1753179118051_T_1.png,data/phantom_taobao/images_aug/0078_1753179118051_T_1_aug8.png,816002615740,1753179118051,4,70,8/10.0,4.0,530,557,71.97725912627169,phantom_taobao,1,positive,data/phantom_taobao/masks_aug/0078_1753179118051_T_1_mask_aug8.png
78_aug9,0078_1753179118051_T_1.png,data/phantom_taobao/images_aug/0078_1753179118051_T_1_aug9.png,816002615740,1753179118051,4,70,8/10.0,4.0,530,557,71.97725912627169,phantom_taobao,1,positive,data/phantom_taobao/masks_aug/0078_1753179118051_T_1_mask_aug9.png
78_aug10,0078_1753179118051_T_1.png,data/phantom_taobao/images_aug/0078_1753179118051_T_1_aug10.png,816002615740,1753179118051,4,70,8/10.0,4.0,530,557,71.97725912627169,phantom_taobao,1,positive,data/phantom_taobao/masks_aug/0078_1753179118051_T_1_mask_aug10.png
78_aug11,0078_1753179118051_T_1.png,data/phantom_taobao/images_aug/0078_1753179118051_T_1_aug11.png,816002615740,1753179118051,4,70,8/10.0,4.0,530,557,71.97725912627169,phantom_taobao,1,positive,data/phantom_taobao/masks_aug/0078_1753179118051_T_1_mask_aug11.png
78_aug12,0078_1753179118051_T_1.png,data/phantom_taobao/images_aug/0078_1753179118051_T_1_aug12.png,816002615740,1753179118051,4,70,8/10.0,4.0,530,557,71.97725912627169,phantom_taobao,1,positive,data/phantom_taobao/masks_aug/0078_1753179118051_T_1_mask_aug12.png
78_aug13,0078_1753179118051_T_1.png,data/phantom_taobao/images_aug/0078_1753179118051_T_1_aug13.png,816002615740,1753179118051,4,70,8/10.0,4.0,530,557,71.97725912627169,phantom_taobao,1,positive,data/phantom_taobao/masks_aug/0078_1753179118051_T_1_mask_aug13.png
78_aug14,0078_1753179118051_T_1.png,data/phantom_taobao/images_aug/0078_1753179118051_T_1_aug14.png,816002615740,1753179118051,4,70,8/10.0,4.0,530,557,71.97725912627169,phantom_taobao,1,positive,data/phantom_taobao/masks_aug/0078_1753179118051_T_1_mask_aug14.png
79_aug0,0079_1753179125782_T_1.png,data/phantom_taobao/images_aug/0079_1753179125782_T_1_aug0.png,823777242840,1753179125782,4,70,8/10.0,4.0,530,557,71.97725912627169,phantom_taobao,1,positive,data/phantom_taobao/masks_aug/0079_1753179125782_T_1_mask_aug0.png
79_aug1,0079_1753179125782_T_1.png,data/phantom_taobao/images_aug/0079_1753179125782_T_1_aug1.png,823777242840,1753179125782,4,70,8/10.0,4.0,530,557,71.97725912627169,phantom_taobao,1,positive,data/phantom_taobao/masks_aug/0079_1753179125782_T_1_mask_aug1.png
79_aug2,0079_1753179125782_T_1.png,data/phantom_taobao/images_aug/0079_1753179125782_T_1_aug2.png,823777242840,1753179125782,4,70,8/10.0,4.0,530,557,71.97725912627169,phantom_taobao,1,positive,data/phantom_taobao/masks_aug/0079_1753179125782_T_1_mask_aug2.png
79_aug3,0079_1753179125782_T_1.png,data/phantom_taobao/images_aug/0079_1753179125782_T_1_aug3.png,823777242840,1753179125782,4,70,8/10.0,4.0,530,557,71.97725912627169,phantom_taobao,1,positive,data/phantom_taobao/masks_aug/0079_1753179125782_T_1_mask_aug3.png
79_aug4,0079_1753179125782_T_1.png,data/phantom_taobao/images_aug/0079_1753179125782_T_1_aug4.png,823777242840,1753179125782,4,70,8/10.0,4.0,530,557,71.97725912627169,phantom_taobao,1,positive,data/phantom_taobao/masks_aug/0079_1753179125782_T_1_mask_aug4.png
79_aug5,0079_1753179125782_T_1.png,data/phantom_taobao/images_aug/0079_1753179125782_T_1_aug5.png,823777242840,1753179125782,4,70,8/10.0,4.0,530,557,71.97725912627169,phantom_taobao,1,positive,data/phantom_taobao/masks_aug/0079_1753179125782_T_1_mask_aug5.png
79_aug6,0079_1753179125782_T_1.png,data/phantom_taobao/images_aug/0079_1753179125782_T_1_aug6.png,823777242840,1753179125782,4,70,8/10.0,4.0,530,557,71.97725912627169,phantom_taobao,1,positive,data/phantom_taobao/masks_aug/0079_1753179125782_T_1_mask_aug6.png
79_aug7,0079_1753179125782_T_1.png,data/phantom_taobao/images_aug/0079_1753179125782_T_1_aug7.png,823777242840,1753179125782,4,70,8/10.0,4.0,530,557,71.97725912627169,phantom_taobao,1,positive,data/phantom_taobao/masks_aug/0079_1753179125782_T_1_mask_aug7.png
79_aug8,0079_1753179125782_T_1.png,data/phantom_taobao/images_aug/0079_1753179125782_T_1_aug8.png,823777242840,1753179125782,4,70,8/10.0,4.0,530,557,71.97725912627169,phantom_taobao,1,positive,data/phantom_taobao/masks_aug/0079_1753179125782_T_1_mask_aug8.png
79_aug9,0079_1753179125782_T_1.png,data/phantom_taobao/images_aug/0079_1753179125782_T_1_aug9.png,823777242840,1753179125782,4,70,8/10.0,4.0,530,557,71.97725912627169,phantom_taobao,1,positive,data/phantom_taobao/masks_aug/0079_1753179125782_T_1_mask_aug9.png
79_aug10,0079_1753179125782_T_1.png,data/phantom_taobao/images_aug/0079_1753179125782_T_1_aug10.png,823777242840,1753179125782,4,70,8/10.0,4.0,530,557,71.97725912627169,phantom_taobao,1,positive,data/phantom_taobao/masks_aug/0079_1753179125782_T_1_mask_aug10.png
79_aug11,0079_1753179125782_T_1.png,data/phantom_taobao/images_aug/0079_1753179125782_T_1_aug11.png,823777242840,1753179125782,4,70,8/10.0,4.0,530,557,71.97725912627169,phantom_taobao,1,positive,data/phantom_taobao/masks_aug/0079_1753179125782_T_1_mask_aug11.png
79_aug12,0079_1753179125782_T_1.png,data/phantom_taobao/images_aug/0079_1753179125782_T_1_aug12.png,823777242840,1753179125782,4,70,8/10.0,4.0,530,557,71.97725912627169,phantom_taobao,1,positive,data/phantom_taobao/masks_aug/0079_1753179125782_T_1_mask_aug12.png
79_aug13,0079_1753179125782_T_1.png,data/phantom_taobao/images_aug/0079_1753179125782_T_1_aug13.png,823777242840,1753179125782,4,70,8/10.0,4.0,530,557,71.97725912627169,phantom_taobao,1,positive,data/phantom_taobao/masks_aug/0079_1753179125782_T_1_mask_aug13.png
79_aug14,0079_1753179125782_T_1.png,data/phantom_taobao/images_aug/0079_1753179125782_T_1_aug14.png,823777242840,1753179125782,4,70,8/10.0,4.0,530,557,71.97725912627169,phantom_taobao,1,positive,data/phantom_taobao/masks_aug/0079_1753179125782_T_1_mask_aug14.png
80_aug0,0080_1753179128060_T_1.png,data/phantom_taobao/images_aug/0080_1753179128060_T_1_aug0.png,825990391890,1753179128060,4,70,8/10.0,4.0,530,557,71.97725912627169,phantom_taobao,1,positive,data/phantom_taobao/masks_aug/0080_1753179128060_T_1_mask_aug0.png
80_aug1,0080_1753179128060_T_1.png,data/phantom_taobao/images_aug/0080_1753179128060_T_1_aug1.png,825990391890,1753179128060,4,70,8/10.0,4.0,530,557,71.97725912627169,phantom_taobao,1,positive,data/phantom_taobao/masks_aug/0080_1753179128060_T_1_mask_aug1.png
80_aug2,0080_1753179128060_T_1.png,data/phantom_taobao/images_aug/0080_1753179128060_T_1_aug2.png,825990391890,1753179128060,4,70,8/10.0,4.0,530,557,71.97725912627169,phantom_taobao,1,positive,data/phantom_taobao/masks_aug/0080_1753179128060_T_1_mask_aug2.png
80_aug3,0080_1753179128060_T_1.png,data/phantom_taobao/images_aug/0080_1753179128060_T_1_aug3.png,825990391890,1753179128060,4,70,8/10.0,4.0,530,557,71.97725912627169,phantom_taobao,1,positive,data/phantom_taobao/masks_aug/0080_1753179128060_T_1_mask_aug3.png
80_aug4,0080_1753179128060_T_1.png,data/phantom_taobao/images_aug/0080_1753179128060_T_1_aug4.png,825990391890,1753179128060,4,70,8/10.0,4.0,530,557,71.97725912627169,phantom_taobao,1,positive,data/phantom_taobao/masks_aug/0080_1753179128060_T_1_mask_aug4.png
80_aug5,0080_1753179128060_T_1.png,data/phantom_taobao/images_aug/0080_1753179128060_T_1_aug5.png,825990391890,1753179128060,4,70,8/10.0,4.0,530,557,71.97725912627169,phantom_taobao,1,positive,data/phantom_taobao/masks_aug/0080_1753179128060_T_1_mask_aug5.png
80_aug6,0080_1753179128060_T_1.png,data/phantom_taobao/images_aug/0080_1753179128060_T_1_aug6.png,825990391890,1753179128060,4,70,8/10.0,4.0,530,557,71.97725912627169,phantom_taobao,1,positive,data/phantom_taobao/masks_aug/0080_1753179128060_T_1_mask_aug6.png
80_aug7,0080_1753179128060_T_1.png,data/phantom_taobao/images_aug/0080_1753179128060_T_1_aug7.png,825990391890,1753179128060,4,70,8/10.0,4.0,530,557,71.97725912627169,phantom_taobao,1,positive,data/phantom_taobao/masks_aug/0080_1753179128060_T_1_mask_aug7.png
80_aug8,0080_1753179128060_T_1.png,data/phantom_taobao/images_aug/0080_1753179128060_T_1_aug8.png,825990391890,1753179128060,4,70,8/10.0,4.0,530,557,71.97725912627169,phantom_taobao,1,positive,data/phantom_taobao/masks_aug/0080_1753179128060_T_1_mask_aug8.png
80_aug9,0080_1753179128060_T_1.png,data/phantom_taobao/images_aug/0080_1753179128060_T_1_aug9.png,825990391890,1753179128060,4,70,8/10.0,4.0,530,557,71.97725912627169,phantom_taobao,1,positive,data/phantom_taobao/masks_aug/0080_1753179128060_T_1_mask_aug9.png
80_aug10,0080_1753179128060_T_1.png,data/phantom_taobao/images_aug/0080_1753179128060_T_1_aug10.png,825990391890,1753179128060,4,70,8/10.0,4.0,530,557,71.97725912627169,phantom_taobao,1,positive,data/phantom_taobao/masks_aug/0080_1753179128060_T_1_mask_aug10.png
80_aug11,0080_1753179128060_T_1.png,data/phantom_taobao/images_aug/0080_1753179128060_T_1_aug11.png,825990391890,1753179128060,4,70,8/10.0,4.0,530,557,71.97725912627169,phantom_taobao,1,positive,data/phantom_taobao/masks_aug/0080_1753179128060_T_1_mask_aug11.png
80_aug12,0080_1753179128060_T_1.png,data/phantom_taobao/images_aug/0080_1753179128060_T_1_aug12.png,825990391890,1753179128060,4,70,8/10.0,4.0,530,557,71.97725912627169,phantom_taobao,1,positive,data/phantom_taobao/masks_aug/0080_1753179128060_T_1_mask_aug12.png
80_aug13,0080_1753179128060_T_1.png,data/phantom_taobao/images_aug/0080_1753179128060_T_1_aug13.png,825990391890,1753179128060,4,70,8/10.0,4.0,530,557,71.97725912627169,phantom_taobao,1,positive,data/phantom_taobao/masks_aug/0080_1753179128060_T_1_mask_aug13.png
80_aug14,0080_1753179128060_T_1.png,data/phantom_taobao/images_aug/0080_1753179128060_T_1_aug14.png,825990391890,1753179128060,4,70,8/10.0,4.0,530,557,71.97725912627169,phantom_taobao,1,positive,data/phantom_taobao/masks_aug/0080_1753179128060_T_1_mask_aug14.png
81_aug0,0081_1753179145784_T_1.png,data/phantom_taobao/images_aug/0081_1753179145784_T_1_aug0.png,843717383200,1753179145784,4,70,8/10.0,4.0,530,557,71.97725912627169,phantom_taobao,1,positive,data/phantom_taobao/masks_aug/0081_1753179145784_T_1_mask_aug0.png
81_aug1,0081_1753179145784_T_1.png,data/phantom_taobao/images_aug/0081_1753179145784_T_1_aug1.png,843717383200,1753179145784,4,70,8/10.0,4.0,530,557,71.97725912627169,phantom_taobao,1,positive,data/phantom_taobao/masks_aug/0081_1753179145784_T_1_mask_aug1.png
81_aug2,0081_1753179145784_T_1.png,data/phantom_taobao/images_aug/0081_1753179145784_T_1_aug2.png,843717383200,1753179145784,4,70,8/10.0,4.0,530,557,71.97725912627169,phantom_taobao,1,positive,data/phantom_taobao/masks_aug/0081_1753179145784_T_1_mask_aug2.png
81_aug3,0081_1753179145784_T_1.png,data/phantom_taobao/images_aug/0081_1753179145784_T_1_aug3.png,843717383200,1753179145784,4,70,8/10.0,4.0,530,557,71.97725912627169,phantom_taobao,1,positive,data/phantom_taobao/masks_aug/0081_1753179145784_T_1_mask_aug3.png
81_aug4,0081_1753179145784_T_1.png,data/phantom_taobao/images_aug/0081_1753179145784_T_1_aug4.png,843717383200,1753179145784,4,70,8/10.0,4.0,530,557,71.97725912627169,phantom_taobao,1,positive,data/phantom_taobao/masks_aug/0081_1753179145784_T_1_mask_aug4.png
81_aug5,0081_1753179145784_T_1.png,data/phantom_taobao/images_aug/0081_1753179145784_T_1_aug5.png,843717383200,1753179145784,4,70,8/10.0,4.0,530,557,71.97725912627169,phantom_taobao,1,positive,data/phantom_taobao/masks_aug/0081_1753179145784_T_1_mask_aug5.png
81_aug6,0081_1753179145784_T_1.png,data/phantom_taobao/images_aug/0081_1753179145784_T_1_aug6.png,843717383200,1753179145784,4,70,8/10.0,4.0,530,557,71.97725912627169,phantom_taobao,1,positive,data/phantom_taobao/masks_aug/0081_1753179145784_T_1_mask_aug6.png
81_aug7,0081_1753179145784_T_1.png,data/phantom_taobao/images_aug/0081_1753179145784_T_1_aug7.png,843717383200,1753179145784,4,70,8/10.0,4.0,530,557,71.97725912627169,phantom_taobao,1,positive,data/phantom_taobao/masks_aug/0081_1753179145784_T_1_mask_aug7.png
81_aug8,0081_1753179145784_T_1.png,data/phantom_taobao/images_aug/0081_1753179145784_T_1_aug8.png,843717383200,1753179145784,4,70,8/10.0,4.0,530,557,71.97725912627169,phantom_taobao,1,positive,data/phantom_taobao/masks_aug/0081_1753179145784_T_1_mask_aug8.png
81_aug9,0081_1753179145784_T_1.png,data/phantom_taobao/images_aug/0081_1753179145784_T_1_aug9.png,843717383200,1753179145784,4,70,8/10.0,4.0,530,557,71.97725912627169,phantom_taobao,1,positive,data/phantom_taobao/masks_aug/0081_1753179145784_T_1_mask_aug9.png
81_aug10,0081_1753179145784_T_1.png,data/phantom_taobao/images_aug/0081_1753179145784_T_1_aug10.png,843717383200,1753179145784,4,70,8/10.0,4.0,530,557,71.97725912627169,phantom_taobao,1,positive,data/phantom_taobao/masks_aug/0081_1753179145784_T_1_mask_aug10.png
81_aug11,0081_1753179145784_T_1.png,data/phantom_taobao/images_aug/0081_1753179145784_T_1_aug11.png,843717383200,1753179145784,4,70,8/10.0,4.0,530,557,71.97725912627169,phantom_taobao,1,positive,data/phantom_taobao/masks_aug/0081_1753179145784_T_1_mask_aug11.png
81_aug12,0081_1753179145784_T_1.png,data/phantom_taobao/images_aug/0081_1753179145784_T_1_aug12.png,843717383200,1753179145784,4,70,8/10.0,4.0,530,557,71.97725912627169,phantom_taobao,1,positive,data/phantom_taobao/masks_aug/0081_1753179145784_T_1_mask_aug12.png
81_aug13,0081_1753179145784_T_1.png,data/phantom_taobao/images_aug/0081_1753179145784_T_1_aug13.png,843717383200,1753179145784,4,70,8/10.0,4.0,530,557,71.97725912627169,phantom_taobao,1,positive,data/phantom_taobao/masks_aug/0081_1753179145784_T_1_mask_aug13.png
81_aug14,0081_1753179145784_T_1.png,data/phantom_taobao/images_aug/0081_1753179145784_T_1_aug14.png,843717383200,1753179145784,4,70,8/10.0,4.0,530,557,71.97725912627169,phantom_taobao,1,positive,data/phantom_taobao/masks_aug/0081_1753179145784_T_1_mask_aug14.png
82_aug0,0082_1753179155590_T_1.png,data/phantom_taobao/images_aug/0082_1753179155590_T_1_aug0.png,853565941910,1753179155590,4,70,8/10.0,4.0,530,557,71.97725912627169,phantom_taobao,1,positive,data/phantom_taobao/masks_aug/0082_1753179155590_T_1_mask_aug0.png
82_aug1,0082_1753179155590_T_1.png,data/phantom_taobao/images_aug/0082_1753179155590_T_1_aug1.png,853565941910,1753179155590,4,70,8/10.0,4.0,530,557,71.97725912627169,phantom_taobao,1,positive,data/phantom_taobao/masks_aug/0082_1753179155590_T_1_mask_aug1.png
82_aug2,0082_1753179155590_T_1.png,data/phantom_taobao/images_aug/0082_1753179155590_T_1_aug2.png,853565941910,1753179155590,4,70,8/10.0,4.0,530,557,71.97725912627169,phantom_taobao,1,positive,data/phantom_taobao/masks_aug/0082_1753179155590_T_1_mask_aug2.png
82_aug3,0082_1753179155590_T_1.png,data/phantom_taobao/images_aug/0082_1753179155590_T_1_aug3.png,853565941910,1753179155590,4,70,8/10.0,4.0,530,557,71.97725912627169,phantom_taobao,1,positive,data/phantom_taobao/masks_aug/0082_1753179155590_T_1_mask_aug3.png
82_aug4,0082_1753179155590_T_1.png,data/phantom_taobao/images_aug/0082_1753179155590_T_1_aug4.png,853565941910,1753179155590,4,70,8/10.0,4.0,530,557,71.97725912627169,phantom_taobao,1,positive,data/phantom_taobao/masks_aug/0082_1753179155590_T_1_mask_aug4.png
82_aug5,0082_1753179155590_T_1.png,data/phantom_taobao/images_aug/0082_1753179155590_T_1_aug5.png,853565941910,1753179155590,4,70,8/10.0,4.0,530,557,71.97725912627169,phantom_taobao,1,positive,data/phantom_taobao/masks_aug/0082_1753179155590_T_1_mask_aug5.png
82_aug6,0082_1753179155590_T_1.png,data/phantom_taobao/images_aug/0082_1753179155590_T_1_aug6.png,853565941910,1753179155590,4,70,8/10.0,4.0,530,557,71.97725912627169,phantom_taobao,1,positive,data/phantom_taobao/masks_aug/0082_1753179155590_T_1_mask_aug6.png
82_aug7,0082_1753179155590_T_1.png,data/phantom_taobao/images_aug/0082_1753179155590_T_1_aug7.png,853565941910,1753179155590,4,70,8/10.0,4.0,530,557,71.97725912627169,phantom_taobao,1,positive,data/phantom_taobao/masks_aug/0082_1753179155590_T_1_mask_aug7.png
82_aug8,0082_1753179155590_T_1.png,data/phantom_taobao/images_aug/0082_1753179155590_T_1_aug8.png,853565941910,1753179155590,4,70,8/10.0,4.0,530,557,71.97725912627169,phantom_taobao,1,positive,data/phantom_taobao/masks_aug/0082_1753179155590_T_1_mask_aug8.png
82_aug9,0082_1753179155590_T_1.png,data/phantom_taobao/images_aug/0082_1753179155590_T_1_aug9.png,853565941910,1753179155590,4,70,8/10.0,4.0,530,557,71.97725912627169,phantom_taobao,1,positive,data/phantom_taobao/masks_aug/0082_1753179155590_T_1_mask_aug9.png
82_aug10,0082_1753179155590_T_1.png,data/phantom_taobao/images_aug/0082_1753179155590_T_1_aug10.png,853565941910,1753179155590,4,70,8/10.0,4.0,530,557,71.97725912627169,phantom_taobao,1,positive,data/phantom_taobao/masks_aug/0082_1753179155590_T_1_mask_aug10.png
82_aug11,0082_1753179155590_T_1.png,data/phantom_taobao/images_aug/0082_1753179155590_T_1_aug11.png,853565941910,1753179155590,4,70,8/10.0,4.0,530,557,71.97725912627169,phantom_taobao,1,positive,data/phantom_taobao/masks_aug/0082_1753179155590_T_1_mask_aug11.png
82_aug12,0082_1753179155590_T_1.png,data/phantom_taobao/images_aug/0082_1753179155590_T_1_aug12.png,853565941910,1753179155590,4,70,8/10.0,4.0,530,557,71.97725912627169,phantom_taobao,1,positive,data/phantom_taobao/masks_aug/0082_1753179155590_T_1_mask_aug12.png
82_aug13,0082_1753179155590_T_1.png,data/phantom_taobao/images_aug/0082_1753179155590_T_1_aug13.png,853565941910,1753179155590,4,70,8/10.0,4.0,530,557,71.97725912627169,phantom_taobao,1,positive,data/phantom_taobao/masks_aug/0082_1753179155590_T_1_mask_aug13.png
82_aug14,0082_1753179155590_T_1.png,data/phantom_taobao/images_aug/0082_1753179155590_T_1_aug14.png,853565941910,1753179155590,4,70,8/10.0,4.0,530,557,71.97725912627169,phantom_taobao,1,positive,data/phantom_taobao/masks_aug/0082_1753179155590_T_1_mask_aug14.png
85_aug0,0085_1753179174534_T_1.png,data/phantom_taobao/images_aug/0085_1753179174534_T_1_aug0.png,872465142970,1753179174534,4,70,8/10.0,4.0,530,557,71.97725912627169,phantom_taobao,1,positive,data/phantom_taobao/masks_aug/0085_1753179174534_T_1_mask_aug0.png
85_aug1,0085_1753179174534_T_1.png,data/phantom_taobao/images_aug/0085_1753179174534_T_1_aug1.png,872465142970,1753179174534,4,70,8/10.0,4.0,530,557,71.97725912627169,phantom_taobao,1,positive,data/phantom_taobao/masks_aug/0085_1753179174534_T_1_mask_aug1.png
85_aug2,0085_1753179174534_T_1.png,data/phantom_taobao/images_aug/0085_1753179174534_T_1_aug2.png,872465142970,1753179174534,4,70,8/10.0,4.0,530,557,71.97725912627169,phantom_taobao,1,positive,data/phantom_taobao/masks_aug/0085_1753179174534_T_1_mask_aug2.png
85_aug3,0085_1753179174534_T_1.png,data/phantom_taobao/images_aug/0085_1753179174534_T_1_aug3.png,872465142970,1753179174534,4,70,8/10.0,4.0,530,557,71.97725912627169,phantom_taobao,1,positive,data/phantom_taobao/masks_aug/0085_1753179174534_T_1_mask_aug3.png
85_aug4,0085_1753179174534_T_1.png,data/phantom_taobao/images_aug/0085_1753179174534_T_1_aug4.png,872465142970,1753179174534,4,70,8/10.0,4.0,530,557,71.97725912627169,phantom_taobao,1,positive,data/phantom_taobao/masks_aug/0085_1753179174534_T_1_mask_aug4.png
85_aug5,0085_1753179174534_T_1.png,data/phantom_taobao/images_aug/0085_1753179174534_T_1_aug5.png,872465142970,1753179174534,4,70,8/10.0,4.0,530,557,71.97725912627169,phantom_taobao,1,positive,data/phantom_taobao/masks_aug/0085_1753179174534_T_1_mask_aug5.png
85_aug6,0085_1753179174534_T_1.png,data/phantom_taobao/images_aug/0085_1753179174534_T_1_aug6.png,872465142970,1753179174534,4,70,8/10.0,4.0,530,557,71.97725912627169,phantom_taobao,1,positive,data/phantom_taobao/masks_aug/0085_1753179174534_T_1_mask_aug6.png
85_aug7,0085_1753179174534_T_1.png,data/phantom_taobao/images_aug/0085_1753179174534_T_1_aug7.png,872465142970,1753179174534,4,70,8/10.0,4.0,530,557,71.97725912627169,phantom_taobao,1,positive,data/phantom_taobao/masks_aug/0085_1753179174534_T_1_mask_aug7.png
85_aug8,0085_1753179174534_T_1.png,data/phantom_taobao/images_aug/0085_1753179174534_T_1_aug8.png,872465142970,1753179174534,4,70,8/10.0,4.0,530,557,71.97725912627169,phantom_taobao,1,positive,data/phantom_taobao/masks_aug/0085_1753179174534_T_1_mask_aug8.png
85_aug9,0085_1753179174534_T_1.png,data/phantom_taobao/images_aug/0085_1753179174534_T_1_aug9.png,872465142970,1753179174534,4,70,8/10.0,4.0,530,557,71.97725912627169,phantom_taobao,1,positive,data/phantom_taobao/masks_aug/0085_1753179174534_T_1_mask_aug9.png
85_aug10,0085_1753179174534_T_1.png,data/phantom_taobao/images_aug/0085_1753179174534_T_1_aug10.png,872465142970,1753179174534,4,70,8/10.0,4.0,530,557,71.97725912627169,phantom_taobao,1,positive,data/phantom_taobao/masks_aug/0085_1753179174534_T_1_mask_aug10.png
85_aug11,0085_1753179174534_T_1.png,data/phantom_taobao/images_aug/0085_1753179174534_T_1_aug11.png,872465142970,1753179174534,4,70,8/10.0,4.0,530,557,71.97725912627169,phantom_taobao,1,positive,data/phantom_taobao/masks_aug/0085_1753179174534_T_1_mask_aug11.png
85_aug12,0085_1753179174534_T_1.png,data/phantom_taobao/images_aug/0085_1753179174534_T_1_aug12.png,872465142970,1753179174534,4,70,8/10.0,4.0,530,557,71.97725912627169,phantom_taobao,1,positive,data/phantom_taobao/masks_aug/0085_1753179174534_T_1_mask_aug12.png
85_aug13,0085_1753179174534_T_1.png,data/phantom_taobao/images_aug/0085_1753179174534_T_1_aug13.png,872465142970,1753179174534,4,70,8/10.0,4.0,530,557,71.97725912627169,phantom_taobao,1,positive,data/phantom_taobao/masks_aug/0085_1753179174534_T_1_mask_aug13.png
85_aug14,0085_1753179174534_T_1.png,data/phantom_taobao/images_aug/0085_1753179174534_T_1_aug14.png,872465142970,1753179174534,4,70,8/10.0,4.0,530,557,71.97725912627169,phantom_taobao,1,positive,data/phantom_taobao/masks_aug/0085_1753179174534_T_1_mask_aug14.png
86_aug0,0086_1753179226442_T_1.png,data/phantom_taobao/images_aug/0086_1753179226442_T_1_aug0.png,924375544510,1753179226442,4,70,8/10.0,4.0,530,557,71.97725912627169,phantom_taobao,1,positive,data/phantom_taobao/masks_aug/0086_1753179226442_T_1_mask_aug0.png
86_aug1,0086_1753179226442_T_1.png,data/phantom_taobao/images_aug/0086_1753179226442_T_1_aug1.png,924375544510,1753179226442,4,70,8/10.0,4.0,530,557,71.97725912627169,phantom_taobao,1,positive,data/phantom_taobao/masks_aug/0086_1753179226442_T_1_mask_aug1.png
86_aug2,0086_1753179226442_T_1.png,data/phantom_taobao/images_aug/0086_1753179226442_T_1_aug2.png,924375544510,1753179226442,4,70,8/10.0,4.0,530,557,71.97725912627169,phantom_taobao,1,positive,data/phantom_taobao/masks_aug/0086_1753179226442_T_1_mask_aug2.png
86_aug3,0086_1753179226442_T_1.png,data/phantom_taobao/images_aug/0086_1753179226442_T_1_aug3.png,924375544510,1753179226442,4,70,8/10.0,4.0,530,557,71.97725912627169,phantom_taobao,1,positive,data/phantom_taobao/masks_aug/0086_1753179226442_T_1_mask_aug3.png
86_aug4,0086_1753179226442_T_1.png,data/phantom_taobao/images_aug/0086_1753179226442_T_1_aug4.png,924375544510,1753179226442,4,70,8/10.0,4.0,530,557,71.97725912627169,phantom_taobao,1,positive,data/phantom_taobao/masks_aug/0086_1753179226442_T_1_mask_aug4.png
86_aug5,0086_1753179226442_T_1.png,data/phantom_taobao/images_aug/0086_1753179226442_T_1_aug5.png,924375544510,1753179226442,4,70,8/10.0,4.0,530,557,71.97725912627169,phantom_taobao,1,positive,data/phantom_taobao/masks_aug/0086_1753179226442_T_1_mask_aug5.png
86_aug6,0086_1753179226442_T_1.png,data/phantom_taobao/images_aug/0086_1753179226442_T_1_aug6.png,924375544510,1753179226442,4,70,8/10.0,4.0,530,557,71.97725912627169,phantom_taobao,1,positive,data/phantom_taobao/masks_aug/0086_1753179226442_T_1_mask_aug6.png
86_aug7,0086_1753179226442_T_1.png,data/phantom_taobao/images_aug/0086_1753179226442_T_1_aug7.png,924375544510,1753179226442,4,70,8/10.0,4.0,530,557,71.97725912627169,phantom_taobao,1,positive,data/phantom_taobao/masks_aug/0086_1753179226442_T_1_mask_aug7.png
86_aug8,0086_1753179226442_T_1.png,data/phantom_taobao/images_aug/0086_1753179226442_T_1_aug8.png,924375544510,1753179226442,4,70,8/10.0,4.0,530,557,71.97725912627169,phantom_taobao,1,positive,data/phantom_taobao/masks_aug/0086_1753179226442_T_1_mask_aug8.png
86_aug9,0086_1753179226442_T_1.png,data/phantom_taobao/images_aug/0086_1753179226442_T_1_aug9.png,924375544510,1753179226442,4,70,8/10.0,4.0,530,557,71.97725912627169,phantom_taobao,1,positive,data/phantom_taobao/masks_aug/0086_1753179226442_T_1_mask_aug9.png
86_aug10,0086_1753179226442_T_1.png,data/phantom_taobao/images_aug/0086_1753179226442_T_1_aug10.png,924375544510,1753179226442,4,70,8/10.0,4.0,530,557,71.97725912627169,phantom_taobao,1,positive,data/phantom_taobao/masks_aug/0086_1753179226442_T_1_mask_aug10.png
86_aug11,0086_1753179226442_T_1.png,data/phantom_taobao/images_aug/0086_1753179226442_T_1_aug11.png,924375544510,1753179226442,4,70,8/10.0,4.0,530,557,71.97725912627169,phantom_taobao,1,positive,data/phantom_taobao/masks_aug/0086_1753179226442_T_1_mask_aug11.png
86_aug12,0086_1753179226442_T_1.png,data/phantom_taobao/images_aug/0086_1753179226442_T_1_aug12.png,924375544510,1753179226442,4,70,8/10.0,4.0,530,557,71.97725912627169,phantom_taobao,1,positive,data/phantom_taobao/masks_aug/0086_1753179226442_T_1_mask_aug12.png
86_aug13,0086_1753179226442_T_1.png,data/phantom_taobao/images_aug/0086_1753179226442_T_1_aug13.png,924375544510,1753179226442,4,70,8/10.0,4.0,530,557,71.97725912627169,phantom_taobao,1,positive,data/phantom_taobao/masks_aug/0086_1753179226442_T_1_mask_aug13.png
86_aug14,0086_1753179226442_T_1.png,data/phantom_taobao/images_aug/0086_1753179226442_T_1_aug14.png,924375544510,1753179226442,4,70,8/10.0,4.0,530,557,71.97725912627169,phantom_taobao,1,positive,data/phantom_taobao/masks_aug/0086_1753179226442_T_1_mask_aug14.png
87_aug0,0087_1753179234900_T_1.png,data/phantom_taobao/images_aug/0087_1753179234900_T_1_aug0.png,932889422560,1753179234900,4,70,8/10.0,4.0,530,557,71.97725912627169,phantom_taobao,1,positive,data/phantom_taobao/masks_aug/0087_1753179234900_T_1_mask_aug0.png
87_aug1,0087_1753179234900_T_1.png,data/phantom_taobao/images_aug/0087_1753179234900_T_1_aug1.png,932889422560,1753179234900,4,70,8/10.0,4.0,530,557,71.97725912627169,phantom_taobao,1,positive,data/phantom_taobao/masks_aug/0087_1753179234900_T_1_mask_aug1.png
87_aug2,0087_1753179234900_T_1.png,data/phantom_taobao/images_aug/0087_1753179234900_T_1_aug2.png,932889422560,1753179234900,4,70,8/10.0,4.0,530,557,71.97725912627169,phantom_taobao,1,positive,data/phantom_taobao/masks_aug/0087_1753179234900_T_1_mask_aug2.png
87_aug3,0087_1753179234900_T_1.png,data/phantom_taobao/images_aug/0087_1753179234900_T_1_aug3.png,932889422560,1753179234900,4,70,8/10.0,4.0,530,557,71.97725912627169,phantom_taobao,1,positive,data/phantom_taobao/masks_aug/0087_1753179234900_T_1_mask_aug3.png
87_aug4,0087_1753179234900_T_1.png,data/phantom_taobao/images_aug/0087_1753179234900_T_1_aug4.png,932889422560,1753179234900,4,70,8/10.0,4.0,530,557,71.97725912627169,phantom_taobao,1,positive,data/phantom_taobao/masks_aug/0087_1753179234900_T_1_mask_aug4.png
87_aug5,0087_1753179234900_T_1.png,data/phantom_taobao/images_aug/0087_1753179234900_T_1_aug5.png,932889422560,1753179234900,4,70,8/10.0,4.0,530,557,71.97725912627169,phantom_taobao,1,positive,data/phantom_taobao/masks_aug/0087_1753179234900_T_1_mask_aug5.png
87_aug6,0087_1753179234900_T_1.png,data/phantom_taobao/images_aug/0087_1753179234900_T_1_aug6.png,932889422560,1753179234900,4,70,8/10.0,4.0,530,557,71.97725912627169,phantom_taobao,1,positive,data/phantom_taobao/masks_aug/0087_1753179234900_T_1_mask_aug6.png
87_aug7,0087_1753179234900_T_1.png,data/phantom_taobao/images_aug/0087_1753179234900_T_1_aug7.png,932889422560,1753179234900,4,70,8/10.0,4.0,530,557,71.97725912627169,phantom_taobao,1,positive,data/phantom_taobao/masks_aug/0087_1753179234900_T_1_mask_aug7.png
87_aug8,0087_1753179234900_T_1.png,data/phantom_taobao/images_aug/0087_1753179234900_T_1_aug8.png,932889422560,1753179234900,4,70,8/10.0,4.0,530,557,71.97725912627169,phantom_taobao,1,positive,data/phantom_taobao/masks_aug/0087_1753179234900_T_1_mask_aug8.png
87_aug9,0087_1753179234900_T_1.png,data/phantom_taobao/images_aug/0087_1753179234900_T_1_aug9.png,932889422560,1753179234900,4,70,8/10.0,4.0,530,557,71.97725912627169,phantom_taobao,1,positive,data/phantom_taobao/masks_aug/0087_1753179234900_T_1_mask_aug9.png
87_aug10,0087_1753179234900_T_1.png,data/phantom_taobao/images_aug/0087_1753179234900_T_1_aug10.png,932889422560,1753179234900,4,70,8/10.0,4.0,530,557,71.97725912627169,phantom_taobao,1,positive,data/phantom_taobao/masks_aug/0087_1753179234900_T_1_mask_aug10.png
87_aug11,0087_1753179234900_T_1.png,data/phantom_taobao/images_aug/0087_1753179234900_T_1_aug11.png,932889422560,1753179234900,4,70,8/10.0,4.0,530,557,71.97725912627169,phantom_taobao,1,positive,data/phantom_taobao/masks_aug/0087_1753179234900_T_1_mask_aug11.png
87_aug12,0087_1753179234900_T_1.png,data/phantom_taobao/images_aug/0087_1753179234900_T_1_aug12.png,932889422560,1753179234900,4,70,8/10.0,4.0,530,557,71.97725912627169,phantom_taobao,1,positive,data/phantom_taobao/masks_aug/0087_1753179234900_T_1_mask_aug12.png
87_aug13,0087_1753179234900_T_1.png,data/phantom_taobao/images_aug/0087_1753179234900_T_1_aug13.png,932889422560,1753179234900,4,70,8/10.0,4.0,530,557,71.97725912627169,phantom_taobao,1,positive,data/phantom_taobao/masks_aug/0087_1753179234900_T_1_mask_aug13.png
87_aug14,0087_1753179234900_T_1.png,data/phantom_taobao/images_aug/0087_1753179234900_T_1_aug14.png,932889422560,1753179234900,4,70,8/10.0,4.0,530,557,71.97725912627169,phantom_taobao,1,positive,data/phantom_taobao/masks_aug/0087_1753179234900_T_1_mask_aug14.png
88_aug0,0088_1753179238187_T_1.png,data/phantom_taobao/images_aug/0088_1753179238187_T_1_aug0.png,936172956380,1753179238187,4,70,8/10.0,4.0,530,557,71.97725912627169,phantom_taobao,1,positive,data/phantom_taobao/masks_aug/0088_1753179238187_T_1_mask_aug0.png
88_aug1,0088_1753179238187_T_1.png,data/phantom_taobao/images_aug/0088_1753179238187_T_1_aug1.png,936172956380,1753179238187,4,70,8/10.0,4.0,530,557,71.97725912627169,phantom_taobao,1,positive,data/phantom_taobao/masks_aug/0088_1753179238187_T_1_mask_aug1.png
88_aug2,0088_1753179238187_T_1.png,data/phantom_taobao/images_aug/0088_1753179238187_T_1_aug2.png,936172956380,1753179238187,4,70,8/10.0,4.0,530,557,71.97725912627169,phantom_taobao,1,positive,data/phantom_taobao/masks_aug/0088_1753179238187_T_1_mask_aug2.png
88_aug3,0088_1753179238187_T_1.png,data/phantom_taobao/images_aug/0088_1753179238187_T_1_aug3.png,936172956380,1753179238187,4,70,8/10.0,4.0,530,557,71.97725912627169,phantom_taobao,1,positive,data/phantom_taobao/masks_aug/0088_1753179238187_T_1_mask_aug3.png
88_aug4,0088_1753179238187_T_1.png,data/phantom_taobao/images_aug/0088_1753179238187_T_1_aug4.png,936172956380,1753179238187,4,70,8/10.0,4.0,530,557,71.97725912627169,phantom_taobao,1,positive,data/phantom_taobao/masks_aug/0088_1753179238187_T_1_mask_aug4.png
88_aug5,0088_1753179238187_T_1.png,data/phantom_taobao/images_aug/0088_1753179238187_T_1_aug5.png,936172956380,1753179238187,4,70,8/10.0,4.0,530,557,71.97725912627169,phantom_taobao,1,positive,data/phantom_taobao/masks_aug/0088_1753179238187_T_1_mask_aug5.png
88_aug6,0088_1753179238187_T_1.png,data/phantom_taobao/images_aug/0088_1753179238187_T_1_aug6.png,936172956380,1753179238187,4,70,8/10.0,4.0,530,557,71.97725912627169,phantom_taobao,1,positive,data/phantom_taobao/masks_aug/0088_1753179238187_T_1_mask_aug6.png
88_aug7,0088_1753179238187_T_1.png,data/phantom_taobao/images_aug/0088_1753179238187_T_1_aug7.png,936172956380,1753179238187,4,70,8/10.0,4.0,530,557,71.97725912627169,phantom_taobao,1,positive,data/phantom_taobao/masks_aug/0088_1753179238187_T_1_mask_aug7.png
88_aug8,0088_1753179238187_T_1.png,data/phantom_taobao/images_aug/0088_1753179238187_T_1_aug8.png,936172956380,1753179238187,4,70,8/10.0,4.0,530,557,71.97725912627169,phantom_taobao,1,positive,data/phantom_taobao/masks_aug/0088_1753179238187_T_1_mask_aug8.png
88_aug9,0088_1753179238187_T_1.png,data/phantom_taobao/images_aug/0088_1753179238187_T_1_aug9.png,936172956380,1753179238187,4,70,8/10.0,4.0,530,557,71.97725912627169,phantom_taobao,1,positive,data/phantom_taobao/masks_aug/0088_1753179238187_T_1_mask_aug9.png
88_aug10,0088_1753179238187_T_1.png,data/phantom_taobao/images_aug/0088_1753179238187_T_1_aug10.png,936172956380,1753179238187,4,70,8/10.0,4.0,530,557,71.97725912627169,phantom_taobao,1,positive,data/phantom_taobao/masks_aug/0088_1753179238187_T_1_mask_aug10.png
88_aug11,0088_1753179238187_T_1.png,data/phantom_taobao/images_aug/0088_1753179238187_T_1_aug11.png,936172956380,1753179238187,4,70,8/10.0,4.0,530,557,71.97725912627169,phantom_taobao,1,positive,data/phantom_taobao/masks_aug/0088_1753179238187_T_1_mask_aug11.png
88_aug12,0088_1753179238187_T_1.png,data/phantom_taobao/images_aug/0088_1753179238187_T_1_aug12.png,936172956380,1753179238187,4,70,8/10.0,4.0,530,557,71.97725912627169,phantom_taobao,1,positive,data/phantom_taobao/masks_aug/0088_1753179238187_T_1_mask_aug12.png
88_aug13,0088_1753179238187_T_1.png,data/phantom_taobao/images_aug/0088_1753179238187_T_1_aug13.png,936172956380,1753179238187,4,70,8/10.0,4.0,530,557,71.97725912627169,phantom_taobao,1,positive,data/phantom_taobao/masks_aug/0088_1753179238187_T_1_mask_aug13.png
88_aug14,0088_1753179238187_T_1.png,data/phantom_taobao/images_aug/0088_1753179238187_T_1_aug14.png,936172956380,1753179238187,4,70,8/10.0,4.0,530,557,71.97725912627169,phantom_taobao,1,positive,data/phantom_taobao/masks_aug/0088_1753179238187_T_1_mask_aug14.png
87_aug0,0087_1753179394731_T_1.png,data/phantom_taobao/images_aug/0087_1753179394731_T_1_aug0.png,1092718438170,1753179394731,4,70,8/10.0,4.0,530,557,71.97725912627169,phantom_taobao,1,positive,data/phantom_taobao/masks_aug/0087_1753179394731_T_1_mask_aug0.png
87_aug1,0087_1753179394731_T_1.png,data/phantom_taobao/images_aug/0087_1753179394731_T_1_aug1.png,1092718438170,1753179394731,4,70,8/10.0,4.0,530,557,71.97725912627169,phantom_taobao,1,positive,data/phantom_taobao/masks_aug/0087_1753179394731_T_1_mask_aug1.png
87_aug2,0087_1753179394731_T_1.png,data/phantom_taobao/images_aug/0087_1753179394731_T_1_aug2.png,1092718438170,1753179394731,4,70,8/10.0,4.0,530,557,71.97725912627169,phantom_taobao,1,positive,data/phantom_taobao/masks_aug/0087_1753179394731_T_1_mask_aug2.png
87_aug3,0087_1753179394731_T_1.png,data/phantom_taobao/images_aug/0087_1753179394731_T_1_aug3.png,1092718438170,1753179394731,4,70,8/10.0,4.0,530,557,71.97725912627169,phantom_taobao,1,positive,data/phantom_taobao/masks_aug/0087_1753179394731_T_1_mask_aug3.png
87_aug4,0087_1753179394731_T_1.png,data/phantom_taobao/images_aug/0087_1753179394731_T_1_aug4.png,1092718438170,1753179394731,4,70,8/10.0,4.0,530,557,71.97725912627169,phantom_taobao,1,positive,data/phantom_taobao/masks_aug/0087_1753179394731_T_1_mask_aug4.png
87_aug5,0087_1753179394731_T_1.png,data/phantom_taobao/images_aug/0087_1753179394731_T_1_aug5.png,1092718438170,1753179394731,4,70,8/10.0,4.0,530,557,71.97725912627169,phantom_taobao,1,positive,data/phantom_taobao/masks_aug/0087_1753179394731_T_1_mask_aug5.png
87_aug6,0087_1753179394731_T_1.png,data/phantom_taobao/images_aug/0087_1753179394731_T_1_aug6.png,1092718438170,1753179394731,4,70,8/10.0,4.0,530,557,71.97725912627169,phantom_taobao,1,positive,data/phantom_taobao/masks_aug/0087_1753179394731_T_1_mask_aug6.png
87_aug7,0087_1753179394731_T_1.png,data/phantom_taobao/images_aug/0087_1753179394731_T_1_aug7.png,1092718438170,1753179394731,4,70,8/10.0,4.0,530,557,71.97725912627169,phantom_taobao,1,positive,data/phantom_taobao/masks_aug/0087_1753179394731_T_1_mask_aug7.png
87_aug8,0087_1753179394731_T_1.png,data/phantom_taobao/images_aug/0087_1753179394731_T_1_aug8.png,1092718438170,1753179394731,4,70,8/10.0,4.0,530,557,71.97725912627169,phantom_taobao,1,positive,data/phantom_taobao/masks_aug/0087_1753179394731_T_1_mask_aug8.png
87_aug9,0087_1753179394731_T_1.png,data/phantom_taobao/images_aug/0087_1753179394731_T_1_aug9.png,1092718438170,1753179394731,4,70,8/10.0,4.0,530,557,71.97725912627169,phantom_taobao,1,positive,data/phantom_taobao/masks_aug/0087_1753179394731_T_1_mask_aug9.png
87_aug10,0087_1753179394731_T_1.png,data/phantom_taobao/images_aug/0087_1753179394731_T_1_aug10.png,1092718438170,1753179394731,4,70,8/10.0,4.0,530,557,71.97725912627169,phantom_taobao,1,positive,data/phantom_taobao/masks_aug/0087_1753179394731_T_1_mask_aug10.png
87_aug11,0087_1753179394731_T_1.png,data/phantom_taobao/images_aug/0087_1753179394731_T_1_aug11.png,1092718438170,1753179394731,4,70,8/10.0,4.0,530,557,71.97725912627169,phantom_taobao,1,positive,data/phantom_taobao/masks_aug/0087_1753179394731_T_1_mask_aug11.png
87_aug12,0087_1753179394731_T_1.png,data/phantom_taobao/images_aug/0087_1753179394731_T_1_aug12.png,1092718438170,1753179394731,4,70,8/10.0,4.0,530,557,71.97725912627169,phantom_taobao,1,positive,data/phantom_taobao/masks_aug/0087_1753179394731_T_1_mask_aug12.png
87_aug13,0087_1753179394731_T_1.png,data/phantom_taobao/images_aug/0087_1753179394731_T_1_aug13.png,1092718438170,1753179394731,4,70,8/10.0,4.0,530,557,71.97725912627169,phantom_taobao,1,positive,data/phantom_taobao/masks_aug/0087_1753179394731_T_1_mask_aug13.png
87_aug14,0087_1753179394731_T_1.png,data/phantom_taobao/images_aug/0087_1753179394731_T_1_aug14.png,1092718438170,1753179394731,4,70,8/10.0,4.0,530,557,71.97725912627169,phantom_taobao,1,positive,data/phantom_taobao/masks_aug/0087_1753179394731_T_1_mask_aug14.png
88_aug0,0088_1753179397169_T_1.png,data/phantom_taobao/images_aug/0088_1753179397169_T_1_aug0.png,1095129259390,1753179397169,4,70,8/10.0,4.0,530,557,71.97725912627169,phantom_taobao,1,positive,data/phantom_taobao/masks_aug/0088_1753179397169_T_1_mask_aug0.png
88_aug1,0088_1753179397169_T_1.png,data/phantom_taobao/images_aug/0088_1753179397169_T_1_aug1.png,1095129259390,1753179397169,4,70,8/10.0,4.0,530,557,71.97725912627169,phantom_taobao,1,positive,data/phantom_taobao/masks_aug/0088_1753179397169_T_1_mask_aug1.png
88_aug2,0088_1753179397169_T_1.png,data/phantom_taobao/images_aug/0088_1753179397169_T_1_aug2.png,1095129259390,1753179397169,4,70,8/10.0,4.0,530,557,71.97725912627169,phantom_taobao,1,positive,data/phantom_taobao/masks_aug/0088_1753179397169_T_1_mask_aug2.png
88_aug3,0088_1753179397169_T_1.png,data/phantom_taobao/images_aug/0088_1753179397169_T_1_aug3.png,1095129259390,1753179397169,4,70,8/10.0,4.0,530,557,71.97725912627169,phantom_taobao,1,positive,data/phantom_taobao/masks_aug/0088_1753179397169_T_1_mask_aug3.png
88_aug4,0088_1753179397169_T_1.png,data/phantom_taobao/images_aug/0088_1753179397169_T_1_aug4.png,1095129259390,1753179397169,4,70,8/10.0,4.0,530,557,71.97725912627169,phantom_taobao,1,positive,data/phantom_taobao/masks_aug/0088_1753179397169_T_1_mask_aug4.png
88_aug5,0088_1753179397169_T_1.png,data/phantom_taobao/images_aug/0088_1753179397169_T_1_aug5.png,1095129259390,1753179397169,4,70,8/10.0,4.0,530,557,71.97725912627169,phantom_taobao,1,positive,data/phantom_taobao/masks_aug/0088_1753179397169_T_1_mask_aug5.png
88_aug6,0088_1753179397169_T_1.png,data/phantom_taobao/images_aug/0088_1753179397169_T_1_aug6.png,1095129259390,1753179397169,4,70,8/10.0,4.0,530,557,71.97725912627169,phantom_taobao,1,positive,data/phantom_taobao/masks_aug/0088_1753179397169_T_1_mask_aug6.png
88_aug7,0088_1753179397169_T_1.png,data/phantom_taobao/images_aug/0088_1753179397169_T_1_aug7.png,1095129259390,1753179397169,4,70,8/10.0,4.0,530,557,71.97725912627169,phantom_taobao,1,positive,data/phantom_taobao/masks_aug/0088_1753179397169_T_1_mask_aug7.png
88_aug8,0088_1753179397169_T_1.png,data/phantom_taobao/images_aug/0088_1753179397169_T_1_aug8.png,1095129259390,1753179397169,4,70,8/10.0,4.0,530,557,71.97725912627169,phantom_taobao,1,positive,data/phantom_taobao/masks_aug/0088_1753179397169_T_1_mask_aug8.png
88_aug9,0088_1753179397169_T_1.png,data/phantom_taobao/images_aug/0088_1753179397169_T_1_aug9.png,1095129259390,1753179397169,4,70,8/10.0,4.0,530,557,71.97725912627169,phantom_taobao,1,positive,data/phantom_taobao/masks_aug/0088_1753179397169_T_1_mask_aug9.png
88_aug10,0088_1753179397169_T_1.png,data/phantom_taobao/images_aug/0088_1753179397169_T_1_aug10.png,1095129259390,1753179397169,4,70,8/10.0,4.0,530,557,71.97725912627169,phantom_taobao,1,positive,data/phantom_taobao/masks_aug/0088_1753179397169_T_1_mask_aug10.png
88_aug11,0088_1753179397169_T_1.png,data/phantom_taobao/images_aug/0088_1753179397169_T_1_aug11.png,1095129259390,1753179397169,4,70,8/10.0,4.0,530,557,71.97725912627169,phantom_taobao,1,positive,data/phantom_taobao/masks_aug/0088_1753179397169_T_1_mask_aug11.png
88_aug12,0088_1753179397169_T_1.png,data/phantom_taobao/images_aug/0088_1753179397169_T_1_aug12.png,1095129259390,1753179397169,4,70,8/10.0,4.0,530,557,71.97725912627169,phantom_taobao,1,positive,data/phantom_taobao/masks_aug/0088_1753179397169_T_1_mask_aug12.png
88_aug13,0088_1753179397169_T_1.png,data/phantom_taobao/images_aug/0088_1753179397169_T_1_aug13.png,1095129259390,1753179397169,4,70,8/10.0,4.0,530,557,71.97725912627169,phantom_taobao,1,positive,data/phantom_taobao/masks_aug/0088_1753179397169_T_1_mask_aug13.png
88_aug14,0088_1753179397169_T_1.png,data/phantom_taobao/images_aug/0088_1753179397169_T_1_aug14.png,1095129259390,1753179397169,4,70,8/10.0,4.0,530,557,71.97725912627169,phantom_taobao,1,positive,data/phantom_taobao/masks_aug/0088_1753179397169_T_1_mask_aug14.png
89_aug0,0089_1753179400042_T_1.png,data/phantom_taobao/images_aug/0089_1753179400042_T_1_aug0.png,1098009441030,1753179400042,4,70,8/10.0,4.0,530,557,71.97725912627169,phantom_taobao,1,positive,data/phantom_taobao/masks_aug/0089_1753179400042_T_1_mask_aug0.png
89_aug1,0089_1753179400042_T_1.png,data/phantom_taobao/images_aug/0089_1753179400042_T_1_aug1.png,1098009441030,1753179400042,4,70,8/10.0,4.0,530,557,71.97725912627169,phantom_taobao,1,positive,data/phantom_taobao/masks_aug/0089_1753179400042_T_1_mask_aug1.png
89_aug2,0089_1753179400042_T_1.png,data/phantom_taobao/images_aug/0089_1753179400042_T_1_aug2.png,1098009441030,1753179400042,4,70,8/10.0,4.0,530,557,71.97725912627169,phantom_taobao,1,positive,data/phantom_taobao/masks_aug/0089_1753179400042_T_1_mask_aug2.png
89_aug3,0089_1753179400042_T_1.png,data/phantom_taobao/images_aug/0089_1753179400042_T_1_aug3.png,1098009441030,1753179400042,4,70,8/10.0,4.0,530,557,71.97725912627169,phantom_taobao,1,positive,data/phantom_taobao/masks_aug/0089_1753179400042_T_1_mask_aug3.png
89_aug4,0089_1753179400042_T_1.png,data/phantom_taobao/images_aug/0089_1753179400042_T_1_aug4.png,1098009441030,1753179400042,4,70,8/10.0,4.0,530,557,71.97725912627169,phantom_taobao,1,positive,data/phantom_taobao/masks_aug/0089_1753179400042_T_1_mask_aug4.png
89_aug5,0089_1753179400042_T_1.png,data/phantom_taobao/images_aug/0089_1753179400042_T_1_aug5.png,1098009441030,1753179400042,4,70,8/10.0,4.0,530,557,71.97725912627169,phantom_taobao,1,positive,data/phantom_taobao/masks_aug/0089_1753179400042_T_1_mask_aug5.png
89_aug6,0089_1753179400042_T_1.png,data/phantom_taobao/images_aug/0089_1753179400042_T_1_aug6.png,1098009441030,1753179400042,4,70,8/10.0,4.0,530,557,71.97725912627169,phantom_taobao,1,positive,data/phantom_taobao/masks_aug/0089_1753179400042_T_1_mask_aug6.png
89_aug7,0089_1753179400042_T_1.png,data/phantom_taobao/images_aug/0089_1753179400042_T_1_aug7.png,1098009441030,1753179400042,4,70,8/10.0,4.0,530,557,71.97725912627169,phantom_taobao,1,positive,data/phantom_taobao/masks_aug/0089_1753179400042_T_1_mask_aug7.png
89_aug8,0089_1753179400042_T_1.png,data/phantom_taobao/images_aug/0089_1753179400042_T_1_aug8.png,1098009441030,1753179400042,4,70,8/10.0,4.0,530,557,71.97725912627169,phantom_taobao,1,positive,data/phantom_taobao/masks_aug/0089_1753179400042_T_1_mask_aug8.png
89_aug9,0089_1753179400042_T_1.png,data/phantom_taobao/images_aug/0089_1753179400042_T_1_aug9.png,1098009441030,1753179400042,4,70,8/10.0,4.0,530,557,71.97725912627169,phantom_taobao,1,positive,data/phantom_taobao/masks_aug/0089_1753179400042_T_1_mask_aug9.png
89_aug10,0089_1753179400042_T_1.png,data/phantom_taobao/images_aug/0089_1753179400042_T_1_aug10.png,1098009441030,1753179400042,4,70,8/10.0,4.0,530,557,71.97725912627169,phantom_taobao,1,positive,data/phantom_taobao/masks_aug/0089_1753179400042_T_1_mask_aug10.png
89_aug11,0089_1753179400042_T_1.png,data/phantom_taobao/images_aug/0089_1753179400042_T_1_aug11.png,1098009441030,1753179400042,4,70,8/10.0,4.0,530,557,71.97725912627169,phantom_taobao,1,positive,data/phantom_taobao/masks_aug/0089_1753179400042_T_1_mask_aug11.png
89_aug12,0089_1753179400042_T_1.png,data/phantom_taobao/images_aug/0089_1753179400042_T_1_aug12.png,1098009441030,1753179400042,4,70,8/10.0,4.0,530,557,71.97725912627169,phantom_taobao,1,positive,data/phantom_taobao/masks_aug/0089_1753179400042_T_1_mask_aug12.png
89_aug13,0089_1753179400042_T_1.png,data/phantom_taobao/images_aug/0089_1753179400042_T_1_aug13.png,1098009441030,1753179400042,4,70,8/10.0,4.0,530,557,71.97725912627169,phantom_taobao,1,positive,data/phantom_taobao/masks_aug/0089_1753179400042_T_1_mask_aug13.png
89_aug14,0089_1753179400042_T_1.png,data/phantom_taobao/images_aug/0089_1753179400042_T_1_aug14.png,1098009441030,1753179400042,4,70,8/10.0,4.0,530,557,71.97725912627169,phantom_taobao,1,positive,data/phantom_taobao/masks_aug/0089_1753179400042_T_1_mask_aug14.png
90_aug0,0090_1753179414451_T_1.png,data/phantom_taobao/images_aug/0090_1753179414451_T_1_aug0.png,1112419990490,1753179414451,4,70,8/10.0,4.0,530,557,71.97725912627169,phantom_taobao,1,positive,data/phantom_taobao/masks_aug/0090_1753179414451_T_1_mask_aug0.png
90_aug1,0090_1753179414451_T_1.png,data/phantom_taobao/images_aug/0090_1753179414451_T_1_aug1.png,1112419990490,1753179414451,4,70,8/10.0,4.0,530,557,71.97725912627169,phantom_taobao,1,positive,data/phantom_taobao/masks_aug/0090_1753179414451_T_1_mask_aug1.png
90_aug2,0090_1753179414451_T_1.png,data/phantom_taobao/images_aug/0090_1753179414451_T_1_aug2.png,1112419990490,1753179414451,4,70,8/10.0,4.0,530,557,71.97725912627169,phantom_taobao,1,positive,data/phantom_taobao/masks_aug/0090_1753179414451_T_1_mask_aug2.png
90_aug3,0090_1753179414451_T_1.png,data/phantom_taobao/images_aug/0090_1753179414451_T_1_aug3.png,1112419990490,1753179414451,4,70,8/10.0,4.0,530,557,71.97725912627169,phantom_taobao,1,positive,data/phantom_taobao/masks_aug/0090_1753179414451_T_1_mask_aug3.png
90_aug4,0090_1753179414451_T_1.png,data/phantom_taobao/images_aug/0090_1753179414451_T_1_aug4.png,1112419990490,1753179414451,4,70,8/10.0,4.0,530,557,71.97725912627169,phantom_taobao,1,positive,data/phantom_taobao/masks_aug/0090_1753179414451_T_1_mask_aug4.png
90_aug5,0090_1753179414451_T_1.png,data/phantom_taobao/images_aug/0090_1753179414451_T_1_aug5.png,1112419990490,1753179414451,4,70,8/10.0,4.0,530,557,71.97725912627169,phantom_taobao,1,positive,data/phantom_taobao/masks_aug/0090_1753179414451_T_1_mask_aug5.png
90_aug6,0090_1753179414451_T_1.png,data/phantom_taobao/images_aug/0090_1753179414451_T_1_aug6.png,1112419990490,1753179414451,4,70,8/10.0,4.0,530,557,71.97725912627169,phantom_taobao,1,positive,data/phantom_taobao/masks_aug/0090_1753179414451_T_1_mask_aug6.png
90_aug7,0090_1753179414451_T_1.png,data/phantom_taobao/images_aug/0090_1753179414451_T_1_aug7.png,1112419990490,1753179414451,4,70,8/10.0,4.0,530,557,71.97725912627169,phantom_taobao,1,positive,data/phantom_taobao/masks_aug/0090_1753179414451_T_1_mask_aug7.png
90_aug8,0090_1753179414451_T_1.png,data/phantom_taobao/images_aug/0090_1753179414451_T_1_aug8.png,1112419990490,1753179414451,4,70,8/10.0,4.0,530,557,71.97725912627169,phantom_taobao,1,positive,data/phantom_taobao/masks_aug/0090_1753179414451_T_1_mask_aug8.png
90_aug9,0090_1753179414451_T_1.png,data/phantom_taobao/images_aug/0090_1753179414451_T_1_aug9.png,1112419990490,1753179414451,4,70,8/10.0,4.0,530,557,71.97725912627169,phantom_taobao,1,positive,data/phantom_taobao/masks_aug/0090_1753179414451_T_1_mask_aug9.png
90_aug10,0090_1753179414451_T_1.png,data/phantom_taobao/images_aug/0090_1753179414451_T_1_aug10.png,1112419990490,1753179414451,4,70,8/10.0,4.0,530,557,71.97725912627169,phantom_taobao,1,positive,data/phantom_taobao/masks_aug/0090_1753179414451_T_1_mask_aug10.png
90_aug11,0090_1753179414451_T_1.png,data/phantom_taobao/images_aug/0090_1753179414451_T_1_aug11.png,1112419990490,1753179414451,4,70,8/10.0,4.0,530,557,71.97725912627169,phantom_taobao,1,positive,data/phantom_taobao/masks_aug/0090_1753179414451_T_1_mask_aug11.png
90_aug12,0090_1753179414451_T_1.png,data/phantom_taobao/images_aug/0090_1753179414451_T_1_aug12.png,1112419990490,1753179414451,4,70,8/10.0,4.0,530,557,71.97725912627169,phantom_taobao,1,positive,data/phantom_taobao/masks_aug/0090_1753179414451_T_1_mask_aug12.png
90_aug13,0090_1753179414451_T_1.png,data/phantom_taobao/images_aug/0090_1753179414451_T_1_aug13.png,1112419990490,1753179414451,4,70,8/10.0,4.0,530,557,71.97725912627169,phantom_taobao,1,positive,data/phantom_taobao/masks_aug/0090_1753179414451_T_1_mask_aug13.png
90_aug14,0090_1753179414451_T_1.png,data/phantom_taobao/images_aug/0090_1753179414451_T_1_aug14.png,1112419990490,1753179414451,4,70,8/10.0,4.0,530,557,71.97725912627169,phantom_taobao,1,positive,data/phantom_taobao/masks_aug/0090_1753179414451_T_1_mask_aug14.png
91_aug0,0091_1753179416847_T_1.png,data/phantom_taobao/images_aug/0091_1753179416847_T_1_aug0.png,1114833733400,1753179416847,4,70,8/10.0,4.0,530,557,71.97725912627169,phantom_taobao,1,positive,data/phantom_taobao/masks_aug/0091_1753179416847_T_1_mask_aug0.png
91_aug1,0091_1753179416847_T_1.png,data/phantom_taobao/images_aug/0091_1753179416847_T_1_aug1.png,1114833733400,1753179416847,4,70,8/10.0,4.0,530,557,71.97725912627169,phantom_taobao,1,positive,data/phantom_taobao/masks_aug/0091_1753179416847_T_1_mask_aug1.png
91_aug2,0091_1753179416847_T_1.png,data/phantom_taobao/images_aug/0091_1753179416847_T_1_aug2.png,1114833733400,1753179416847,4,70,8/10.0,4.0,530,557,71.97725912627169,phantom_taobao,1,positive,data/phantom_taobao/masks_aug/0091_1753179416847_T_1_mask_aug2.png
91_aug3,0091_1753179416847_T_1.png,data/phantom_taobao/images_aug/0091_1753179416847_T_1_aug3.png,1114833733400,1753179416847,4,70,8/10.0,4.0,530,557,71.97725912627169,phantom_taobao,1,positive,data/phantom_taobao/masks_aug/0091_1753179416847_T_1_mask_aug3.png
91_aug4,0091_1753179416847_T_1.png,data/phantom_taobao/images_aug/0091_1753179416847_T_1_aug4.png,1114833733400,1753179416847,4,70,8/10.0,4.0,530,557,71.97725912627169,phantom_taobao,1,positive,data/phantom_taobao/masks_aug/0091_1753179416847_T_1_mask_aug4.png
91_aug5,0091_1753179416847_T_1.png,data/phantom_taobao/images_aug/0091_1753179416847_T_1_aug5.png,1114833733400,1753179416847,4,70,8/10.0,4.0,530,557,71.97725912627169,phantom_taobao,1,positive,data/phantom_taobao/masks_aug/0091_1753179416847_T_1_mask_aug5.png
91_aug6,0091_1753179416847_T_1.png,data/phantom_taobao/images_aug/0091_1753179416847_T_1_aug6.png,1114833733400,1753179416847,4,70,8/10.0,4.0,530,557,71.97725912627169,phantom_taobao,1,positive,data/phantom_taobao/masks_aug/0091_1753179416847_T_1_mask_aug6.png
91_aug7,0091_1753179416847_T_1.png,data/phantom_taobao/images_aug/0091_1753179416847_T_1_aug7.png,1114833733400,1753179416847,4,70,8/10.0,4.0,530,557,71.97725912627169,phantom_taobao,1,positive,data/phantom_taobao/masks_aug/0091_1753179416847_T_1_mask_aug7.png
91_aug8,0091_1753179416847_T_1.png,data/phantom_taobao/images_aug/0091_1753179416847_T_1_aug8.png,1114833733400,1753179416847,4,70,8/10.0,4.0,530,557,71.97725912627169,phantom_taobao,1,positive,data/phantom_taobao/masks_aug/0091_1753179416847_T_1_mask_aug8.png
91_aug9,0091_1753179416847_T_1.png,data/phantom_taobao/images_aug/0091_1753179416847_T_1_aug9.png,1114833733400,1753179416847,4,70,8/10.0,4.0,530,557,71.97725912627169,phantom_taobao,1,positive,data/phantom_taobao/masks_aug/0091_1753179416847_T_1_mask_aug9.png
91_aug10,0091_1753179416847_T_1.png,data/phantom_taobao/images_aug/0091_1753179416847_T_1_aug10.png,1114833733400,1753179416847,4,70,8/10.0,4.0,530,557,71.97725912627169,phantom_taobao,1,positive,data/phantom_taobao/masks_aug/0091_1753179416847_T_1_mask_aug10.png
91_aug11,0091_1753179416847_T_1.png,data/phantom_taobao/images_aug/0091_1753179416847_T_1_aug11.png,1114833733400,1753179416847,4,70,8/10.0,4.0,530,557,71.97725912627169,phantom_taobao,1,positive,data/phantom_taobao/masks_aug/0091_1753179416847_T_1_mask_aug11.png
91_aug12,0091_1753179416847_T_1.png,data/phantom_taobao/images_aug/0091_1753179416847_T_1_aug12.png,1114833733400,1753179416847,4,70,8/10.0,4.0,530,557,71.97725912627169,phantom_taobao,1,positive,data/phantom_taobao/masks_aug/0091_1753179416847_T_1_mask_aug12.png
91_aug13,0091_1753179416847_T_1.png,data/phantom_taobao/images_aug/0091_1753179416847_T_1_aug13.png,1114833733400,1753179416847,4,70,8/10.0,4.0,530,557,71.97725912627169,phantom_taobao,1,positive,data/phantom_taobao/masks_aug/0091_1753179416847_T_1_mask_aug13.png
91_aug14,0091_1753179416847_T_1.png,data/phantom_taobao/images_aug/0091_1753179416847_T_1_aug14.png,1114833733400,1753179416847,4,70,8/10.0,4.0,530,557,71.97725912627169,phantom_taobao,1,positive,data/phantom_taobao/masks_aug/0091_1753179416847_T_1_mask_aug14.png
92_aug0,0092_1753179419267_T_1.png,data/phantom_taobao/images_aug/0092_1753179419267_T_1_aug0.png,1117247437660,1753179419267,4,70,8/10.0,4.0,530,557,71.97725912627169,phantom_taobao,1,positive,data/phantom_taobao/masks_aug/0092_1753179419267_T_1_mask_aug0.png
92_aug1,0092_1753179419267_T_1.png,data/phantom_taobao/images_aug/0092_1753179419267_T_1_aug1.png,1117247437660,1753179419267,4,70,8/10.0,4.0,530,557,71.97725912627169,phantom_taobao,1,positive,data/phantom_taobao/masks_aug/0092_1753179419267_T_1_mask_aug1.png
92_aug2,0092_1753179419267_T_1.png,data/phantom_taobao/images_aug/0092_1753179419267_T_1_aug2.png,1117247437660,1753179419267,4,70,8/10.0,4.0,530,557,71.97725912627169,phantom_taobao,1,positive,data/phantom_taobao/masks_aug/0092_1753179419267_T_1_mask_aug2.png
92_aug3,0092_1753179419267_T_1.png,data/phantom_taobao/images_aug/0092_1753179419267_T_1_aug3.png,1117247437660,1753179419267,4,70,8/10.0,4.0,530,557,71.97725912627169,phantom_taobao,1,positive,data/phantom_taobao/masks_aug/0092_1753179419267_T_1_mask_aug3.png
92_aug4,0092_1753179419267_T_1.png,data/phantom_taobao/images_aug/0092_1753179419267_T_1_aug4.png,1117247437660,1753179419267,4,70,8/10.0,4.0,530,557,71.97725912627169,phantom_taobao,1,positive,data/phantom_taobao/masks_aug/0092_1753179419267_T_1_mask_aug4.png
92_aug5,0092_1753179419267_T_1.png,data/phantom_taobao/images_aug/0092_1753179419267_T_1_aug5.png,1117247437660,1753179419267,4,70,8/10.0,4.0,530,557,71.97725912627169,phantom_taobao,1,positive,data/phantom_taobao/masks_aug/0092_1753179419267_T_1_mask_aug5.png
92_aug6,0092_1753179419267_T_1.png,data/phantom_taobao/images_aug/0092_1753179419267_T_1_aug6.png,1117247437660,1753179419267,4,70,8/10.0,4.0,530,557,71.97725912627169,phantom_taobao,1,positive,data/phantom_taobao/masks_aug/0092_1753179419267_T_1_mask_aug6.png
92_aug7,0092_1753179419267_T_1.png,data/phantom_taobao/images_aug/0092_1753179419267_T_1_aug7.png,1117247437660,1753179419267,4,70,8/10.0,4.0,530,557,71.97725912627169,phantom_taobao,1,positive,data/phantom_taobao/masks_aug/0092_1753179419267_T_1_mask_aug7.png
92_aug8,0092_1753179419267_T_1.png,data/phantom_taobao/images_aug/0092_1753179419267_T_1_aug8.png,1117247437660,1753179419267,4,70,8/10.0,4.0,530,557,71.97725912627169,phantom_taobao,1,positive,data/phantom_taobao/masks_aug/0092_1753179419267_T_1_mask_aug8.png
92_aug9,0092_1753179419267_T_1.png,data/phantom_taobao/images_aug/0092_1753179419267_T_1_aug9.png,1117247437660,1753179419267,4,70,8/10.0,4.0,530,557,71.97725912627169,phantom_taobao,1,positive,data/phantom_taobao/masks_aug/0092_1753179419267_T_1_mask_aug9.png
92_aug10,0092_1753179419267_T_1.png,data/phantom_taobao/images_aug/0092_1753179419267_T_1_aug10.png,1117247437660,1753179419267,4,70,8/10.0,4.0,530,557,71.97725912627169,phantom_taobao,1,positive,data/phantom_taobao/masks_aug/0092_1753179419267_T_1_mask_aug10.png
92_aug11,0092_1753179419267_T_1.png,data/phantom_taobao/images_aug/0092_1753179419267_T_1_aug11.png,1117247437660,1753179419267,4,70,8/10.0,4.0,530,557,71.97725912627169,phantom_taobao,1,positive,data/phantom_taobao/masks_aug/0092_1753179419267_T_1_mask_aug11.png
92_aug12,0092_1753179419267_T_1.png,data/phantom_taobao/images_aug/0092_1753179419267_T_1_aug12.png,1117247437660,1753179419267,4,70,8/10.0,4.0,530,557,71.97725912627169,phantom_taobao,1,positive,data/phantom_taobao/masks_aug/0092_1753179419267_T_1_mask_aug12.png
92_aug13,0092_1753179419267_T_1.png,data/phantom_taobao/images_aug/0092_1753179419267_T_1_aug13.png,1117247437660,1753179419267,4,70,8/10.0,4.0,530,557,71.97725912627169,phantom_taobao,1,positive,data/phantom_taobao/masks_aug/0092_1753179419267_T_1_mask_aug13.png
92_aug14,0092_1753179419267_T_1.png,data/phantom_taobao/images_aug/0092_1753179419267_T_1_aug14.png,1117247437660,1753179419267,4,70,8/10.0,4.0,530,557,71.97725912627169,phantom_taobao,1,positive,data/phantom_taobao/masks_aug/0092_1753179419267_T_1_mask_aug14.png
93_aug0,0093_1753179434124_T_1.png,data/phantom_taobao/images_aug/0093_1753179434124_T_1_aug0.png,1132059277500,1753179434124,4,70,8/10.0,4.0,530,557,71.97725912627169,phantom_taobao,1,positive,data/phantom_taobao/masks_aug/0093_1753179434124_T_1_mask_aug0.png
93_aug1,0093_1753179434124_T_1.png,data/phantom_taobao/images_aug/0093_1753179434124_T_1_aug1.png,1132059277500,1753179434124,4,70,8/10.0,4.0,530,557,71.97725912627169,phantom_taobao,1,positive,data/phantom_taobao/masks_aug/0093_1753179434124_T_1_mask_aug1.png
93_aug2,0093_1753179434124_T_1.png,data/phantom_taobao/images_aug/0093_1753179434124_T_1_aug2.png,1132059277500,1753179434124,4,70,8/10.0,4.0,530,557,71.97725912627169,phantom_taobao,1,positive,data/phantom_taobao/masks_aug/0093_1753179434124_T_1_mask_aug2.png
93_aug3,0093_1753179434124_T_1.png,data/phantom_taobao/images_aug/0093_1753179434124_T_1_aug3.png,1132059277500,1753179434124,4,70,8/10.0,4.0,530,557,71.97725912627169,phantom_taobao,1,positive,data/phantom_taobao/masks_aug/0093_1753179434124_T_1_mask_aug3.png
93_aug4,0093_1753179434124_T_1.png,data/phantom_taobao/images_aug/0093_1753179434124_T_1_aug4.png,1132059277500,1753179434124,4,70,8/10.0,4.0,530,557,71.97725912627169,phantom_taobao,1,positive,data/phantom_taobao/masks_aug/0093_1753179434124_T_1_mask_aug4.png
93_aug5,0093_1753179434124_T_1.png,data/phantom_taobao/images_aug/0093_1753179434124_T_1_aug5.png,1132059277500,1753179434124,4,70,8/10.0,4.0,530,557,71.97725912627169,phantom_taobao,1,positive,data/phantom_taobao/masks_aug/0093_1753179434124_T_1_mask_aug5.png
93_aug6,0093_1753179434124_T_1.png,data/phantom_taobao/images_aug/0093_1753179434124_T_1_aug6.png,1132059277500,1753179434124,4,70,8/10.0,4.0,530,557,71.97725912627169,phantom_taobao,1,positive,data/phantom_taobao/masks_aug/0093_1753179434124_T_1_mask_aug6.png
93_aug7,0093_1753179434124_T_1.png,data/phantom_taobao/images_aug/0093_1753179434124_T_1_aug7.png,1132059277500,1753179434124,4,70,8/10.0,4.0,530,557,71.97725912627169,phantom_taobao,1,positive,data/phantom_taobao/masks_aug/0093_1753179434124_T_1_mask_aug7.png
93_aug8,0093_1753179434124_T_1.png,data/phantom_taobao/images_aug/0093_1753179434124_T_1_aug8.png,1132059277500,1753179434124,4,70,8/10.0,4.0,530,557,71.97725912627169,phantom_taobao,1,positive,data/phantom_taobao/masks_aug/0093_1753179434124_T_1_mask_aug8.png
93_aug9,0093_1753179434124_T_1.png,data/phantom_taobao/images_aug/0093_1753179434124_T_1_aug9.png,1132059277500,1753179434124,4,70,8/10.0,4.0,530,557,71.97725912627169,phantom_taobao,1,positive,data/phantom_taobao/masks_aug/0093_1753179434124_T_1_mask_aug9.png
93_aug10,0093_1753179434124_T_1.png,data/phantom_taobao/images_aug/0093_1753179434124_T_1_aug10.png,1132059277500,1753179434124,4,70,8/10.0,4.0,530,557,71.97725912627169,phantom_taobao,1,positive,data/phantom_taobao/masks_aug/0093_1753179434124_T_1_mask_aug10.png
93_aug11,0093_1753179434124_T_1.png,data/phantom_taobao/images_aug/0093_1753179434124_T_1_aug11.png,1132059277500,1753179434124,4,70,8/10.0,4.0,530,557,71.97725912627169,phantom_taobao,1,positive,data/phantom_taobao/masks_aug/0093_1753179434124_T_1_mask_aug11.png
93_aug12,0093_1753179434124_T_1.png,data/phantom_taobao/images_aug/0093_1753179434124_T_1_aug12.png,1132059277500,1753179434124,4,70,8/10.0,4.0,530,557,71.97725912627169,phantom_taobao,1,positive,data/phantom_taobao/masks_aug/0093_1753179434124_T_1_mask_aug12.png
93_aug13,0093_1753179434124_T_1.png,data/phantom_taobao/images_aug/0093_1753179434124_T_1_aug13.png,1132059277500,1753179434124,4,70,8/10.0,4.0,530,557,71.97725912627169,phantom_taobao,1,positive,data/phantom_taobao/masks_aug/0093_1753179434124_T_1_mask_aug13.png
93_aug14,0093_1753179434124_T_1.png,data/phantom_taobao/images_aug/0093_1753179434124_T_1_aug14.png,1132059277500,1753179434124,4,70,8/10.0,4.0,530,557,71.97725912627169,phantom_taobao,1,positive,data/phantom_taobao/masks_aug/0093_1753179434124_T_1_mask_aug14.png
94_aug0,0094_1753179439006_T_1.png,data/phantom_taobao/images_aug/0094_1753179439006_T_1_aug0.png,1136954073280,1753179439006,4,70,8/10.0,4.0,530,557,71.97725912627169,phantom_taobao,1,positive,data/phantom_taobao/masks_aug/0094_1753179439006_T_1_mask_aug0.png
94_aug1,0094_1753179439006_T_1.png,data/phantom_taobao/images_aug/0094_1753179439006_T_1_aug1.png,1136954073280,1753179439006,4,70,8/10.0,4.0,530,557,71.97725912627169,phantom_taobao,1,positive,data/phantom_taobao/masks_aug/0094_1753179439006_T_1_mask_aug1.png
94_aug2,0094_1753179439006_T_1.png,data/phantom_taobao/images_aug/0094_1753179439006_T_1_aug2.png,1136954073280,1753179439006,4,70,8/10.0,4.0,530,557,71.97725912627169,phantom_taobao,1,positive,data/phantom_taobao/masks_aug/0094_1753179439006_T_1_mask_aug2.png
94_aug3,0094_1753179439006_T_1.png,data/phantom_taobao/images_aug/0094_1753179439006_T_1_aug3.png,1136954073280,1753179439006,4,70,8/10.0,4.0,530,557,71.97725912627169,phantom_taobao,1,positive,data/phantom_taobao/masks_aug/0094_1753179439006_T_1_mask_aug3.png
94_aug4,0094_1753179439006_T_1.png,data/phantom_taobao/images_aug/0094_1753179439006_T_1_aug4.png,1136954073280,1753179439006,4,70,8/10.0,4.0,530,557,71.97725912627169,phantom_taobao,1,positive,data/phantom_taobao/masks_aug/0094_1753179439006_T_1_mask_aug4.png
94_aug5,0094_1753179439006_T_1.png,data/phantom_taobao/images_aug/0094_1753179439006_T_1_aug5.png,1136954073280,1753179439006,4,70,8/10.0,4.0,530,557,71.97725912627169,phantom_taobao,1,positive,data/phantom_taobao/masks_aug/0094_1753179439006_T_1_mask_aug5.png
94_aug6,0094_1753179439006_T_1.png,data/phantom_taobao/images_aug/0094_1753179439006_T_1_aug6.png,1136954073280,1753179439006,4,70,8/10.0,4.0,530,557,71.97725912627169,phantom_taobao,1,positive,data/phantom_taobao/masks_aug/0094_1753179439006_T_1_mask_aug6.png
94_aug7,0094_1753179439006_T_1.png,data/phantom_taobao/images_aug/0094_1753179439006_T_1_aug7.png,1136954073280,1753179439006,4,70,8/10.0,4.0,530,557,71.97725912627169,phantom_taobao,1,positive,data/phantom_taobao/masks_aug/0094_1753179439006_T_1_mask_aug7.png
94_aug8,0094_1753179439006_T_1.png,data/phantom_taobao/images_aug/0094_1753179439006_T_1_aug8.png,1136954073280,1753179439006,4,70,8/10.0,4.0,530,557,71.97725912627169,phantom_taobao,1,positive,data/phantom_taobao/masks_aug/0094_1753179439006_T_1_mask_aug8.png
94_aug9,0094_1753179439006_T_1.png,data/phantom_taobao/images_aug/0094_1753179439006_T_1_aug9.png,1136954073280,1753179439006,4,70,8/10.0,4.0,530,557,71.97725912627169,phantom_taobao,1,positive,data/phantom_taobao/masks_aug/0094_1753179439006_T_1_mask_aug9.png
94_aug10,0094_1753179439006_T_1.png,data/phantom_taobao/images_aug/0094_1753179439006_T_1_aug10.png,1136954073280,1753179439006,4,70,8/10.0,4.0,530,557,71.97725912627169,phantom_taobao,1,positive,data/phantom_taobao/masks_aug/0094_1753179439006_T_1_mask_aug10.png
94_aug11,0094_1753179439006_T_1.png,data/phantom_taobao/images_aug/0094_1753179439006_T_1_aug11.png,1136954073280,1753179439006,4,70,8/10.0,4.0,530,557,71.97725912627169,phantom_taobao,1,positive,data/phantom_taobao/masks_aug/0094_1753179439006_T_1_mask_aug11.png
94_aug12,0094_1753179439006_T_1.png,data/phantom_taobao/images_aug/0094_1753179439006_T_1_aug12.png,1136954073280,1753179439006,4,70,8/10.0,4.0,530,557,71.97725912627169,phantom_taobao,1,positive,data/phantom_taobao/masks_aug/0094_1753179439006_T_1_mask_aug12.png
94_aug13,0094_1753179439006_T_1.png,data/phantom_taobao/images_aug/0094_1753179439006_T_1_aug13.png,1136954073280,1753179439006,4,70,8/10.0,4.0,530,557,71.97725912627169,phantom_taobao,1,positive,data/phantom_taobao/masks_aug/0094_1753179439006_T_1_mask_aug13.png
94_aug14,0094_1753179439006_T_1.png,data/phantom_taobao/images_aug/0094_1753179439006_T_1_aug14.png,1136954073280,1753179439006,4,70,8/10.0,4.0,530,557,71.97725912627169,phantom_taobao,1,positive,data/phantom_taobao/masks_aug/0094_1753179439006_T_1_mask_aug14.png
95_aug0,0095_1753179442644_T_1.png,data/phantom_taobao/images_aug/0095_1753179442644_T_1_aug0.png,1140640087580,1753179442644,4,70,8/10.0,4.0,530,557,71.97725912627169,phantom_taobao,1,positive,data/phantom_taobao/masks_aug/0095_1753179442644_T_1_mask_aug0.png
95_aug1,0095_1753179442644_T_1.png,data/phantom_taobao/images_aug/0095_1753179442644_T_1_aug1.png,1140640087580,1753179442644,4,70,8/10.0,4.0,530,557,71.97725912627169,phantom_taobao,1,positive,data/phantom_taobao/masks_aug/0095_1753179442644_T_1_mask_aug1.png
95_aug2,0095_1753179442644_T_1.png,data/phantom_taobao/images_aug/0095_1753179442644_T_1_aug2.png,1140640087580,1753179442644,4,70,8/10.0,4.0,530,557,71.97725912627169,phantom_taobao,1,positive,data/phantom_taobao/masks_aug/0095_1753179442644_T_1_mask_aug2.png
95_aug3,0095_1753179442644_T_1.png,data/phantom_taobao/images_aug/0095_1753179442644_T_1_aug3.png,1140640087580,1753179442644,4,70,8/10.0,4.0,530,557,71.97725912627169,phantom_taobao,1,positive,data/phantom_taobao/masks_aug/0095_1753179442644_T_1_mask_aug3.png
95_aug4,0095_1753179442644_T_1.png,data/phantom_taobao/images_aug/0095_1753179442644_T_1_aug4.png,1140640087580,1753179442644,4,70,8/10.0,4.0,530,557,71.97725912627169,phantom_taobao,1,positive,data/phantom_taobao/masks_aug/0095_1753179442644_T_1_mask_aug4.png
95_aug5,0095_1753179442644_T_1.png,data/phantom_taobao/images_aug/0095_1753179442644_T_1_aug5.png,1140640087580,1753179442644,4,70,8/10.0,4.0,530,557,71.97725912627169,phantom_taobao,1,positive,data/phantom_taobao/masks_aug/0095_1753179442644_T_1_mask_aug5.png
95_aug6,0095_1753179442644_T_1.png,data/phantom_taobao/images_aug/0095_1753179442644_T_1_aug6.png,1140640087580,1753179442644,4,70,8/10.0,4.0,530,557,71.97725912627169,phantom_taobao,1,positive,data/phantom_taobao/masks_aug/0095_1753179442644_T_1_mask_aug6.png
95_aug7,0095_1753179442644_T_1.png,data/phantom_taobao/images_aug/0095_1753179442644_T_1_aug7.png,1140640087580,1753179442644,4,70,8/10.0,4.0,530,557,71.97725912627169,phantom_taobao,1,positive,data/phantom_taobao/masks_aug/0095_1753179442644_T_1_mask_aug7.png
95_aug8,0095_1753179442644_T_1.png,data/phantom_taobao/images_aug/0095_1753179442644_T_1_aug8.png,1140640087580,1753179442644,4,70,8/10.0,4.0,530,557,71.97725912627169,phantom_taobao,1,positive,data/phantom_taobao/masks_aug/0095_1753179442644_T_1_mask_aug8.png
95_aug9,0095_1753179442644_T_1.png,data/phantom_taobao/images_aug/0095_1753179442644_T_1_aug9.png,1140640087580,1753179442644,4,70,8/10.0,4.0,530,557,71.97725912627169,phantom_taobao,1,positive,data/phantom_taobao/masks_aug/0095_1753179442644_T_1_mask_aug9.png
95_aug10,0095_1753179442644_T_1.png,data/phantom_taobao/images_aug/0095_1753179442644_T_1_aug10.png,1140640087580,1753179442644,4,70,8/10.0,4.0,530,557,71.97725912627169,phantom_taobao,1,positive,data/phantom_taobao/masks_aug/0095_1753179442644_T_1_mask_aug10.png
95_aug11,0095_1753179442644_T_1.png,data/phantom_taobao/images_aug/0095_1753179442644_T_1_aug11.png,1140640087580,1753179442644,4,70,8/10.0,4.0,530,557,71.97725912627169,phantom_taobao,1,positive,data/phantom_taobao/masks_aug/0095_1753179442644_T_1_mask_aug11.png
95_aug12,0095_1753179442644_T_1.png,data/phantom_taobao/images_aug/0095_1753179442644_T_1_aug12.png,1140640087580,1753179442644,4,70,8/10.0,4.0,530,557,71.97725912627169,phantom_taobao,1,positive,data/phantom_taobao/masks_aug/0095_1753179442644_T_1_mask_aug12.png
95_aug13,0095_1753179442644_T_1.png,data/phantom_taobao/images_aug/0095_1753179442644_T_1_aug13.png,1140640087580,1753179442644,4,70,8/10.0,4.0,530,557,71.97725912627169,phantom_taobao,1,positive,data/phantom_taobao/masks_aug/0095_1753179442644_T_1_mask_aug13.png
95_aug14,0095_1753179442644_T_1.png,data/phantom_taobao/images_aug/0095_1753179442644_T_1_aug14.png,1140640087580,1753179442644,4,70,8/10.0,4.0,530,557,71.97725912627169,phantom_taobao,1,positive,data/phantom_taobao/masks_aug/0095_1753179442644_T_1_mask_aug14.png
96_aug0,0096_1753179445747_T_1.png,data/phantom_taobao/images_aug/0096_1753179445747_T_1_aug0.png,1143723850480,1753179445747,4,70,8/10.0,4.0,530,557,71.97725912627169,phantom_taobao,1,positive,data/phantom_taobao/masks_aug/0096_1753179445747_T_1_mask_aug0.png
96_aug1,0096_1753179445747_T_1.png,data/phantom_taobao/images_aug/0096_1753179445747_T_1_aug1.png,1143723850480,1753179445747,4,70,8/10.0,4.0,530,557,71.97725912627169,phantom_taobao,1,positive,data/phantom_taobao/masks_aug/0096_1753179445747_T_1_mask_aug1.png
96_aug2,0096_1753179445747_T_1.png,data/phantom_taobao/images_aug/0096_1753179445747_T_1_aug2.png,1143723850480,1753179445747,4,70,8/10.0,4.0,530,557,71.97725912627169,phantom_taobao,1,positive,data/phantom_taobao/masks_aug/0096_1753179445747_T_1_mask_aug2.png
96_aug3,0096_1753179445747_T_1.png,data/phantom_taobao/images_aug/0096_1753179445747_T_1_aug3.png,1143723850480,1753179445747,4,70,8/10.0,4.0,530,557,71.97725912627169,phantom_taobao,1,positive,data/phantom_taobao/masks_aug/0096_1753179445747_T_1_mask_aug3.png
96_aug4,0096_1753179445747_T_1.png,data/phantom_taobao/images_aug/0096_1753179445747_T_1_aug4.png,1143723850480,1753179445747,4,70,8/10.0,4.0,530,557,71.97725912627169,phantom_taobao,1,positive,data/phantom_taobao/masks_aug/0096_1753179445747_T_1_mask_aug4.png
96_aug5,0096_1753179445747_T_1.png,data/phantom_taobao/images_aug/0096_1753179445747_T_1_aug5.png,1143723850480,1753179445747,4,70,8/10.0,4.0,530,557,71.97725912627169,phantom_taobao,1,positive,data/phantom_taobao/masks_aug/0096_1753179445747_T_1_mask_aug5.png
96_aug6,0096_1753179445747_T_1.png,data/phantom_taobao/images_aug/0096_1753179445747_T_1_aug6.png,1143723850480,1753179445747,4,70,8/10.0,4.0,530,557,71.97725912627169,phantom_taobao,1,positive,data/phantom_taobao/masks_aug/0096_1753179445747_T_1_mask_aug6.png
96_aug7,0096_1753179445747_T_1.png,data/phantom_taobao/images_aug/0096_1753179445747_T_1_aug7.png,1143723850480,1753179445747,4,70,8/10.0,4.0,530,557,71.97725912627169,phantom_taobao,1,positive,data/phantom_taobao/masks_aug/0096_1753179445747_T_1_mask_aug7.png
96_aug8,0096_1753179445747_T_1.png,data/phantom_taobao/images_aug/0096_1753179445747_T_1_aug8.png,1143723850480,1753179445747,4,70,8/10.0,4.0,530,557,71.97725912627169,phantom_taobao,1,positive,data/phantom_taobao/masks_aug/0096_1753179445747_T_1_mask_aug8.png
96_aug9,0096_1753179445747_T_1.png,data/phantom_taobao/images_aug/0096_1753179445747_T_1_aug9.png,1143723850480,1753179445747,4,70,8/10.0,4.0,530,557,71.97725912627169,phantom_taobao,1,positive,data/phantom_taobao/masks_aug/0096_1753179445747_T_1_mask_aug9.png
96_aug10,0096_1753179445747_T_1.png,data/phantom_taobao/images_aug/0096_1753179445747_T_1_aug10.png,1143723850480,1753179445747,4,70,8/10.0,4.0,530,557,71.97725912627169,phantom_taobao,1,positive,data/phantom_taobao/masks_aug/0096_1753179445747_T_1_mask_aug10.png
96_aug11,0096_1753179445747_T_1.png,data/phantom_taobao/images_aug/0096_1753179445747_T_1_aug11.png,1143723850480,1753179445747,4,70,8/10.0,4.0,530,557,71.97725912627169,phantom_taobao,1,positive,data/phantom_taobao/masks_aug/0096_1753179445747_T_1_mask_aug11.png
96_aug12,0096_1753179445747_T_1.png,data/phantom_taobao/images_aug/0096_1753179445747_T_1_aug12.png,1143723850480,1753179445747,4,70,8/10.0,4.0,530,557,71.97725912627169,phantom_taobao,1,positive,data/phantom_taobao/masks_aug/0096_1753179445747_T_1_mask_aug12.png
96_aug13,0096_1753179445747_T_1.png,data/phantom_taobao/images_aug/0096_1753179445747_T_1_aug13.png,1143723850480,1753179445747,4,70,8/10.0,4.0,530,557,71.97725912627169,phantom_taobao,1,positive,data/phantom_taobao/masks_aug/0096_1753179445747_T_1_mask_aug13.png
96_aug14,0096_1753179445747_T_1.png,data/phantom_taobao/images_aug/0096_1753179445747_T_1_aug14.png,1143723850480,1753179445747,4,70,8/10.0,4.0,530,557,71.97725912627169,phantom_taobao,1,positive,data/phantom_taobao/masks_aug/0096_1753179445747_T_1_mask_aug14.png
97_aug0,0097_1753179451810_T_1.png,data/phantom_taobao/images_aug/0097_1753179451810_T_1_aug0.png,1149757165980,1753179451810,4,70,8/10.0,4.0,530,557,71.97725912627169,phantom_taobao,1,positive,data/phantom_taobao/masks_aug/0097_1753179451810_T_1_mask_aug0.png
97_aug1,0097_1753179451810_T_1.png,data/phantom_taobao/images_aug/0097_1753179451810_T_1_aug1.png,1149757165980,1753179451810,4,70,8/10.0,4.0,530,557,71.97725912627169,phantom_taobao,1,positive,data/phantom_taobao/masks_aug/0097_1753179451810_T_1_mask_aug1.png
97_aug2,0097_1753179451810_T_1.png,data/phantom_taobao/images_aug/0097_1753179451810_T_1_aug2.png,1149757165980,1753179451810,4,70,8/10.0,4.0,530,557,71.97725912627169,phantom_taobao,1,positive,data/phantom_taobao/masks_aug/0097_1753179451810_T_1_mask_aug2.png
97_aug3,0097_1753179451810_T_1.png,data/phantom_taobao/images_aug/0097_1753179451810_T_1_aug3.png,1149757165980,1753179451810,4,70,8/10.0,4.0,530,557,71.97725912627169,phantom_taobao,1,positive,data/phantom_taobao/masks_aug/0097_1753179451810_T_1_mask_aug3.png
97_aug4,0097_1753179451810_T_1.png,data/phantom_taobao/images_aug/0097_1753179451810_T_1_aug4.png,1149757165980,1753179451810,4,70,8/10.0,4.0,530,557,71.97725912627169,phantom_taobao,1,positive,data/phantom_taobao/masks_aug/0097_1753179451810_T_1_mask_aug4.png
97_aug5,0097_1753179451810_T_1.png,data/phantom_taobao/images_aug/0097_1753179451810_T_1_aug5.png,1149757165980,1753179451810,4,70,8/10.0,4.0,530,557,71.97725912627169,phantom_taobao,1,positive,data/phantom_taobao/masks_aug/0097_1753179451810_T_1_mask_aug5.png
97_aug6,0097_1753179451810_T_1.png,data/phantom_taobao/images_aug/0097_1753179451810_T_1_aug6.png,1149757165980,1753179451810,4,70,8/10.0,4.0,530,557,71.97725912627169,phantom_taobao,1,positive,data/phantom_taobao/masks_aug/0097_1753179451810_T_1_mask_aug6.png
97_aug7,0097_1753179451810_T_1.png,data/phantom_taobao/images_aug/0097_1753179451810_T_1_aug7.png,1149757165980,1753179451810,4,70,8/10.0,4.0,530,557,71.97725912627169,phantom_taobao,1,positive,data/phantom_taobao/masks_aug/0097_1753179451810_T_1_mask_aug7.png
97_aug8,0097_1753179451810_T_1.png,data/phantom_taobao/images_aug/0097_1753179451810_T_1_aug8.png,1149757165980,1753179451810,4,70,8/10.0,4.0,530,557,71.97725912627169,phantom_taobao,1,positive,data/phantom_taobao/masks_aug/0097_1753179451810_T_1_mask_aug8.png
97_aug9,0097_1753179451810_T_1.png,data/phantom_taobao/images_aug/0097_1753179451810_T_1_aug9.png,1149757165980,1753179451810,4,70,8/10.0,4.0,530,557,71.97725912627169,phantom_taobao,1,positive,data/phantom_taobao/masks_aug/0097_1753179451810_T_1_mask_aug9.png
97_aug10,0097_1753179451810_T_1.png,data/phantom_taobao/images_aug/0097_1753179451810_T_1_aug10.png,1149757165980,1753179451810,4,70,8/10.0,4.0,530,557,71.97725912627169,phantom_taobao,1,positive,data/phantom_taobao/masks_aug/0097_1753179451810_T_1_mask_aug10.png
97_aug11,0097_1753179451810_T_1.png,data/phantom_taobao/images_aug/0097_1753179451810_T_1_aug11.png,1149757165980,1753179451810,4,70,8/10.0,4.0,530,557,71.97725912627169,phantom_taobao,1,positive,data/phantom_taobao/masks_aug/0097_1753179451810_T_1_mask_aug11.png
97_aug12,0097_1753179451810_T_1.png,data/phantom_taobao/images_aug/0097_1753179451810_T_1_aug12.png,1149757165980,1753179451810,4,70,8/10.0,4.0,530,557,71.97725912627169,phantom_taobao,1,positive,data/phantom_taobao/masks_aug/0097_1753179451810_T_1_mask_aug12.png
97_aug13,0097_1753179451810_T_1.png,data/phantom_taobao/images_aug/0097_1753179451810_T_1_aug13.png,1149757165980,1753179451810,4,70,8/10.0,4.0,530,557,71.97725912627169,phantom_taobao,1,positive,data/phantom_taobao/masks_aug/0097_1753179451810_T_1_mask_aug13.png
97_aug14,0097_1753179451810_T_1.png,data/phantom_taobao/images_aug/0097_1753179451810_T_1_aug14.png,1149757165980,1753179451810,4,70,8/10.0,4.0,530,557,71.97725912627169,phantom_taobao,1,positive,data/phantom_taobao/masks_aug/0097_1753179451810_T_1_mask_aug14.png
98_aug0,0098_1753179454534_T_1.png,data/phantom_taobao/images_aug/0098_1753179454534_T_1_aug0.png,1152506363150,1753179454534,4,70,8/10.0,4.0,530,557,71.97725912627169,phantom_taobao,1,positive,data/phantom_taobao/masks_aug/0098_1753179454534_T_1_mask_aug0.png
98_aug1,0098_1753179454534_T_1.png,data/phantom_taobao/images_aug/0098_1753179454534_T_1_aug1.png,1152506363150,1753179454534,4,70,8/10.0,4.0,530,557,71.97725912627169,phantom_taobao,1,positive,data/phantom_taobao/masks_aug/0098_1753179454534_T_1_mask_aug1.png
98_aug2,0098_1753179454534_T_1.png,data/phantom_taobao/images_aug/0098_1753179454534_T_1_aug2.png,1152506363150,1753179454534,4,70,8/10.0,4.0,530,557,71.97725912627169,phantom_taobao,1,positive,data/phantom_taobao/masks_aug/0098_1753179454534_T_1_mask_aug2.png
98_aug3,0098_1753179454534_T_1.png,data/phantom_taobao/images_aug/0098_1753179454534_T_1_aug3.png,1152506363150,1753179454534,4,70,8/10.0,4.0,530,557,71.97725912627169,phantom_taobao,1,positive,data/phantom_taobao/masks_aug/0098_1753179454534_T_1_mask_aug3.png
98_aug4,0098_1753179454534_T_1.png,data/phantom_taobao/images_aug/0098_1753179454534_T_1_aug4.png,1152506363150,1753179454534,4,70,8/10.0,4.0,530,557,71.97725912627169,phantom_taobao,1,positive,data/phantom_taobao/masks_aug/0098_1753179454534_T_1_mask_aug4.png
98_aug5,0098_1753179454534_T_1.png,data/phantom_taobao/images_aug/0098_1753179454534_T_1_aug5.png,1152506363150,1753179454534,4,70,8/10.0,4.0,530,557,71.97725912627169,phantom_taobao,1,positive,data/phantom_taobao/masks_aug/0098_1753179454534_T_1_mask_aug5.png
98_aug6,0098_1753179454534_T_1.png,data/phantom_taobao/images_aug/0098_1753179454534_T_1_aug6.png,1152506363150,1753179454534,4,70,8/10.0,4.0,530,557,71.97725912627169,phantom_taobao,1,positive,data/phantom_taobao/masks_aug/0098_1753179454534_T_1_mask_aug6.png
98_aug7,0098_1753179454534_T_1.png,data/phantom_taobao/images_aug/0098_1753179454534_T_1_aug7.png,1152506363150,1753179454534,4,70,8/10.0,4.0,530,557,71.97725912627169,phantom_taobao,1,positive,data/phantom_taobao/masks_aug/0098_1753179454534_T_1_mask_aug7.png
98_aug8,0098_1753179454534_T_1.png,data/phantom_taobao/images_aug/0098_1753179454534_T_1_aug8.png,1152506363150,1753179454534,4,70,8/10.0,4.0,530,557,71.97725912627169,phantom_taobao,1,positive,data/phantom_taobao/masks_aug/0098_1753179454534_T_1_mask_aug8.png
98_aug9,0098_1753179454534_T_1.png,data/phantom_taobao/images_aug/0098_1753179454534_T_1_aug9.png,1152506363150,1753179454534,4,70,8/10.0,4.0,530,557,71.97725912627169,phantom_taobao,1,positive,data/phantom_taobao/masks_aug/0098_1753179454534_T_1_mask_aug9.png
98_aug10,0098_1753179454534_T_1.png,data/phantom_taobao/images_aug/0098_1753179454534_T_1_aug10.png,1152506363150,1753179454534,4,70,8/10.0,4.0,530,557,71.97725912627169,phantom_taobao,1,positive,data/phantom_taobao/masks_aug/0098_1753179454534_T_1_mask_aug10.png
98_aug11,0098_1753179454534_T_1.png,data/phantom_taobao/images_aug/0098_1753179454534_T_1_aug11.png,1152506363150,1753179454534,4,70,8/10.0,4.0,530,557,71.97725912627169,phantom_taobao,1,positive,data/phantom_taobao/masks_aug/0098_1753179454534_T_1_mask_aug11.png
98_aug12,0098_1753179454534_T_1.png,data/phantom_taobao/images_aug/0098_1753179454534_T_1_aug12.png,1152506363150,1753179454534,4,70,8/10.0,4.0,530,557,71.97725912627169,phantom_taobao,1,positive,data/phantom_taobao/masks_aug/0098_1753179454534_T_1_mask_aug12.png
98_aug13,0098_1753179454534_T_1.png,data/phantom_taobao/images_aug/0098_1753179454534_T_1_aug13.png,1152506363150,1753179454534,4,70,8/10.0,4.0,530,557,71.97725912627169,phantom_taobao,1,positive,data/phantom_taobao/masks_aug/0098_1753179454534_T_1_mask_aug13.png
98_aug14,0098_1753179454534_T_1.png,data/phantom_taobao/images_aug/0098_1753179454534_T_1_aug14.png,1152506363150,1753179454534,4,70,8/10.0,4.0,530,557,71.97725912627169,phantom_taobao,1,positive,data/phantom_taobao/masks_aug/0098_1753179454534_T_1_mask_aug14.png
99_aug0,0099_1753179457511_T_1.png,data/phantom_taobao/images_aug/0099_1753179457511_T_1_aug0.png,1155456369110,1753179457511,4,70,8/10.0,4.0,530,557,71.97725912627169,phantom_taobao,1,positive,data/phantom_taobao/masks_aug/0099_1753179457511_T_1_mask_aug0.png
99_aug1,0099_1753179457511_T_1.png,data/phantom_taobao/images_aug/0099_1753179457511_T_1_aug1.png,1155456369110,1753179457511,4,70,8/10.0,4.0,530,557,71.97725912627169,phantom_taobao,1,positive,data/phantom_taobao/masks_aug/0099_1753179457511_T_1_mask_aug1.png
99_aug2,0099_1753179457511_T_1.png,data/phantom_taobao/images_aug/0099_1753179457511_T_1_aug2.png,1155456369110,1753179457511,4,70,8/10.0,4.0,530,557,71.97725912627169,phantom_taobao,1,positive,data/phantom_taobao/masks_aug/0099_1753179457511_T_1_mask_aug2.png
99_aug3,0099_1753179457511_T_1.png,data/phantom_taobao/images_aug/0099_1753179457511_T_1_aug3.png,1155456369110,1753179457511,4,70,8/10.0,4.0,530,557,71.97725912627169,phantom_taobao,1,positive,data/phantom_taobao/masks_aug/0099_1753179457511_T_1_mask_aug3.png
99_aug4,0099_1753179457511_T_1.png,data/phantom_taobao/images_aug/0099_1753179457511_T_1_aug4.png,1155456369110,1753179457511,4,70,8/10.0,4.0,530,557,71.97725912627169,phantom_taobao,1,positive,data/phantom_taobao/masks_aug/0099_1753179457511_T_1_mask_aug4.png
99_aug5,0099_1753179457511_T_1.png,data/phantom_taobao/images_aug/0099_1753179457511_T_1_aug5.png,1155456369110,1753179457511,4,70,8/10.0,4.0,530,557,71.97725912627169,phantom_taobao,1,positive,data/phantom_taobao/masks_aug/0099_1753179457511_T_1_mask_aug5.png
99_aug6,0099_1753179457511_T_1.png,data/phantom_taobao/images_aug/0099_1753179457511_T_1_aug6.png,1155456369110,1753179457511,4,70,8/10.0,4.0,530,557,71.97725912627169,phantom_taobao,1,positive,data/phantom_taobao/masks_aug/0099_1753179457511_T_1_mask_aug6.png
99_aug7,0099_1753179457511_T_1.png,data/phantom_taobao/images_aug/0099_1753179457511_T_1_aug7.png,1155456369110,1753179457511,4,70,8/10.0,4.0,530,557,71.97725912627169,phantom_taobao,1,positive,data/phantom_taobao/masks_aug/0099_1753179457511_T_1_mask_aug7.png
99_aug8,0099_1753179457511_T_1.png,data/phantom_taobao/images_aug/0099_1753179457511_T_1_aug8.png,1155456369110,1753179457511,4,70,8/10.0,4.0,530,557,71.97725912627169,phantom_taobao,1,positive,data/phantom_taobao/masks_aug/0099_1753179457511_T_1_mask_aug8.png
99_aug9,0099_1753179457511_T_1.png,data/phantom_taobao/images_aug/0099_1753179457511_T_1_aug9.png,1155456369110,1753179457511,4,70,8/10.0,4.0,530,557,71.97725912627169,phantom_taobao,1,positive,data/phantom_taobao/masks_aug/0099_1753179457511_T_1_mask_aug9.png
99_aug10,0099_1753179457511_T_1.png,data/phantom_taobao/images_aug/0099_1753179457511_T_1_aug10.png,1155456369110,1753179457511,4,70,8/10.0,4.0,530,557,71.97725912627169,phantom_taobao,1,positive,data/phantom_taobao/masks_aug/0099_1753179457511_T_1_mask_aug10.png
99_aug11,0099_1753179457511_T_1.png,data/phantom_taobao/images_aug/0099_1753179457511_T_1_aug11.png,1155456369110,1753179457511,4,70,8/10.0,4.0,530,557,71.97725912627169,phantom_taobao,1,positive,data/phantom_taobao/masks_aug/0099_1753179457511_T_1_mask_aug11.png
99_aug12,0099_1753179457511_T_1.png,data/phantom_taobao/images_aug/0099_1753179457511_T_1_aug12.png,1155456369110,1753179457511,4,70,8/10.0,4.0,530,557,71.97725912627169,phantom_taobao,1,positive,data/phantom_taobao/masks_aug/0099_1753179457511_T_1_mask_aug12.png
99_aug13,0099_1753179457511_T_1.png,data/phantom_taobao/images_aug/0099_1753179457511_T_1_aug13.png,1155456369110,1753179457511,4,70,8/10.0,4.0,530,557,71.97725912627169,phantom_taobao,1,positive,data/phantom_taobao/masks_aug/0099_1753179457511_T_1_mask_aug13.png
99_aug14,0099_1753179457511_T_1.png,data/phantom_taobao/images_aug/0099_1753179457511_T_1_aug14.png,1155456369110,1753179457511,4,70,8/10.0,4.0,530,557,71.97725912627169,phantom_taobao,1,positive,data/phantom_taobao/masks_aug/0099_1753179457511_T_1_mask_aug14.png
102_aug0,0102_1753179471786_T_1.png,data/phantom_taobao/images_aug/0102_1753179471786_T_1_aug0.png,1169727141100,1753179471786,4,70,8/10.0,4.0,530,557,71.97725912627169,phantom_taobao,1,positive,data/phantom_taobao/masks_aug/0102_1753179471786_T_1_mask_aug0.png
102_aug1,0102_1753179471786_T_1.png,data/phantom_taobao/images_aug/0102_1753179471786_T_1_aug1.png,1169727141100,1753179471786,4,70,8/10.0,4.0,530,557,71.97725912627169,phantom_taobao,1,positive,data/phantom_taobao/masks_aug/0102_1753179471786_T_1_mask_aug1.png
102_aug2,0102_1753179471786_T_1.png,data/phantom_taobao/images_aug/0102_1753179471786_T_1_aug2.png,1169727141100,1753179471786,4,70,8/10.0,4.0,530,557,71.97725912627169,phantom_taobao,1,positive,data/phantom_taobao/masks_aug/0102_1753179471786_T_1_mask_aug2.png
102_aug3,0102_1753179471786_T_1.png,data/phantom_taobao/images_aug/0102_1753179471786_T_1_aug3.png,1169727141100,1753179471786,4,70,8/10.0,4.0,530,557,71.97725912627169,phantom_taobao,1,positive,data/phantom_taobao/masks_aug/0102_1753179471786_T_1_mask_aug3.png
102_aug4,0102_1753179471786_T_1.png,data/phantom_taobao/images_aug/0102_1753179471786_T_1_aug4.png,1169727141100,1753179471786,4,70,8/10.0,4.0,530,557,71.97725912627169,phantom_taobao,1,positive,data/phantom_taobao/masks_aug/0102_1753179471786_T_1_mask_aug4.png
102_aug5,0102_1753179471786_T_1.png,data/phantom_taobao/images_aug/0102_1753179471786_T_1_aug5.png,1169727141100,1753179471786,4,70,8/10.0,4.0,530,557,71.97725912627169,phantom_taobao,1,positive,data/phantom_taobao/masks_aug/0102_1753179471786_T_1_mask_aug5.png
102_aug6,0102_1753179471786_T_1.png,data/phantom_taobao/images_aug/0102_1753179471786_T_1_aug6.png,1169727141100,1753179471786,4,70,8/10.0,4.0,530,557,71.97725912627169,phantom_taobao,1,positive,data/phantom_taobao/masks_aug/0102_1753179471786_T_1_mask_aug6.png
102_aug7,0102_1753179471786_T_1.png,data/phantom_taobao/images_aug/0102_1753179471786_T_1_aug7.png,1169727141100,1753179471786,4,70,8/10.0,4.0,530,557,71.97725912627169,phantom_taobao,1,positive,data/phantom_taobao/masks_aug/0102_1753179471786_T_1_mask_aug7.png
102_aug8,0102_1753179471786_T_1.png,data/phantom_taobao/images_aug/0102_1753179471786_T_1_aug8.png,1169727141100,1753179471786,4,70,8/10.0,4.0,530,557,71.97725912627169,phantom_taobao,1,positive,data/phantom_taobao/masks_aug/0102_1753179471786_T_1_mask_aug8.png
102_aug9,0102_1753179471786_T_1.png,data/phantom_taobao/images_aug/0102_1753179471786_T_1_aug9.png,1169727141100,1753179471786,4,70,8/10.0,4.0,530,557,71.97725912627169,phantom_taobao,1,positive,data/phantom_taobao/masks_aug/0102_1753179471786_T_1_mask_aug9.png
102_aug10,0102_1753179471786_T_1.png,data/phantom_taobao/images_aug/0102_1753179471786_T_1_aug10.png,1169727141100,1753179471786,4,70,8/10.0,4.0,530,557,71.97725912627169,phantom_taobao,1,positive,data/phantom_taobao/masks_aug/0102_1753179471786_T_1_mask_aug10.png
102_aug11,0102_1753179471786_T_1.png,data/phantom_taobao/images_aug/0102_1753179471786_T_1_aug11.png,1169727141100,1753179471786,4,70,8/10.0,4.0,530,557,71.97725912627169,phantom_taobao,1,positive,data/phantom_taobao/masks_aug/0102_1753179471786_T_1_mask_aug11.png
102_aug12,0102_1753179471786_T_1.png,data/phantom_taobao/images_aug/0102_1753179471786_T_1_aug12.png,1169727141100,1753179471786,4,70,8/10.0,4.0,530,557,71.97725912627169,phantom_taobao,1,positive,data/phantom_taobao/masks_aug/0102_1753179471786_T_1_mask_aug12.png
102_aug13,0102_1753179471786_T_1.png,data/phantom_taobao/images_aug/0102_1753179471786_T_1_aug13.png,1169727141100,1753179471786,4,70,8/10.0,4.0,530,557,71.97725912627169,phantom_taobao,1,positive,data/phantom_taobao/masks_aug/0102_1753179471786_T_1_mask_aug13.png
102_aug14,0102_1753179471786_T_1.png,data/phantom_taobao/images_aug/0102_1753179471786_T_1_aug14.png,1169727141100,1753179471786,4,70,8/10.0,4.0,530,557,71.97725912627169,phantom_taobao,1,positive,data/phantom_taobao/masks_aug/0102_1753179471786_T_1_mask_aug14.png
103_aug0,0103_1753179473965_T_1.png,data/phantom_taobao/images_aug/0103_1753179473965_T_1_aug0.png,1171938443230,1753179473965,4,70,8/10.0,4.0,530,557,71.97725912627169,phantom_taobao,1,positive,data/phantom_taobao/masks_aug/0103_1753179473965_T_1_mask_aug0.png
103_aug1,0103_1753179473965_T_1.png,data/phantom_taobao/images_aug/0103_1753179473965_T_1_aug1.png,1171938443230,1753179473965,4,70,8/10.0,4.0,530,557,71.97725912627169,phantom_taobao,1,positive,data/phantom_taobao/masks_aug/0103_1753179473965_T_1_mask_aug1.png
103_aug2,0103_1753179473965_T_1.png,data/phantom_taobao/images_aug/0103_1753179473965_T_1_aug2.png,1171938443230,1753179473965,4,70,8/10.0,4.0,530,557,71.97725912627169,phantom_taobao,1,positive,data/phantom_taobao/masks_aug/0103_1753179473965_T_1_mask_aug2.png
103_aug3,0103_1753179473965_T_1.png,data/phantom_taobao/images_aug/0103_1753179473965_T_1_aug3.png,1171938443230,1753179473965,4,70,8/10.0,4.0,530,557,71.97725912627169,phantom_taobao,1,positive,data/phantom_taobao/masks_aug/0103_1753179473965_T_1_mask_aug3.png
103_aug4,0103_1753179473965_T_1.png,data/phantom_taobao/images_aug/0103_1753179473965_T_1_aug4.png,1171938443230,1753179473965,4,70,8/10.0,4.0,530,557,71.97725912627169,phantom_taobao,1,positive,data/phantom_taobao/masks_aug/0103_1753179473965_T_1_mask_aug4.png
103_aug5,0103_1753179473965_T_1.png,data/phantom_taobao/images_aug/0103_1753179473965_T_1_aug5.png,1171938443230,1753179473965,4,70,8/10.0,4.0,530,557,71.97725912627169,phantom_taobao,1,positive,data/phantom_taobao/masks_aug/0103_1753179473965_T_1_mask_aug5.png
103_aug6,0103_1753179473965_T_1.png,data/phantom_taobao/images_aug/0103_1753179473965_T_1_aug6.png,1171938443230,1753179473965,4,70,8/10.0,4.0,530,557,71.97725912627169,phantom_taobao,1,positive,data/phantom_taobao/masks_aug/0103_1753179473965_T_1_mask_aug6.png
103_aug7,0103_1753179473965_T_1.png,data/phantom_taobao/images_aug/0103_1753179473965_T_1_aug7.png,1171938443230,1753179473965,4,70,8/10.0,4.0,530,557,71.97725912627169,phantom_taobao,1,positive,data/phantom_taobao/masks_aug/0103_1753179473965_T_1_mask_aug7.png
103_aug8,0103_1753179473965_T_1.png,data/phantom_taobao/images_aug/0103_1753179473965_T_1_aug8.png,1171938443230,1753179473965,4,70,8/10.0,4.0,530,557,71.97725912627169,phantom_taobao,1,positive,data/phantom_taobao/masks_aug/0103_1753179473965_T_1_mask_aug8.png
103_aug9,0103_1753179473965_T_1.png,data/phantom_taobao/images_aug/0103_1753179473965_T_1_aug9.png,1171938443230,1753179473965,4,70,8/10.0,4.0,530,557,71.97725912627169,phantom_taobao,1,positive,data/phantom_taobao/masks_aug/0103_1753179473965_T_1_mask_aug9.png
103_aug10,0103_1753179473965_T_1.png,data/phantom_taobao/images_aug/0103_1753179473965_T_1_aug10.png,1171938443230,1753179473965,4,70,8/10.0,4.0,530,557,71.97725912627169,phantom_taobao,1,positive,data/phantom_taobao/masks_aug/0103_1753179473965_T_1_mask_aug10.png
103_aug11,0103_1753179473965_T_1.png,data/phantom_taobao/images_aug/0103_1753179473965_T_1_aug11.png,1171938443230,1753179473965,4,70,8/10.0,4.0,530,557,71.97725912627169,phantom_taobao,1,positive,data/phantom_taobao/masks_aug/0103_1753179473965_T_1_mask_aug11.png
103_aug12,0103_1753179473965_T_1.png,data/phantom_taobao/images_aug/0103_1753179473965_T_1_aug12.png,1171938443230,1753179473965,4,70,8/10.0,4.0,530,557,71.97725912627169,phantom_taobao,1,positive,data/phantom_taobao/masks_aug/0103_1753179473965_T_1_mask_aug12.png
103_aug13,0103_1753179473965_T_1.png,data/phantom_taobao/images_aug/0103_1753179473965_T_1_aug13.png,1171938443230,1753179473965,4,70,8/10.0,4.0,530,557,71.97725912627169,phantom_taobao,1,positive,data/phantom_taobao/masks_aug/0103_1753179473965_T_1_mask_aug13.png
103_aug14,0103_1753179473965_T_1.png,data/phantom_taobao/images_aug/0103_1753179473965_T_1_aug14.png,1171938443230,1753179473965,4,70,8/10.0,4.0,530,557,71.97725912627169,phantom_taobao,1,positive,data/phantom_taobao/masks_aug/0103_1753179473965_T_1_mask_aug14.png
